county_state,cig_total_2012,cig_daily_2012
"Autauga, AL",25.1,18.41
"Baldwin, AL",20.9,16.02
"Barbour, AL",26.25,18.73
"Bibb, AL",29.41,22.62
"Blount, AL",27.17,19.88
"Bullock, AL",26.84,18.49
"Butler, AL",28.14,20.22
"Calhoun, AL",26.42,19.94
"Chambers, AL",28.18,20.96
"Cherokee, AL",25.76,19.77
"Chilton, AL",27.62,21.08
"Choctaw, AL",24.66,17.62
"Clarke, AL",24.2,17.74
"Clay, AL",28.87,22.55
"Cleburne, AL",28.52,22.84
"Coffee, AL",23.26,16.66
"Colbert, AL",25.16,18.69
"Conecuh, AL",27.43,19.82
"Coosa, AL",29.65,22.47
"Covington, AL",28.47,21.41
"Crenshaw, AL",27.32,20.37
"Cullman, AL",26.8,20.13
"Dale, AL",23.49,17.57
"Dallas, AL",26.39,18.02
"DeKalb, AL",27.46,20.89
"Elmore, AL",26.15,19.18
"Escambia, AL",27.42,20.77
"Etowah, AL",27.76,20.92
"Fayette, AL",27.04,21.0
"Franklin, AL",25.28,19.07
"Geneva, AL",27.21,20.96
"Greene, AL",25.99,16.75
"Hale, AL",26.06,17.6
"Henry, AL",23.39,17.19
"Houston, AL",24.85,18.3
"Jackson, AL",28.09,22.26
"Jefferson, AL",22.06,15.87
"Lamar, AL",26.07,19.99
"Lauderdale, AL",23.14,17.03
"Lawrence, AL",26.98,19.7
"Lee, AL",20.66,14.81
"Limestone, AL",23.59,17.11
"Lowndes, AL",25.5,16.64
"Macon, AL",24.63,16.09
"Madison, AL",19.97,14.04
"Marengo, AL",21.48,14.59
"Marion, AL",26.78,20.84
"Marshall, AL",27.46,21.02
"Mobile, AL",25.03,18.13
"Monroe, AL",26.29,19.72
"Montgomery, AL",21.57,14.74
"Morgan, AL",25.79,18.97
"Perry, AL",25.76,17.01
"Pickens, AL",26.69,19.25
"Pike, AL",22.17,16.14
"Randolph, AL",28.51,22.02
"Russell, AL",26.83,19.75
"St. Clair, AL",25.74,19.51
"Shelby, AL",17.69,12.71
"Sumter, AL",24.19,15.58
"Talladega, AL",26.41,20.0
"Tallapoosa, AL",26.83,19.79
"Tuscaloosa, AL",22.4,16.12
"Walker, AL",28.7,21.96
"Washington, AL",25.16,18.74
"Wilcox, AL",25.72,17.19
"Winston, AL",28.17,21.6
"Aleutians East, AK",24.63,15.64
"Aleutians West, AK",26.25,17.7
"Anchorage, AK",19.14,13.15
"Bethel, AK",33.11,22.13
"Bristol Bay, AK",27.69,19.6
"Denali Borough/Yukon-Koyukuk, AK",31.85,21.62
"Dillingham, AK",31.35,20.97
"Fairbanks North Star, AK",20.73,14.8
"Haines, AK",18.13,11.61
"Juneau City and, AK",18.76,12.31
"Kenai Peninsula, AK",23.09,16.62
"Kodiak Island, AK",22.44,15.21
"Lake and Peninsula, AK",30.07,19.55
"Matanuska-Susitna, AK",23.23,17.12
"Nome, AK",36.89,25.48
"North Slope, AK",35.39,25.53
"Northwest Arctic, AK",41.18,29.75
"Sitka City and, AK",18.82,12.78
"Hoonah-Angoon Census Area/Skagway Municipality/Yakutat City and, AK",21.74,13.94
"Southeast Fairbanks, AK",22.56,16.35
"Valdez-Cordova, AK",22.11,15.48
"Wade Hampton, AK",38.62,25.14
"Ketchikan Gateway Borough/Petersburg Census Area/Prince of Wales-Hyder Census Area/Wrangell City and, AK",22.69,15.31
"Apache, AZ",26.8,17.83
"Cochise, AZ",20.99,14.25
"Coconino, AZ",21.54,13.92
"Gila, AZ",26.69,19.22
"Graham, AZ",22.29,16.04
"Greenlee, AZ",20.67,13.84
"La Paz, AZ",26.75,18.27
"Maricopa, AZ",19.71,13.14
"Mohave, AZ",29.22,21.85
"Navajo, AZ",24.48,16.83
"Pima, AZ",19.53,13.31
"Pinal, AZ",23.56,17.29
"Santa Cruz, AZ",17.71,10.46
"Yavapai, AZ",23.69,16.58
"Yuma, AZ",19.08,12.0
"Arkansas, AR",27.6,20.82
"Ashley, AR",26.61,19.87
"Baxter, AR",27.4,21.18
"Benton, AR",20.88,15.64
"Boone, AR",26.57,20.86
"Bradley, AR",27.22,20.06
"Calhoun, AR",29.84,22.84
"Carroll, AR",24.58,18.71
"Chicot, AR",26.63,18.46
"Clark, AR",23.96,17.23
"Clay, AR",30.33,24.51
"Cleburne, AR",26.25,19.95
"Cleveland, AR",26.75,19.77
"Columbia, AR",24.82,17.94
"Conway, AR",27.09,20.36
"Craighead, AR",24.58,18.74
"Crawford, AR",29.17,22.25
"Crittenden, AR",27.03,19.4
"Cross, AR",28.22,21.06
"Dallas, AR",30.02,21.99
"Desha, AR",27.6,19.73
"Drew, AR",24.34,17.38
"Faulkner, AR",22.76,16.2
"Franklin, AR",28.45,22.18
"Fulton, AR",27.6,21.7
"Garland, AR",28.09,21.58
"Grant, AR",27.46,20.48
"Greene, AR",28.94,23.91
"Hempstead, AR",24.98,18.08
"Hot Spring, AR",30.36,23.33
"Howard, AR",27.7,20.2
"Independence, AR",26.72,20.81
"Izard, AR",27.83,21.73
"Jackson, AR",31.6,24.17
"Jefferson, AR",27.1,18.07
"Johnson, AR",25.4,19.64
"Lafayette, AR",27.19,19.62
"Lawrence, AR",29.49,23.69
"Lee, AR",30.3,22.02
"Lincoln, AR",30.6,21.84
"Little River, AR",27.4,20.3
"Logan, AR",28.69,22.89
"Lonoke, AR",25.34,18.82
"Madison, AR",28.31,22.09
"Marion, AR",28.33,21.57
"Miller, AR",28.29,21.36
"Mississippi, AR",29.41,22.06
"Monroe, AR",27.62,20.22
"Montgomery, AR",28.13,21.49
"Nevada, AR",27.02,20.11
"Newton, AR",25.7,20.0
"Ouachita, AR",27.08,19.73
"Perry, AR",29.85,23.08
"Phillips, AR",28.55,20.19
"Pike, AR",26.77,20.2
"Poinsett, AR",31.75,24.82
"Polk, AR",28.06,21.18
"Pope, AR",23.92,18.15
"Prairie, AR",27.16,20.84
"Pulaski, AR",23.13,14.9
"Randolph, AR",27.76,21.87
"St. Francis, AR",27.72,19.56
"Saline, AR",26.26,19.98
"Scott, AR",29.32,22.94
"Searcy, AR",29.01,22.4
"Sebastian, AR",27.81,21.11
"Sevier, AR",27.28,19.57
"Sharp, AR",28.52,22.26
"Stone, AR",28.07,21.75
"Union, AR",27.09,20.27
"Van Buren, AR",27.91,20.9
"Washington, AR",22.31,16.11
"White, AR",25.8,19.69
"Woodruff, AR",28.88,21.24
"Yell, AR",27.45,21.03
"Alameda, CA",12.93,8.62
"Alpine, CA",18.23,11.74
"Amador, CA",22.43,16.49
"Butte, CA",21.01,15.24
"Calaveras, CA",19.66,14.34
"Colusa, CA",19.69,13.07
"Contra Costa, CA",13.92,9.24
"Del Norte, CA",26.01,18.67
"El Dorado, CA",16.92,11.77
"Fresno, CA",17.28,11.35
"Glenn, CA",21.46,14.88
"Humboldt, CA",22.09,15.37
"Imperial, CA",16.22,9.58
"Inyo, CA",20.32,14.35
"Kern, CA",17.42,12.26
"Kings, CA",17.37,12.04
"Lake, CA",23.2,16.51
"Lassen, CA",24.35,16.87
"Los Angeles, CA",13.37,8.31
"Madera, CA",19.37,13.39
"Marin, CA",12.24,7.72
"Mariposa, CA",18.9,13.91
"Mendocino, CA",22.03,15.12
"Merced, CA",18.25,12.65
"Modoc, CA",20.94,14.55
"Mono, CA",17.58,12.03
"Monterey, CA",15.39,9.65
"Napa, CA",15.36,10.28
"Nevada, CA",16.42,11.09
"Orange, CA",11.85,7.82
"Placer, CA",15.01,10.34
"Plumas, CA",21.63,15.54
"Riverside, CA",17.08,11.38
"Sacramento, CA",18.26,12.65
"San Benito, CA",15.77,10.04
"San Bernardino, CA",17.31,11.2
"San Diego, CA",13.65,9.16
"San Francisco, CA",12.34,7.64
"San Joaquin, CA",18.99,13.63
"San Luis Obispo, CA",14.03,10.01
"San Mateo, CA",11.39,7.38
"Santa Barbara, CA",13.3,9.16
"Santa Clara, CA",11.25,7.07
"Santa Cruz, CA",13.58,8.58
"Shasta, CA",22.98,17.0
"Sierra, CA",22.29,15.64
"Siskiyou, CA",21.19,14.94
"Solano, CA",16.64,11.51
"Sonoma, CA",16.52,11.3
"Stanislaus, CA",18.97,13.48
"Sutter, CA",19.24,13.72
"Tehama, CA",23.92,17.48
"Trinity, CA",23.47,16.13
"Tulare, CA",16.76,11.38
"Tuolumne, CA",22.31,16.63
"Ventura, CA",13.12,8.87
"Yolo, CA",13.98,9.24
"Yuba, CA",21.46,15.57
"Alamosa, CO",19.29,12.76
"Arapahoe, CO",17.21,11.33
"Archuleta, CO",18.97,12.69
"Baca, CO",21.97,15.87
"Bent, CO",27.5,19.72
"Adams County/Boulder County/Broomfield County/Jefferson County/Weld, CO",18.68,12.33
"Chaffee, CO",21.55,14.59
"Cheyenne, CO",20.97,15.06
"Clear Creek, CO",18.78,12.51
"Conejos, CO",18.02,11.32
"Costilla, CO",20.4,12.67
"Crowley, CO",25.92,18.3
"Custer, CO",22.3,15.59
"Delta, CO",24.03,17.66
"Denver, CO",20.39,12.6
"Dolores, CO",22.05,16.07
"Douglas, CO",11.92,7.9
"Eagle, CO",13.7,8.58
"Elbert, CO",16.73,11.52
"El Paso, CO",18.02,13.27
"Fremont, CO",29.09,22.02
"Garfield, CO",19.09,13.55
"Gilpin, CO",20.48,14.03
"Grand, CO",19.89,13.7
"Gunnison, CO",14.23,8.9
"Hinsdale, CO",14.74,9.45
"Huerfano, CO",21.06,13.95
"Jackson, CO",20.23,14.36
"Kiowa, CO",19.76,14.09
"Kit Carson, CO",23.79,17.45
"Lake, CO",19.64,12.96
"La Plata, CO",16.91,10.97
"Larimer, CO",16.25,10.84
"Las Animas, CO",22.05,14.76
"Lincoln, CO",23.7,17.08
"Logan, CO",25.28,18.54
"Mesa, CO",21.59,16.27
"Mineral, CO",15.62,10.35
"Moffat, CO",23.03,17.69
"Montezuma, CO",19.83,13.7
"Montrose, CO",21.8,16.0
"Morgan, CO",22.95,16.35
"Otero, CO",23.87,16.47
"Ouray, CO",15.24,9.88
"Park, CO",20.05,13.37
"Phillips, CO",20.76,14.65
"Pitkin, CO",13.55,8.48
"Prowers, CO",21.55,15.22
"Pueblo, CO",22.98,15.77
"Rio Blanco, CO",18.34,13.16
"Rio Grande, CO",19.34,12.78
"Routt, CO",14.7,9.75
"Saguache, CO",21.47,14.12
"San Juan, CO",19.82,13.44
"San Miguel, CO",12.74,8.06
"Sedgwick, CO",22.87,16.57
"Summit, CO",14.36,9.29
"Teller, CO",23.17,16.52
"Washington, CO",21.6,15.48
"Yuma, CO",21.13,15.21
"Fairfield, CT",14.91,9.51
"Hartford, CT",17.9,12.47
"Litchfield, CT",19.21,13.57
"Middlesex, CT",17.35,12.36
"New Haven, CT",19.12,13.39
"New London, CT",18.83,13.24
"Tolland, CT",16.22,11.64
"Windham, CT",21.11,15.63
"Kent, DE",24.44,18.4
"New Castle, DE",19.85,14.16
"Sussex, DE",24.56,18.61
"District of Columbia, DC",19.63,11.21
"Alachua, FL",16.72,11.16
"Baker, FL",28.03,21.74
"Bay, FL",24.22,18.55
"Bradford, FL",26.99,20.51
"Brevard, FL",23.43,17.17
"Broward, FL",17.68,11.14
"Calhoun, FL",28.7,21.71
"Charlotte, FL",24.39,18.3
"Citrus, FL",26.54,20.61
"Clay, FL",20.45,14.83
"Collier, FL",19.07,12.58
"Columbia, FL",27.9,20.9
"DeSoto, FL",28.03,19.72
"Dixie, FL",29.22,22.27
"Duval, FL",21.79,15.15
"Escambia, FL",23.06,17.04
"Flagler, FL",24.14,17.9
"Franklin, FL",27.43,20.12
"Gadsden, FL",24.04,15.82
"Gilchrist, FL",26.75,20.3
"Glades, FL",26.92,19.1
"Gulf, FL",27.71,20.49
"Hamilton, FL",29.37,21.05
"Hardee, FL",25.26,18.25
"Hendry, FL",23.55,15.92
"Hernando, FL",26.26,20.14
"Highlands, FL",24.99,18.56
"Hillsborough, FL",19.67,14.2
"Holmes, FL",27.47,21.63
"Indian River, FL",23.57,16.73
"Jackson, FL",25.2,18.62
"Jefferson, FL",23.95,16.58
"Lafayette, FL",26.06,18.94
"Lake, FL",22.83,16.98
"Lee, FL",21.11,14.94
"Leon, FL",16.16,9.99
"Levy, FL",26.24,19.4
"Liberty, FL",27.51,19.86
"Madison, FL",25.86,18.4
"Manatee, FL",22.87,16.72
"Marion, FL",24.7,18.34
"Martin, FL",20.98,15.14
"Miami-Dade, FL",16.18,8.84
"Monroe, FL",20.12,13.29
"Nassau, FL",22.85,17.11
"Okaloosa, FL",21.62,15.65
"Okeechobee, FL",28.04,20.58
"Orange, FL",18.68,12.76
"Osceola, FL",20.46,13.96
"Palm Beach, FL",18.25,12.46
"Pasco, FL",25.23,18.78
"Pinellas, FL",23.23,17.17
"Polk, FL",23.97,17.71
"Putnam, FL",27.17,20.29
"St. Johns, FL",17.37,11.79
"St. Lucie, FL",24.1,17.1
"Santa Rosa, FL",21.89,16.02
"Sarasota, FL",23.69,17.11
"Seminole, FL",18.73,13.01
"Sumter, FL",25.71,19.1
"Suwannee, FL",27.15,20.2
"Taylor, FL",27.6,20.86
"Union, FL",27.98,21.22
"Volusia, FL",24.58,18.53
"Wakulla, FL",25.38,18.17
"Walton, FL",23.28,17.14
"Washington, FL",27.38,20.98
"Appling, GA",25.7,19.07
"Atkinson, GA",27.07,18.84
"Bacon, GA",27.52,20.66
"Baker, GA",26.14,18.63
"Baldwin, GA",24.18,17.24
"Banks, GA",24.62,19.01
"Barrow, GA",23.31,17.15
"Bartow, GA",25.82,19.57
"Ben Hill, GA",27.49,20.49
"Berrien, GA",28.13,20.48
"Bibb, GA",22.81,16.09
"Bleckley, GA",25.14,18.66
"Brantley, GA",30.17,23.34
"Brooks, GA",26.07,18.63
"Bryan, GA",20.05,13.86
"Bulloch, GA",20.67,14.32
"Burke, GA",26.73,19.35
"Butts, GA",27.66,20.0
"Calhoun, GA",25.77,17.24
"Camden, GA",23.07,16.94
"Candler, GA",24.24,17.33
"Carroll, GA",24.49,18.53
"Catoosa, GA",25.06,19.21
"Charlton, GA",29.75,21.96
"Chatham, GA",21.72,14.32
"Chattahoochee, GA",19.16,12.91
"Chattooga, GA",29.77,22.34
"Cherokee, GA",18.89,13.27
"Clarke, GA",17.59,11.01
"Clay, GA",26.96,18.56
"Clayton, GA",22.19,14.6
"Clinch, GA",26.46,19.5
"Cobb, GA",16.45,11.0
"Coffee, GA",26.84,19.13
"Colquitt, GA",25.84,18.09
"Columbia, GA",17.63,12.49
"Cook, GA",27.67,19.77
"Coweta, GA",21.51,15.71
"Crawford, GA",25.13,18.4
"Crisp, GA",27.35,19.61
"Dade, GA",24.46,18.57
"Dawson, GA",22.49,16.79
"Decatur, GA",24.86,17.66
"DeKalb, GA",17.57,10.36
"Dodge, GA",24.59,17.89
"Dooly, GA",27.74,19.67
"Dougherty, GA",24.16,16.31
"Douglas, GA",22.15,15.69
"Early, GA",26.0,18.31
"Echols, GA",25.25,18.41
"Effingham, GA",23.37,17.24
"Elbert, GA",26.86,19.5
"Emanuel, GA",26.37,19.46
"Evans, GA",25.93,18.55
"Fannin, GA",26.28,19.66
"Fayette, GA",15.75,10.59
"Floyd, GA",25.45,18.05
"Forsyth, GA",15.19,10.53
"Franklin, GA",24.88,18.48
"Fulton, GA",15.87,9.97
"Gilmer, GA",26.13,19.59
"Glascock, GA",25.9,19.93
"Glynn, GA",22.62,15.7
"Gordon, GA",26.23,19.2
"Grady, GA",24.57,17.49
"Greene, GA",23.55,16.23
"Gwinnett, GA",16.35,10.45
"Habersham, GA",22.6,16.93
"Hall, GA",20.29,14.79
"Hancock, GA",27.05,17.91
"Haralson, GA",27.58,22.05
"Harris, GA",19.35,13.24
"Hart, GA",23.83,17.11
"Heard, GA",28.74,22.64
"Henry, GA",20.52,13.64
"Houston, GA",20.58,14.5
"Irwin, GA",28.19,20.64
"Jackson, GA",22.36,16.3
"Jasper, GA",24.0,17.5
"Jeff Davis, GA",25.07,18.41
"Jefferson, GA",25.84,18.26
"Jenkins, GA",26.24,18.63
"Johnson, GA",27.16,19.89
"Jones, GA",22.47,16.5
"Lamar, GA",26.02,18.63
"Lanier, GA",26.35,19.21
"Laurens, GA",24.93,18.12
"Lee, GA",24.15,17.78
"Liberty, GA",21.85,14.83
"Lincoln, GA",25.53,18.49
"Long, GA",24.85,17.92
"Lowndes, GA",23.29,16.27
"Lumpkin, GA",21.74,15.99
"McDuffie, GA",25.92,18.83
"McIntosh, GA",25.89,18.25
"Macon, GA",27.57,18.89
"Madison, GA",26.14,19.43
"Marion, GA",28.8,21.08
"Meriwether, GA",28.3,20.75
"Miller, GA",24.98,18.25
"Mitchell, GA",27.03,19.35
"Monroe, GA",23.68,17.03
"Montgomery, GA",23.68,16.64
"Morgan, GA",21.49,15.31
"Murray, GA",29.16,22.11
"Muscogee, GA",23.14,16.14
"Newton, GA",22.81,15.84
"Oconee, GA",15.9,10.55
"Oglethorpe, GA",23.5,16.68
"Paulding, GA",22.24,16.96
"Peach, GA",22.64,15.42
"Pickens, GA",23.24,17.32
"Pierce, GA",27.05,20.62
"Pike, GA",24.43,17.93
"Polk, GA",26.98,20.64
"Pulaski, GA",27.83,20.91
"Putnam, GA",22.22,15.71
"Quitman, GA",28.34,20.33
"Rabun, GA",22.33,15.74
"Randolph, GA",25.39,17.4
"Richmond, GA",23.74,16.42
"Rockdale, GA",20.26,12.91
"Schley, GA",25.99,19.05
"Screven, GA",26.52,19.16
"Seminole, GA",25.12,18.13
"Spalding, GA",26.37,18.89
"Stephens, GA",24.98,18.76
"Stewart, GA",27.62,18.29
"Sumter, GA",24.3,16.66
"Talbot, GA",25.56,17.38
"Taliaferro, GA",26.37,17.88
"Tattnall, GA",26.9,19.45
"Taylor, GA",26.72,19.08
"Telfair, GA",25.59,17.8
"Terrell, GA",27.78,19.69
"Thomas, GA",24.53,17.24
"Tift, GA",25.34,17.47
"Toombs, GA",23.67,16.97
"Towns, GA",22.54,16.73
"Treutlen, GA",28.14,21.02
"Troup, GA",24.66,17.95
"Turner, GA",27.68,20.01
"Twiggs, GA",26.37,19.03
"Union, GA",21.7,15.8
"Upson, GA",28.06,21.02
"Walker, GA",26.96,20.41
"Walton, GA",23.09,16.89
"Ware, GA",26.49,19.31
"Warren, GA",27.45,18.97
"Washington, GA",25.93,18.45
"Wayne, GA",27.06,20.04
"Webster, GA",24.43,17.17
"Wheeler, GA",27.93,20.06
"White, GA",21.51,16.22
"Whitfield, GA",25.08,17.96
"Wilcox, GA",27.77,20.09
"Wilkes, GA",27.02,19.23
"Wilkinson, GA",25.29,18.16
"Worth, GA",27.57,20.22
"Hawaii, HI",19.85,13.98
"Honolulu, HI",16.1,11.23
"Kauai, HI",19.09,13.38
"Kalawao County/Maui, HI",16.73,11.27
"Ada, ID",16.62,12.43
"Adams, ID",22.65,16.79
"Bannock, ID",21.19,15.53
"Bear Lake, ID",19.12,14.48
"Benewah, ID",26.92,20.36
"Bingham, ID",19.98,14.13
"Blaine, ID",13.91,9.15
"Boise, ID",21.65,16.28
"Bonner, ID",22.72,16.98
"Bonneville, ID",16.1,11.54
"Boundary, ID",25.85,20.06
"Butte, ID",21.08,15.49
"Camas, ID",22.42,16.74
"Canyon, ID",21.01,15.51
"Caribou, ID",20.51,15.21
"Cassia, ID",20.44,15.07
"Clark, ID",22.17,15.54
"Clearwater, ID",26.11,19.56
"Custer, ID",20.23,14.62
"Elmore, ID",22.43,17.23
"Franklin, ID",20.0,15.28
"Fremont, ID",19.56,14.27
"Gem, ID",23.37,18.17
"Gooding, ID",23.07,17.35
"Idaho, ID",25.03,18.98
"Jefferson, ID",16.48,12.31
"Jerome, ID",22.0,16.22
"Kootenai, ID",23.02,16.96
"Latah, ID",15.56,10.49
"Lemhi, ID",23.49,17.61
"Lewis, ID",23.38,17.04
"Lincoln, ID",21.76,15.87
"Madison, ID",13.06,9.55
"Minidoka, ID",21.88,16.36
"Nez Perce, ID",24.09,17.84
"Oneida, ID",20.7,15.92
"Owyhee, ID",24.61,18.67
"Payette, ID",24.13,17.74
"Power, ID",20.12,14.26
"Shoshone, ID",26.58,20.27
"Teton, ID",14.2,9.39
"Twin Falls, ID",23.49,18.19
"Valley, ID",18.98,13.26
"Washington, ID",25.14,18.81
"Adams, IL",23.23,17.5
"Alexander, IL",27.96,20.65
"Bond, IL",22.66,17.01
"Boone, IL",21.82,16.06
"Brown, IL",25.9,19.12
"Bureau, IL",24.13,18.02
"Calhoun, IL",22.12,16.45
"Carroll, IL",22.01,16.41
"Cass, IL",25.25,18.96
"Champaign, IL",17.19,11.35
"Christian, IL",27.88,21.81
"Clark, IL",23.83,17.95
"Clay, IL",25.57,19.89
"Clinton, IL",22.96,17.79
"Coles, IL",22.54,16.91
"Cook, IL",19.26,12.47
"Crawford, IL",24.07,18.16
"Cumberland, IL",24.2,18.31
"DeKalb, IL",19.1,13.34
"De Witt, IL",24.21,19.16
"Douglas, IL",24.48,18.66
"DuPage, IL",14.88,10.1
"Edgar, IL",25.97,20.04
"Edwards, IL",24.52,18.74
"Effingham, IL",22.28,16.77
"Fayette, IL",25.03,19.22
"Ford, IL",24.4,18.47
"Franklin, IL",25.94,20.19
"Fulton, IL",25.16,19.32
"Gallatin, IL",26.76,20.56
"Greene, IL",26.05,19.88
"Grundy, IL",23.38,17.38
"Hamilton, IL",23.86,18.35
"Hancock, IL",23.23,17.42
"Hardin, IL",25.73,19.35
"Henderson, IL",23.38,17.72
"Henry, IL",22.27,16.89
"Iroquois, IL",24.31,18.55
"Jackson, IL",17.78,12.23
"Jasper, IL",23.18,17.7
"Jefferson, IL",24.56,18.56
"Jersey, IL",23.55,17.99
"Jo Daviess, IL",19.72,14.27
"Johnson, IL",24.56,17.93
"Kane, IL",17.3,11.69
"Kankakee, IL",25.43,18.49
"Kendall, IL",16.82,11.63
"Knox, IL",25.32,19.46
"Lake, IL",16.49,11.01
"LaSalle, IL",24.3,18.08
"Lawrence, IL",28.04,21.99
"Lee, IL",24.84,18.37
"Livingston, IL",26.27,19.84
"Logan, IL",25.64,19.73
"McDonough, IL",19.03,13.67
"McHenry, IL",18.57,13.02
"McLean, IL",16.29,11.26
"Macon, IL",24.6,18.55
"Macoupin, IL",25.8,19.46
"Madison, IL",23.89,18.52
"Marion, IL",25.76,20.08
"Marshall, IL",22.78,16.89
"Mason, IL",25.05,19.32
"Massac, IL",24.16,18.19
"Menard, IL",22.8,17.11
"Mercer, IL",23.59,18.23
"Monroe, IL",20.59,15.82
"Montgomery, IL",27.7,21.61
"Morgan, IL",24.28,18.06
"Moultrie, IL",24.94,19.62
"Ogle, IL",21.8,16.26
"Peoria, IL",20.74,14.99
"Perry, IL",25.39,19.34
"Piatt, IL",20.78,15.35
"Pike, IL",25.57,19.59
"Pope, IL",24.81,18.36
"Pulaski, IL",24.5,17.35
"Putnam, IL",23.35,17.19
"Randolph, IL",26.8,21.12
"Richland, IL",23.3,17.87
"Rock Island, IL",21.71,16.19
"St. Clair, IL",23.05,17.32
"Saline, IL",25.65,19.85
"Sangamon, IL",22.19,15.88
"Schuyler, IL",23.49,17.71
"Scott, IL",23.09,17.25
"Shelby, IL",23.3,17.81
"Stark, IL",23.01,17.36
"Stephenson, IL",22.73,17.04
"Tazewell, IL",21.56,16.57
"Union, IL",23.78,17.78
"Vermilion, IL",26.86,20.58
"Wabash, IL",23.49,18.34
"Warren, IL",23.99,18.19
"Washington, IL",21.5,16.52
"Wayne, IL",25.31,19.7
"White, IL",24.58,19.12
"Whiteside, IL",23.5,17.74
"Will, IL",19.47,13.47
"Williamson, IL",22.64,16.87
"Winnebago, IL",22.89,16.86
"Woodford, IL",19.42,14.24
"Adams, IN",26.75,21.1
"Allen, IN",23.2,16.42
"Bartholomew, IN",20.79,15.72
"Benton, IN",25.03,19.27
"Blackford, IN",29.66,23.77
"Boone, IN",18.26,13.03
"Brown, IN",23.06,17.07
"Carroll, IN",24.44,18.51
"Cass, IN",27.17,20.25
"Clark, IN",27.16,21.01
"Clay, IN",26.82,20.54
"Clinton, IN",25.66,20.0
"Crawford, IN",27.14,20.96
"Daviess, IN",28.77,22.89
"Dearborn, IN",25.97,20.35
"Decatur, IN",26.06,20.89
"DeKalb, IN",25.79,20.49
"Delaware, IN",25.73,19.49
"Dubois, IN",23.08,17.5
"Elkhart, IN",23.65,17.96
"Fayette, IN",32.05,26.26
"Floyd, IN",25.79,19.92
"Fountain, IN",27.26,21.53
"Franklin, IN",25.42,19.46
"Fulton, IN",26.54,20.53
"Gibson, IN",24.8,19.61
"Grant, IN",26.83,20.75
"Greene, IN",27.75,21.11
"Hamilton, IN",14.33,9.51
"Hancock, IN",23.69,17.64
"Harrison, IN",26.03,20.47
"Hendricks, IN",20.28,14.79
"Henry, IN",28.64,22.5
"Howard, IN",25.56,19.31
"Huntington, IN",26.43,19.92
"Jackson, IN",25.82,20.31
"Jasper, IN",26.22,19.95
"Jay, IN",29.29,23.74
"Jefferson, IN",26.55,21.06
"Jennings, IN",27.94,22.77
"Johnson, IN",23.6,18.41
"Knox, IN",27.08,21.54
"Kosciusko, IN",24.83,18.9
"LaGrange, IN",27.37,21.99
"Lake, IN",26.22,18.61
"LaPorte, IN",28.75,21.48
"Lawrence, IN",26.68,20.76
"Madison, IN",27.68,21.29
"Marion, IN",25.73,18.7
"Marshall, IN",24.64,18.83
"Martin, IN",27.4,21.31
"Miami, IN",30.2,23.44
"Monroe, IN",17.3,11.75
"Montgomery, IN",24.94,19.36
"Morgan, IN",27.99,21.7
"Newton, IN",29.56,22.79
"Noble, IN",25.65,19.57
"Ohio, IN",25.04,19.59
"Orange, IN",25.85,19.8
"Owen, IN",28.55,21.7
"Parke, IN",27.57,21.27
"Perry, IN",28.95,23.1
"Pike, IN",26.22,20.7
"Porter, IN",24.09,17.98
"Posey, IN",23.08,17.64
"Pulaski, IN",25.99,19.82
"Putnam, IN",26.78,20.35
"Randolph, IN",27.32,21.84
"Ripley, IN",24.36,19.27
"Rush, IN",27.15,21.29
"St. Joseph, IN",23.23,16.94
"Scott, IN",29.72,24.17
"Shelby, IN",27.08,21.49
"Spencer, IN",23.36,17.53
"Starke, IN",28.53,22.0
"Steuben, IN",23.96,18.59
"Sullivan, IN",27.66,20.63
"Switzerland, IN",28.1,22.41
"Tippecanoe, IN",18.09,13.09
"Tipton, IN",24.84,19.46
"Union, IN",25.14,19.06
"Vanderburgh, IN",25.53,19.49
"Vermillion, IN",27.06,21.27
"Vigo, IN",26.03,19.36
"Wabash, IN",26.65,20.62
"Warren, IN",25.98,20.49
"Warrick, IN",20.46,15.29
"Washington, IN",27.73,21.78
"Wayne, IN",27.81,21.99
"Wells, IN",25.86,20.1
"White, IN",24.41,18.73
"Whitley, IN",26.53,19.66
"Adair, IA",22.35,16.8
"Adams, IA",22.32,16.57
"Allamakee, IA",22.6,17.61
"Appanoose, IA",24.89,19.15
"Audubon, IA",22.24,16.53
"Benton, IA",21.74,15.95
"Black Hawk, IA",20.83,15.33
"Boone, IA",23.19,17.03
"Bremer, IA",17.28,12.62
"Buchanan, IA",21.74,16.45
"Buena Vista, IA",19.33,13.96
"Butler, IA",21.53,16.44
"Calhoun, IA",20.66,14.81
"Carroll, IA",22.7,17.23
"Cass, IA",23.46,17.77
"Cedar, IA",21.95,16.01
"Cerro Gordo, IA",22.6,17.2
"Cherokee, IA",21.14,15.94
"Chickasaw, IA",22.7,17.65
"Clarke, IA",24.82,19.0
"Clay, IA",22.66,17.34
"Clayton, IA",21.51,16.56
"Clinton, IA",23.25,17.63
"Crawford, IA",23.4,17.28
"Dallas, IA",15.54,10.9
"Davis, IA",24.07,18.04
"Decatur, IA",22.21,16.39
"Delaware, IA",22.24,17.14
"Des Moines, IA",23.74,18.03
"Dickinson, IA",20.14,14.61
"Dubuque, IA",18.75,13.91
"Emmet, IA",23.44,17.67
"Fayette, IA",21.57,16.55
"Floyd, IA",22.78,17.59
"Franklin, IA",23.12,17.64
"Fremont, IA",23.19,17.43
"Greene, IA",23.91,17.69
"Grundy, IA",19.21,14.27
"Guthrie, IA",21.33,15.72
"Hamilton, IA",24.36,18.22
"Hancock, IA",22.96,17.48
"Hardin, IA",22.06,16.94
"Harrison, IA",21.82,16.76
"Henry, IA",23.59,17.09
"Howard, IA",23.89,18.7
"Humboldt, IA",23.62,17.78
"Ida, IA",21.84,16.32
"Iowa, IA",20.38,14.86
"Jackson, IA",22.19,17.01
"Jasper, IA",23.25,17.92
"Jefferson, IA",20.52,14.2
"Johnson, IA",15.22,9.91
"Jones, IA",22.2,16.52
"Keokuk, IA",24.26,18.16
"Kossuth, IA",21.86,16.51
"Lee, IA",25.93,20.02
"Linn, IA",20.25,14.55
"Louisa, IA",22.89,16.76
"Lucas, IA",25.38,19.95
"Lyon, IA",20.82,15.59
"Madison, IA",21.05,16.09
"Mahaska, IA",22.61,17.12
"Marion, IA",19.71,14.84
"Marshall, IA",22.35,17.04
"Mills, IA",21.38,16.1
"Mitchell, IA",22.46,17.19
"Monona, IA",25.1,19.39
"Monroe, IA",22.72,17.4
"Montgomery, IA",25.02,19.17
"Muscatine, IA",23.84,18.08
"O'Brien, IA",20.12,14.9
"Osceola, IA",23.47,17.97
"Page, IA",24.82,18.79
"Palo Alto, IA",23.0,17.57
"Plymouth, IA",21.1,15.67
"Pocahontas, IA",21.96,16.11
"Polk, IA",18.65,14.01
"Pottawattamie, IA",23.78,18.45
"Poweshiek, IA",22.12,16.62
"Ringgold, IA",21.46,15.84
"Sac, IA",21.26,15.78
"Scott, IA",19.95,14.34
"Shelby, IA",21.96,16.62
"Sioux, IA",18.15,13.34
"Story, IA",13.81,9.43
"Tama, IA",23.22,17.1
"Taylor, IA",22.97,17.08
"Union, IA",24.39,18.89
"Van Buren, IA",25.29,19.06
"Wapello, IA",26.25,20.18
"Warren, IA",19.37,14.51
"Washington, IA",21.23,15.27
"Wayne, IA",24.14,18.37
"Webster, IA",25.06,17.92
"Winnebago, IA",20.63,15.13
"Winneshiek, IA",18.11,13.66
"Woodbury, IA",25.13,18.84
"Worth, IA",22.86,16.92
"Wright, IA",23.55,17.7
"Allen, KS",25.44,19.15
"Anderson, KS",25.64,19.73
"Atchison, KS",25.35,19.12
"Barber, KS",21.48,15.74
"Barton, KS",23.59,17.51
"Bourbon, KS",24.52,18.04
"Brown, KS",26.64,19.82
"Butler, KS",21.53,16.26
"Chase, KS",22.65,16.73
"Chautauqua, KS",25.31,18.24
"Cherokee, KS",27.23,21.49
"Cheyenne, KS",20.67,14.99
"Clark, KS",19.15,13.79
"Clay, KS",23.92,18.34
"Cloud, KS",24.71,18.98
"Coffey, KS",23.69,18.0
"Comanche, KS",20.62,14.87
"Cowley, KS",25.17,19.15
"Crawford, KS",23.92,18.37
"Decatur, KS",20.33,14.82
"Dickinson, KS",23.92,18.39
"Doniphan, KS",24.06,17.7
"Douglas, KS",17.62,12.14
"Edwards, KS",19.85,14.13
"Elk, KS",23.17,17.17
"Ellis, KS",18.89,13.54
"Ellsworth, KS",22.39,16.57
"Finney, KS",20.54,14.03
"Ford, KS",20.53,14.59
"Franklin, KS",24.91,19.66
"Geary, KS",23.43,17.28
"Gove, KS",21.64,16.04
"Graham, KS",22.09,16.05
"Grant, KS",20.47,14.32
"Gray, KS",20.9,15.3
"Greeley, KS",20.47,14.59
"Greenwood, KS",25.08,19.24
"Hamilton, KS",21.94,15.53
"Harper, KS",23.98,17.86
"Harvey, KS",20.53,15.64
"Haskell, KS",21.37,15.01
"Hodgeman, KS",20.33,14.76
"Jackson, KS",23.4,17.34
"Jefferson, KS",23.61,17.62
"Jewell, KS",21.24,15.67
"Johnson, KS",15.53,10.84
"Kearny, KS",21.84,15.39
"Kingman, KS",23.81,18.29
"Kiowa, KS",19.97,14.56
"Labette, KS",24.86,18.81
"Lane, KS",21.41,15.65
"Leavenworth, KS",23.74,18.07
"Lincoln, KS",22.73,16.82
"Linn, KS",24.0,17.92
"Logan, KS",22.03,16.26
"Lyon, KS",21.71,15.79
"McPherson, KS",20.35,15.73
"Marion, KS",21.9,16.62
"Marshall, KS",24.74,19.37
"Meade, KS",19.47,13.85
"Miami, KS",23.49,17.67
"Mitchell, KS",20.48,15.23
"Montgomery, KS",26.12,19.26
"Morris, KS",23.56,17.68
"Morton, KS",21.25,14.78
"Nemaha, KS",22.49,17.06
"Neosho, KS",26.8,20.63
"Ness, KS",21.55,15.58
"Norton, KS",25.82,19.67
"Osage, KS",23.76,18.07
"Osborne, KS",21.34,15.67
"Ottawa, KS",22.43,16.6
"Pawnee, KS",22.92,16.8
"Phillips, KS",23.5,17.77
"Pottawatomie, KS",18.81,13.81
"Pratt, KS",22.32,16.73
"Rawlins, KS",21.45,15.59
"Reno, KS",24.44,18.82
"Republic, KS",21.56,15.8
"Rice, KS",21.54,16.0
"Riley, KS",16.43,11.13
"Rooks, KS",21.44,15.62
"Rush, KS",22.12,16.14
"Russell, KS",22.78,17.07
"Saline, KS",23.99,18.13
"Scott, KS",19.21,13.95
"Sedgwick, KS",22.1,16.47
"Seward, KS",22.3,15.02
"Shawnee, KS",22.34,16.78
"Sheridan, KS",20.34,14.83
"Sherman, KS",24.62,18.85
"Smith, KS",22.73,17.04
"Stafford, KS",20.7,14.76
"Stanton, KS",19.93,13.59
"Stevens, KS",21.34,15.26
"Sumner, KS",24.29,18.67
"Thomas, KS",21.14,15.54
"Trego, KS",21.69,16.03
"Wabaunsee, KS",21.97,16.48
"Wallace, KS",18.86,13.45
"Washington, KS",20.92,15.5
"Wichita, KS",21.3,15.06
"Wilson, KS",28.06,21.7
"Woodson, KS",24.77,18.53
"Wyandotte, KS",26.58,18.85
"Adair, KY",29.43,23.57
"Allen, KY",31.53,25.84
"Anderson, KY",27.62,22.43
"Ballard, KY",27.57,21.63
"Barren, KY",28.9,23.62
"Bath, KY",31.02,24.94
"Bell, KY",32.74,26.87
"Boone, KY",22.26,17.1
"Bourbon, KY",28.37,22.23
"Boyd, KY",29.39,23.79
"Boyle, KY",26.17,20.39
"Bracken, KY",28.34,22.15
"Breathitt, KY",32.41,27.11
"Breckinridge, KY",30.25,24.08
"Bullitt, KY",31.54,27.16
"Butler, KY",30.03,23.92
"Caldwell, KY",29.77,24.1
"Calloway, KY",23.68,18.62
"Campbell, KY",25.5,19.5
"Carlisle, KY",26.02,20.2
"Carroll, KY",31.98,26.13
"Carter, KY",30.91,25.84
"Casey, KY",30.74,25.21
"Christian, KY",29.0,23.16
"Clark, KY",27.99,22.32
"Clay, KY",36.73,30.67
"Clinton, KY",33.46,27.09
"Crittenden, KY",29.74,23.95
"Cumberland, KY",31.12,24.85
"Daviess, KY",25.63,20.08
"Edmonson, KY",28.58,22.94
"Elliott, KY",34.64,28.85
"Estill, KY",34.05,27.52
"Fayette, KY",20.57,14.27
"Fleming, KY",29.74,24.14
"Floyd, KY",30.65,24.49
"Franklin, KY",25.28,19.21
"Fulton, KY",29.06,22.41
"Gallatin, KY",29.86,24.12
"Garrard, KY",28.54,22.86
"Grant, KY",27.57,22.23
"Graves, KY",27.94,22.09
"Grayson, KY",31.02,24.9
"Green, KY",30.23,24.43
"Greenup, KY",28.13,23.12
"Hancock, KY",27.86,21.78
"Hardin, KY",26.12,20.53
"Harlan, KY",32.36,26.86
"Harrison, KY",29.74,23.73
"Hart, KY",32.07,26.37
"Henderson, KY",26.88,21.47
"Henry, KY",28.91,22.79
"Hickman, KY",28.47,22.27
"Hopkins, KY",30.01,24.95
"Jackson, KY",33.79,27.75
"Jefferson, KY",26.71,20.46
"Jessamine, KY",25.61,19.81
"Johnson, KY",32.53,26.85
"Kenton, KY",24.84,18.85
"Knott, KY",30.71,24.44
"Knox, KY",35.46,28.94
"Larue, KY",29.92,24.66
"Laurel, KY",32.9,27.3
"Lawrence, KY",32.52,26.66
"Lee, KY",34.48,27.84
"Leslie, KY",32.96,27.76
"Letcher, KY",29.85,24.08
"Lewis, KY",31.28,26.24
"Lincoln, KY",31.18,25.75
"Livingston, KY",30.0,24.13
"Logan, KY",30.23,24.12
"Lyon, KY",29.28,22.95
"McCracken, KY",26.2,20.22
"McCreary, KY",34.34,27.53
"McLean, KY",28.46,22.84
"Madison, KY",24.55,18.64
"Magoffin, KY",31.65,25.97
"Marion, KY",28.95,23.46
"Marshall, KY",27.63,22.22
"Martin, KY",32.65,25.3
"Mason, KY",29.01,23.62
"Meade, KY",28.28,22.69
"Menifee, KY",33.31,27.37
"Mercer, KY",28.49,22.69
"Metcalfe, KY",32.0,26.35
"Monroe, KY",30.5,24.62
"Montgomery, KY",30.88,25.41
"Morgan, KY",32.25,26.32
"Muhlenberg, KY",29.8,24.36
"Nelson, KY",29.13,24.12
"Nicholas, KY",29.32,23.27
"Ohio, KY",29.83,23.59
"Oldham, KY",20.91,15.5
"Owen, KY",26.04,20.3
"Owsley, KY",31.18,25.87
"Pendleton, KY",28.96,22.86
"Perry, KY",31.7,26.72
"Pike, KY",30.26,23.45
"Powell, KY",32.28,26.34
"Pulaski, KY",29.33,23.88
"Robertson, KY",30.96,24.93
"Rockcastle, KY",30.91,25.44
"Rowan, KY",27.39,21.92
"Russell, KY",30.92,24.74
"Scott, KY",23.7,17.89
"Shelby, KY",25.62,19.86
"Simpson, KY",29.7,23.4
"Spencer, KY",27.22,22.16
"Taylor, KY",29.68,24.17
"Todd, KY",30.88,24.68
"Trigg, KY",27.23,21.61
"Trimble, KY",26.11,20.44
"Union, KY",28.87,22.56
"Warren, KY",23.92,18.12
"Washington, KY",26.44,20.92
"Wayne, KY",32.97,26.76
"Webster, KY",29.71,23.82
"Whitley, KY",31.9,26.21
"Wolfe, KY",32.0,26.19
"Woodford, KY",23.95,17.84
"Acadia, LA",30.57,23.93
"Allen, LA",31.37,23.95
"Ascension, LA",22.5,16.4
"Assumption, LA",29.08,21.89
"Avoyelles, LA",30.21,23.12
"Beauregard, LA",26.95,20.46
"Bienville, LA",26.36,19.58
"Bossier, LA",23.84,17.56
"Caddo, LA",26.0,18.83
"Calcasieu, LA",26.11,19.96
"Caldwell, LA",29.25,22.28
"Cameron, LA",26.64,20.86
"Catahoula, LA",29.49,21.75
"Claiborne, LA",27.84,20.83
"Concordia, LA",29.63,21.93
"De Soto, LA",27.92,20.96
"East Baton Rouge, LA",19.43,13.36
"East Carroll, LA",30.19,21.53
"East Feliciana, LA",25.22,18.25
"Evangeline, LA",30.84,23.18
"Franklin, LA",28.04,21.0
"Grant, LA",27.59,21.44
"Iberia, LA",27.75,21.21
"Iberville, LA",27.88,20.44
"Jackson, LA",26.8,19.92
"Jefferson, LA",23.61,16.93
"Jefferson Davis, LA",29.1,22.73
"Lafayette, LA",24.93,18.88
"Lafourche, LA",27.02,21.02
"La Salle, LA",26.66,20.54
"Lincoln, LA",19.95,13.84
"Livingston, LA",26.18,20.68
"Madison, LA",29.6,21.36
"Morehouse, LA",28.9,21.35
"Natchitoches, LA",24.3,18.08
"Orleans, LA",21.73,15.11
"Ouachita, LA",26.32,18.49
"Plaquemines, LA",25.56,20.27
"Pointe Coupee, LA",27.29,20.67
"Rapides, LA",26.78,19.93
"Red River, LA",28.43,21.34
"Richland, LA",27.29,21.08
"Sabine, LA",27.84,21.02
"St. Bernard, LA",29.65,23.56
"St. Charles, LA",24.02,17.96
"St. Helena, LA",26.08,18.49
"St. James, LA",26.04,18.21
"St. John the Baptist, LA",25.23,18.07
"St. Landry, LA",29.74,22.62
"St. Martin, LA",29.62,22.62
"St. Mary, LA",29.28,22.2
"St. Tammany, LA",22.27,16.66
"Tangipahoa, LA",25.38,19.04
"Tensas, LA",28.28,19.62
"Terrebonne, LA",28.38,22.43
"Union, LA",26.12,19.75
"Vermilion, LA",27.77,22.26
"Vernon, LA",24.94,19.01
"Washington, LA",29.11,22.31
"Webster, LA",27.28,20.77
"West Baton Rouge, LA",24.52,18.76
"West Carroll, LA",29.46,23.16
"West Feliciana, LA",25.42,18.02
"Winn, LA",28.73,22.31
"Androscoggin, ME",23.51,18.29
"Aroostook, ME",25.31,18.93
"Cumberland, ME",17.37,12.18
"Franklin, ME",22.57,17.21
"Hancock, ME",21.79,15.62
"Kennebec, ME",22.74,17.14
"Knox, ME",21.3,15.67
"Lincoln, ME",20.2,14.32
"Oxford, ME",25.06,18.8
"Penobscot, ME",22.99,17.79
"Piscataquis, ME",23.91,18.72
"Sagadahoc, ME",19.65,14.51
"Somerset, ME",25.07,19.85
"Waldo, ME",21.34,15.83
"Washington, ME",27.41,20.86
"York, ME",19.98,14.62
"Allegany, MD",24.2,17.77
"Anne Arundel, MD",19.1,14.05
"Baltimore, MD",19.25,13.53
"Calvert, MD",20.23,15.3
"Caroline, MD",23.91,17.79
"Carroll, MD",17.92,13.06
"Cecil, MD",22.8,17.38
"Charles, MD",17.96,12.33
"Dorchester, MD",23.41,16.72
"Frederick, MD",16.68,11.64
"Garrett, MD",22.14,16.83
"Harford, MD",18.81,13.31
"Howard, MD",11.47,7.48
"Kent, MD",20.4,14.24
"Montgomery, MD",11.51,7.22
"Prince George's, MD",18.29,12.04
"Queen Anne's, MD",19.36,13.79
"St. Mary's, MD",19.36,13.7
"Somerset, MD",25.88,18.37
"Talbot, MD",18.49,13.4
"Washington, MD",21.48,15.49
"Wicomico, MD",21.34,15.2
"Worcester, MD",20.44,15.16
"Baltimore, MD",26.5,18.89
"Barnstable, MA",19.81,14.22
"Berkshire, MA",21.32,15.61
"Bristol, MA",24.15,18.47
"Dukes, MA",18.8,13.03
"Essex, MA",18.1,12.95
"Franklin, MA",19.19,13.25
"Hampden, MA",22.13,16.3
"Hampshire, MA",16.66,11.62
"Middlesex, MA",15.83,11.17
"Nantucket, MA",15.51,10.2
"Norfolk, MA",16.19,11.05
"Plymouth, MA",21.86,16.13
"Suffolk, MA",18.68,12.6
"Worcester, MA",19.71,14.16
"Alcona, MI",26.3,19.55
"Alger, MI",26.03,18.88
"Allegan, MI",21.81,16.32
"Alpena, MI",24.94,18.91
"Antrim, MI",21.85,16.03
"Arenac, MI",27.65,20.94
"Baraga, MI",28.06,20.1
"Barry, MI",22.3,17.09
"Bay, MI",24.49,18.73
"Benzie, MI",21.33,15.51
"Berrien, MI",24.04,17.42
"Branch, MI",26.94,20.79
"Calhoun, MI",25.53,19.09
"Cass, MI",24.65,18.35
"Charlevoix, MI",22.37,16.74
"Cheboygan, MI",26.0,19.78
"Chippewa, MI",24.45,17.71
"Clare, MI",27.72,21.35
"Clinton, MI",19.39,14.33
"Crawford, MI",25.97,19.41
"Delta, MI",24.7,18.56
"Dickinson, MI",24.16,18.74
"Eaton, MI",20.34,14.89
"Emmet, MI",21.38,15.18
"Genesee, MI",26.15,19.08
"Gladwin, MI",25.97,19.75
"Gogebic, MI",25.41,18.67
"Grand Traverse, MI",20.26,14.73
"Gratiot, MI",26.48,20.12
"Hillsdale, MI",26.5,20.34
"Houghton, MI",20.2,14.66
"Huron, MI",25.8,19.6
"Ingham, MI",18.42,12.64
"Ionia, MI",25.24,19.25
"Iosco, MI",28.1,21.35
"Iron, MI",25.08,18.87
"Isabella, MI",22.71,16.55
"Jackson, MI",24.65,18.17
"Kalamazoo, MI",19.58,14.31
"Kalkaska, MI",26.48,20.19
"Kent, MI",20.23,14.28
"Keweenaw, MI",21.35,15.37
"Lake, MI",29.7,22.51
"Lapeer, MI",25.99,18.9
"Leelanau, MI",16.7,11.37
"Lenawee, MI",23.24,17.31
"Livingston, MI",19.16,13.63
"Luce, MI",26.69,19.67
"Mackinac, MI",25.16,18.18
"Macomb, MI",25.44,18.55
"Manistee, MI",23.98,17.63
"Marquette, MI",20.93,14.98
"Mason, MI",22.69,16.98
"Mecosta, MI",23.76,17.29
"Menominee, MI",25.47,19.65
"Midland, MI",19.59,14.18
"Missaukee, MI",24.29,18.17
"Monroe, MI",24.64,18.83
"Montcalm, MI",27.39,20.85
"Montmorency, MI",27.97,21.38
"Muskegon, MI",27.17,20.7
"Newaygo, MI",26.09,20.04
"Oakland, MI",18.38,12.17
"Oceana, MI",24.1,18.1
"Ogemaw, MI",27.74,20.75
"Ontonagon, MI",23.16,17.36
"Osceola, MI",25.17,19.22
"Oscoda, MI",27.68,20.9
"Otsego, MI",24.39,18.52
"Ottawa, MI",19.12,13.78
"Presque Isle, MI",24.49,18.48
"Roscommon, MI",26.99,20.15
"Saginaw, MI",24.7,17.61
"St. Clair, MI",28.0,20.98
"St. Joseph, MI",25.81,19.7
"Sanilac, MI",27.5,20.87
"Schoolcraft, MI",27.26,20.72
"Shiawassee, MI",25.65,19.74
"Tuscola, MI",26.56,19.95
"Van Buren, MI",24.99,18.33
"Washtenaw, MI",14.85,9.62
"Wayne, MI",25.61,18.18
"Wexford, MI",24.87,19.11
"Aitkin, MN",24.53,17.66
"Anoka, MN",20.27,14.86
"Becker, MN",21.47,15.92
"Beltrami, MN",23.86,16.22
"Benton, MN",19.71,14.6
"Big Stone, MN",22.2,16.51
"Blue Earth, MN",20.11,14.15
"Brown, MN",23.37,17.35
"Carlton, MN",23.99,17.27
"Carver, MN",15.04,9.8
"Cass, MN",23.24,16.22
"Chippewa, MN",22.73,17.21
"Chisago, MN",22.94,16.49
"Clay, MN",18.63,13.61
"Clearwater, MN",25.25,18.75
"Cook, MN",17.66,12.07
"Cottonwood, MN",22.38,16.62
"Crow Wing, MN",20.9,14.3
"Dakota, MN",17.2,11.76
"Dodge, MN",19.19,13.92
"Douglas, MN",19.24,13.77
"Faribault, MN",22.45,16.22
"Fillmore, MN",19.89,14.78
"Freeborn, MN",24.22,17.83
"Goodhue, MN",20.23,14.82
"Grant, MN",21.5,15.66
"Hennepin, MN",17.28,11.4
"Houston, MN",19.26,14.48
"Hubbard, MN",22.16,16.19
"Isanti, MN",23.24,17.38
"Itasca, MN",23.73,16.99
"Jackson, MN",21.25,15.74
"Kanabec, MN",24.85,18.45
"Kandiyohi, MN",19.96,14.54
"Kittson, MN",20.4,14.57
"Koochiching, MN",25.92,19.04
"Lac qui Parle, MN",21.48,15.85
"Lake, MN",22.02,16.27
"Lake of the Woods, MN",24.02,17.35
"Le Sueur, MN",20.35,14.82
"Lincoln, MN",20.6,15.0
"Lyon, MN",19.59,13.82
"McLeod, MN",21.86,15.74
"Mahnomen, MN",28.03,19.87
"Marshall, MN",21.55,15.7
"Martin, MN",22.36,16.47
"Meeker, MN",21.23,15.59
"Mille Lacs, MN",23.58,17.1
"Morrison, MN",21.2,15.34
"Mower, MN",21.98,16.27
"Murray, MN",21.18,15.52
"Nicollet, MN",18.9,13.01
"Nobles, MN",22.58,16.52
"Norman, MN",22.74,16.99
"Olmsted, MN",17.13,11.71
"Otter Tail, MN",20.21,15.0
"Pennington, MN",25.47,19.28
"Pine, MN",26.34,19.49
"Pipestone, MN",22.9,17.11
"Polk, MN",20.84,15.52
"Pope, MN",19.86,14.35
"Ramsey, MN",19.51,13.22
"Red Lake, MN",23.87,17.95
"Redwood, MN",23.21,17.18
"Renville, MN",22.12,16.03
"Rice, MN",18.88,13.48
"Rock, MN",21.87,16.5
"Roseau, MN",23.05,16.81
"St. Louis, MN",22.83,15.86
"Scott, MN",15.37,10.77
"Sherburne, MN",20.91,15.54
"Sibley, MN",21.38,15.18
"Stearns, MN",18.48,13.51
"Steele, MN",19.57,13.96
"Stevens, MN",19.0,13.5
"Swift, MN",22.26,16.75
"Todd, MN",21.91,16.27
"Traverse, MN",20.91,15.23
"Wabasha, MN",20.45,15.0
"Wadena, MN",23.57,18.0
"Waseca, MN",21.91,15.99
"Washington, MN",16.64,11.59
"Watonwan, MN",22.49,16.15
"Wilkin, MN",22.43,17.24
"Winona, MN",19.52,14.07
"Wright, MN",20.3,14.55
"Yellow Medicine, MN",21.59,15.86
"Adams, MS",25.36,17.42
"Alcorn, MS",25.73,19.14
"Amite, MS",27.3,19.48
"Attala, MS",24.32,17.09
"Benton, MS",26.92,20.06
"Bolivar, MS",23.75,15.76
"Calhoun, MS",27.32,20.02
"Carroll, MS",25.82,18.58
"Chickasaw, MS",26.65,18.85
"Choctaw, MS",23.8,16.88
"Claiborne, MS",24.15,15.08
"Clarke, MS",25.88,19.24
"Clay, MS",24.47,16.13
"Coahoma, MS",25.3,17.27
"Copiah, MS",27.18,18.99
"Covington, MS",26.46,18.71
"DeSoto, MS",24.13,17.91
"Forrest, MS",23.29,16.83
"Franklin, MS",25.97,19.13
"George, MS",26.24,19.94
"Greene, MS",27.8,20.61
"Grenada, MS",26.82,19.4
"Hancock, MS",25.54,19.22
"Harrison, MS",26.44,19.24
"Hinds, MS",22.81,15.61
"Holmes, MS",25.54,17.14
"Humphreys, MS",26.51,18.65
"Issaquena, MS",29.82,20.94
"Itawamba, MS",25.64,19.52
"Jackson, MS",25.4,18.4
"Jasper, MS",24.44,17.18
"Jefferson, MS",24.38,15.22
"Jefferson Davis, MS",25.18,16.16
"Jones, MS",24.81,18.12
"Kemper, MS",26.16,18.31
"Lafayette, MS",18.27,12.99
"Lamar, MS",19.62,13.88
"Lauderdale, MS",26.21,18.75
"Lawrence, MS",26.12,18.08
"Leake, MS",27.4,19.8
"Lee, MS",25.47,18.34
"Leflore, MS",25.96,18.31
"Lincoln, MS",26.1,18.8
"Lowndes, MS",23.36,15.89
"Madison, MS",16.81,11.01
"Marion, MS",26.54,19.41
"Marshall, MS",28.65,21.18
"Monroe, MS",26.61,19.26
"Montgomery, MS",27.02,19.2
"Neshoba, MS",28.74,22.01
"Newton, MS",24.88,18.74
"Noxubee, MS",26.91,17.93
"Oktibbeha, MS",16.26,10.02
"Panola, MS",26.25,19.24
"Pearl River, MS",26.98,21.16
"Perry, MS",27.54,20.95
"Pike, MS",25.67,17.97
"Pontotoc, MS",28.01,21.08
"Prentiss, MS",27.95,21.63
"Quitman, MS",27.65,19.53
"Rankin, MS",22.91,16.45
"Scott, MS",27.86,20.5
"Sharkey, MS",23.03,15.16
"Simpson, MS",26.8,19.09
"Smith, MS",25.41,18.81
"Stone, MS",26.21,19.65
"Sunflower, MS",26.38,18.47
"Tallahatchie, MS",28.74,21.13
"Tate, MS",24.44,18.43
"Tippah, MS",28.1,21.84
"Tishomingo, MS",27.1,20.62
"Tunica, MS",25.74,17.16
"Union, MS",27.61,21.68
"Walthall, MS",25.62,17.82
"Warren, MS",24.98,17.21
"Washington, MS",24.97,16.99
"Wayne, MS",25.23,18.5
"Webster, MS",24.32,17.41
"Wilkinson, MS",26.62,18.25
"Winston, MS",23.13,16.03
"Yalobusha, MS",27.56,20.73
"Yazoo, MS",27.0,19.42
"Adair, MO",23.27,17.88
"Andrew, MO",24.4,18.91
"Atchison, MO",22.83,17.24
"Audrain, MO",28.77,23.1
"Barry, MO",28.25,22.72
"Barton, MO",26.99,21.8
"Bates, MO",29.91,23.45
"Benton, MO",28.79,22.97
"Bollinger, MO",28.25,22.62
"Boone, MO",18.04,12.69
"Buchanan, MO",28.44,22.12
"Butler, MO",29.93,23.95
"Caldwell, MO",25.39,19.74
"Callaway, MO",24.34,18.78
"Camden, MO",27.06,20.66
"Cape Girardeau, MO",23.94,18.53
"Carroll, MO",26.95,21.05
"Carter, MO",28.36,22.21
"Cass, MO",25.76,19.49
"Cedar, MO",26.98,21.56
"Chariton, MO",26.35,20.89
"Christian, MO",21.96,16.9
"Clark, MO",27.83,22.15
"Clay, MO",23.0,16.94
"Clinton, MO",25.61,19.78
"Cole, MO",21.36,15.75
"Cooper, MO",27.35,21.23
"Crawford, MO",29.54,23.8
"Dade, MO",28.69,22.64
"Dallas, MO",27.89,22.0
"Daviess, MO",25.61,19.9
"DeKalb, MO",29.71,23.25
"Dent, MO",29.73,24.19
"Douglas, MO",28.77,23.59
"Dunklin, MO",32.35,26.52
"Franklin, MO",26.54,21.18
"Gasconade, MO",27.05,21.33
"Gentry, MO",26.98,21.34
"Greene, MO",23.59,17.71
"Grundy, MO",27.51,22.12
"Harrison, MO",29.26,23.73
"Henry, MO",28.05,22.04
"Hickory, MO",31.03,24.55
"Holt, MO",25.56,19.91
"Howard, MO",25.9,20.05
"Howell, MO",25.21,20.23
"Iron, MO",29.82,24.05
"Jackson, MO",25.9,18.2
"Jasper, MO",27.52,22.11
"Jefferson, MO",28.19,22.14
"Johnson, MO",22.42,16.32
"Knox, MO",26.19,20.6
"Laclede, MO",29.07,23.8
"Lafayette, MO",26.54,20.13
"Lawrence, MO",27.21,21.7
"Lewis, MO",26.64,20.86
"Lincoln, MO",27.51,21.71
"Linn, MO",27.66,22.15
"Livingston, MO",25.97,20.54
"McDonald, MO",29.81,23.71
"Macon, MO",26.46,21.29
"Madison, MO",29.09,23.37
"Maries, MO",26.11,19.96
"Marion, MO",27.96,22.61
"Mercer, MO",26.08,20.57
"Miller, MO",27.63,21.56
"Mississippi, MO",32.3,25.65
"Moniteau, MO",26.54,20.73
"Monroe, MO",27.1,21.67
"Montgomery, MO",29.06,23.09
"Morgan, MO",28.67,22.6
"New Madrid, MO",29.79,23.67
"Newton, MO",26.72,21.27
"Nodaway, MO",23.9,18.2
"Oregon, MO",28.73,23.08
"Osage, MO",24.5,19.15
"Ozark, MO",29.55,23.58
"Pemiscot, MO",31.69,24.4
"Perry, MO",27.46,22.09
"Pettis, MO",26.94,21.3
"Phelps, MO",24.27,18.24
"Pike, MO",29.88,23.32
"Platte, MO",20.02,14.63
"Polk, MO",25.78,20.13
"Pulaski, MO",24.57,17.9
"Putnam, MO",26.1,20.53
"Ralls, MO",25.22,19.62
"Randolph, MO",29.56,24.2
"Ray, MO",27.73,21.42
"Reynolds, MO",31.21,25.29
"Ripley, MO",30.5,24.35
"St. Charles, MO",19.61,15.05
"St. Clair, MO",28.33,22.25
"Ste. Genevieve, MO",27.68,22.25
"St. Francois, MO",29.88,23.55
"St. Louis, MO",20.92,15.13
"Saline, MO",27.76,21.45
"Schuyler, MO",29.43,23.7
"Scotland, MO",25.22,19.69
"Scott, MO",28.57,23.24
"Shannon, MO",26.95,21.42
"Shelby, MO",26.4,20.97
"Stoddard, MO",28.91,23.8
"Stone, MO",27.37,21.78
"Sullivan, MO",26.97,20.56
"Taney, MO",27.26,21.56
"Texas, MO",28.49,22.56
"Vernon, MO",29.8,24.16
"Warren, MO",26.84,21.33
"Washington, MO",31.7,25.32
"Wayne, MO",30.53,24.66
"Webster, MO",27.29,22.08
"Worth, MO",24.39,19.08
"Wright, MO",28.55,23.76
"St. Louis, MO",28.75,20.51
"Beaverhead, MT",19.28,13.76
"Big Horn, MT",30.99,20.97
"Blaine, MT",27.65,18.77
"Broadwater, MT",24.07,17.88
"Carbon, MT",19.34,13.46
"Carter, MT",22.9,17.25
"Cascade, MT",22.65,17.24
"Chouteau, MT",22.91,16.17
"Custer, MT",23.25,17.82
"Daniels, MT",20.05,14.59
"Dawson, MT",23.28,17.76
"Deer Lodge, MT",26.04,19.92
"Fallon, MT",21.72,16.25
"Fergus, MT",22.08,16.53
"Flathead, MT",19.27,14.18
"Gallatin, MT",15.08,10.01
"Garfield, MT",23.0,17.37
"Glacier, MT",29.13,20.08
"Golden Valley, MT",20.01,14.32
"Granite, MT",21.15,15.18
"Hill, MT",25.62,18.47
"Jefferson, MT",18.48,12.68
"Judith Basin, MT",18.35,12.99
"Lake, MT",24.64,16.97
"Lewis and Clark, MT",18.73,13.13
"Liberty, MT",24.04,17.87
"Lincoln, MT",21.41,16.08
"McCone, MT",20.65,15.22
"Madison, MT",17.78,12.22
"Meagher, MT",26.6,20.24
"Mineral, MT",25.88,19.34
"Missoula, MT",18.47,12.95
"Musselshell, MT",23.58,17.61
"Park, MT",19.54,14.03
"Petroleum, MT",20.26,15.05
"Phillips, MT",23.69,17.42
"Pondera, MT",23.64,17.42
"Powder River, MT",21.85,16.12
"Powell, MT",25.23,18.94
"Prairie, MT",21.81,16.17
"Ravalli, MT",20.55,15.18
"Richland, MT",24.41,18.69
"Roosevelt, MT",31.77,22.28
"Rosebud, MT",24.29,16.48
"Sanders, MT",23.15,17.06
"Sheridan, MT",21.89,15.75
"Silver Bow, MT",24.64,18.45
"Stillwater, MT",20.79,15.03
"Sweet Grass, MT",20.21,14.73
"Teton, MT",19.41,14.06
"Toole, MT",25.24,19.17
"Treasure, MT",21.0,15.05
"Valley, MT",24.35,18.19
"Wheatland, MT",22.71,16.94
"Wibaux, MT",21.22,15.82
"Yellowstone, MT",21.61,15.48
"Adams, NE",20.46,15.89
"Antelope, NE",22.09,16.35
"Arthur, NE",17.86,12.52
"Banner, NE",18.52,13.54
"Blaine, NE",21.74,16.08
"Boone, NE",21.11,15.57
"Box Butte, NE",22.95,17.46
"Boyd, NE",22.97,17.27
"Brown, NE",22.56,16.78
"Buffalo, NE",18.21,13.55
"Burt, NE",21.47,15.89
"Butler, NE",23.86,17.9
"Cass, NE",22.06,16.69
"Cedar, NE",22.15,16.57
"Chase, NE",21.44,15.85
"Cherry, NE",22.21,16.53
"Cheyenne, NE",20.44,15.09
"Clay, NE",21.59,16.11
"Colfax, NE",21.74,15.08
"Cuming, NE",21.93,16.26
"Custer, NE",20.95,15.81
"Dakota, NE",24.96,18.32
"Dawes, NE",18.38,12.9
"Dawson, NE",22.76,16.92
"Deuel, NE",22.44,16.62
"Dixon, NE",22.29,16.12
"Dodge, NE",24.81,18.6
"Douglas, NE",21.54,15.63
"Dundy, NE",19.88,14.32
"Fillmore, NE",21.32,15.66
"Franklin, NE",22.73,17.05
"Frontier, NE",20.06,14.75
"Furnas, NE",22.23,16.62
"Gage, NE",23.07,18.17
"Garden, NE",21.3,15.65
"Garfield, NE",24.12,18.37
"Gosper, NE",21.1,15.86
"Grant, NE",20.33,15.06
"Greeley, NE",22.72,17.12
"Hall, NE",22.17,16.98
"Hamilton, NE",20.93,16.02
"Harlan, NE",22.3,16.72
"Hayes, NE",20.95,15.47
"Hitchcock, NE",23.98,18.16
"Holt, NE",22.68,17.28
"Hooker, NE",17.72,12.71
"Howard, NE",21.98,16.79
"Jefferson, NE",25.47,20.08
"Johnson, NE",25.34,18.97
"Kearney, NE",19.06,14.17
"Keith, NE",21.38,15.83
"Keya Paha, NE",22.14,16.69
"Kimball, NE",22.73,16.72
"Knox, NE",22.41,16.46
"Lancaster, NE",20.26,14.39
"Lincoln, NE",22.13,16.54
"Logan, NE",20.93,15.5
"Loup, NE",24.24,18.4
"McPherson, NE",16.79,11.87
"Madison, NE",20.61,14.66
"Merrick, NE",22.73,17.38
"Morrill, NE",20.31,14.63
"Nance, NE",23.43,17.63
"Nemaha, NE",20.99,15.64
"Nuckolls, NE",23.53,17.87
"Otoe, NE",21.57,16.42
"Pawnee, NE",23.1,17.69
"Perkins, NE",20.94,15.34
"Phelps, NE",21.55,16.46
"Pierce, NE",21.01,15.43
"Platte, NE",19.76,14.42
"Polk, NE",20.26,14.78
"Red Willow, NE",21.38,16.13
"Richardson, NE",25.61,19.74
"Rock, NE",21.46,15.87
"Saline, NE",22.23,16.31
"Sarpy, NE",18.29,13.41
"Saunders, NE",22.13,16.31
"Scotts Bluff, NE",20.67,15.3
"Seward, NE",18.67,13.38
"Sheridan, NE",22.58,16.29
"Sherman, NE",23.26,17.84
"Sioux, NE",18.54,13.42
"Stanton, NE",20.01,14.61
"Thayer, NE",21.9,16.35
"Thomas, NE",19.94,14.53
"Thurston, NE",30.18,20.75
"Valley, NE",21.09,15.59
"Washington, NE",18.83,14.06
"Wayne, NE",17.95,12.6
"Webster, NE",22.13,16.62
"Wheeler, NE",19.14,13.97
"York, NE",21.67,16.47
"Churchill, NV",24.29,18.1
"Clark, NV",23.12,16.7
"Douglas, NV",20.77,14.87
"Elko, NV",22.19,16.83
"Esmeralda, NV",27.58,20.18
"Eureka, NV",22.25,16.07
"Humboldt, NV",23.85,17.75
"Lander, NV",25.4,19.49
"Lincoln, NV",22.87,16.88
"Lyon, NV",26.97,20.21
"Mineral, NV",31.97,24.51
"Nye, NV",30.45,23.23
"Pershing, NV",24.51,17.35
"Storey, NV",25.14,18.27
"Washoe, NV",21.15,14.28
"White Pine, NV",27.05,20.39
"Carson, NV",24.98,18.41
"Belknap, NH",20.2,15.54
"Carroll, NH",20.7,15.32
"Cheshire, NH",20.52,15.02
"Coos, NH",23.37,18.65
"Grafton, NH",16.73,12.3
"Hillsborough, NH",18.6,14.26
"Merrimack, NH",17.76,13.46
"Rockingham, NH",16.6,12.48
"Strafford, NH",19.83,14.99
"Sullivan, NH",19.82,14.81
"Atlantic, NJ",22.82,16.27
"Bergen, NJ",15.28,9.73
"Burlington, NJ",18.97,12.81
"Camden, NJ",20.93,14.44
"Cape May, NJ",22.68,16.31
"Cumberland, NJ",25.44,18.17
"Essex, NJ",19.23,12.53
"Gloucester, NJ",20.67,14.81
"Hudson, NJ",16.55,10.09
"Hunterdon, NJ",14.23,9.55
"Mercer, NJ",17.43,10.81
"Middlesex, NJ",15.24,9.79
"Monmouth, NJ",17.75,11.19
"Morris, NJ",14.03,9.33
"Ocean, NJ",21.63,15.57
"Passaic, NJ",18.15,12.04
"Salem, NJ",22.83,17.16
"Somerset, NJ",12.38,7.74
"Sussex, NJ",18.16,13.07
"Union, NJ",18.07,11.57
"Warren, NJ",19.72,14.58
"Bernalillo, NM",21.0,13.28
"Catron, NM",22.33,15.39
"Chaves, NM",22.89,16.39
"Cibola, NM",25.67,16.71
"Colfax, NM",18.78,12.22
"Curry, NM",21.64,14.79
"De Baca, NM",20.85,13.96
"Dona Ana, NM",18.36,11.73
"Eddy, NM",23.88,18.01
"Grant, NM",20.13,12.58
"Guadalupe, NM",21.07,12.69
"Harding, NM",18.91,12.14
"Hidalgo, NM",20.64,12.68
"Lea, NM",24.02,17.29
"Lincoln, NM",22.33,14.95
"Los Alamos, NM",13.17,8.18
"Luna, NM",22.47,14.46
"McKinley, NM",23.52,15.28
"Mora, NM",18.46,10.51
"Otero, NM",23.69,16.36
"Quay, NM",22.65,15.41
"Rio Arriba, NM",21.5,12.97
"Roosevelt, NM",22.4,15.74
"Sandoval, NM",19.89,13.11
"San Juan, NM",25.45,17.88
"San Miguel, NM",19.61,11.28
"Santa Fe, NM",18.46,11.39
"Sierra, NM",25.24,17.49
"Socorro, NM",23.78,15.24
"Taos, NM",17.95,11.06
"Torrance, NM",26.48,18.17
"Union, NM",21.74,14.56
"Valencia, NM",22.74,14.92
"Albany, NY",17.66,11.79
"Allegany, NY",22.33,16.16
"Bronx, NY",20.28,12.11
"Broome, NY",20.17,14.84
"Cattaraugus, NY",25.21,18.2
"Cayuga, NY",23.31,16.93
"Chautauqua, NY",24.91,17.32
"Chemung, NY",21.93,16.26
"Chenango, NY",22.61,16.71
"Clinton, NY",19.55,14.8
"Columbia, NY",20.13,13.95
"Cortland, NY",20.74,14.95
"Delaware, NY",22.54,16.37
"Dutchess, NY",17.34,11.87
"Erie, NY",20.33,13.96
"Essex, NY",18.93,13.73
"Franklin, NY",22.95,17.03
"Fulton, NY",24.21,18.38
"Genesee, NY",21.4,15.58
"Greene, NY",23.93,16.67
"Hamilton, NY",18.77,13.51
"Herkimer, NY",21.09,15.82
"Jefferson, NY",20.83,15.28
"Kings, NY",18.46,10.92
"Lewis, NY",22.75,17.55
"Livingston, NY",20.34,14.69
"Madison, NY",20.31,14.53
"Monroe, NY",16.89,11.8
"Montgomery, NY",23.37,17.37
"Nassau, NY",15.02,9.52
"New York, NY",14.19,7.68
"Niagara, NY",22.57,16.5
"Oneida, NY",21.28,15.62
"Onondaga, NY",18.67,12.75
"Ontario, NY",17.64,12.54
"Orange, NY",18.78,13.06
"Orleans, NY",23.26,17.12
"Oswego, NY",23.27,17.31
"Otsego, NY",19.49,13.77
"Putnam, NY",15.09,9.99
"Queens, NY",16.46,9.9
"Rensselaer, NY",20.37,14.44
"Richmond, NY",20.1,13.15
"Rockland, NY",15.49,9.96
"St. Lawrence, NY",21.77,16.38
"Saratoga, NY",17.09,12.08
"Schenectady, NY",20.14,14.48
"Schoharie, NY",21.78,15.51
"Schuyler, NY",22.17,16.09
"Seneca, NY",22.94,16.75
"Steuben, NY",22.01,16.2
"Suffolk, NY",17.64,12.45
"Sullivan, NY",23.37,16.6
"Tioga, NY",19.43,14.18
"Tompkins, NY",12.93,8.06
"Ulster, NY",19.93,13.64
"Warren, NY",20.99,15.3
"Washington, NY",22.62,16.72
"Wayne, NY",21.01,15.5
"Westchester, NY",14.8,9.0
"Wyoming, NY",24.47,17.84
"Yates, NY",20.86,15.18
"Alamance, NC",24.74,17.4
"Alexander, NC",25.58,20.35
"Alleghany, NC",25.58,19.53
"Anson, NC",26.28,18.72
"Ashe, NC",25.06,19.16
"Avery, NC",23.65,17.67
"Beaufort, NC",23.46,17.36
"Bertie, NC",25.99,17.6
"Bladen, NC",26.35,18.75
"Brunswick, NC",24.55,17.54
"Buncombe, NC",21.76,15.79
"Burke, NC",26.01,20.43
"Cabarrus, NC",21.52,15.55
"Caldwell, NC",27.53,22.52
"Camden, NC",22.02,16.0
"Carteret, NC",23.52,17.39
"Caswell, NC",27.94,19.88
"Catawba, NC",23.34,17.75
"Chatham, NC",18.33,11.92
"Cherokee, NC",25.31,18.42
"Chowan, NC",24.9,17.94
"Clay, NC",23.67,17.14
"Cleveland, NC",26.08,19.24
"Columbus, NC",26.57,18.52
"Craven, NC",22.42,16.32
"Cumberland, NC",23.24,15.53
"Currituck, NC",23.77,17.58
"Dare, NC",21.39,15.45
"Davidson, NC",25.9,19.98
"Davie, NC",22.82,17.15
"Duplin, NC",25.42,17.75
"Durham, NC",17.02,10.6
"Edgecombe, NC",26.87,19.33
"Forsyth, NC",21.89,15.3
"Franklin, NC",24.31,17.34
"Gaston, NC",26.12,19.28
"Gates, NC",24.9,18.24
"Graham, NC",26.74,19.47
"Granville, NC",25.02,17.44
"Greene, NC",24.84,16.72
"Guilford, NC",20.11,13.92
"Halifax, NC",27.18,19.05
"Harnett, NC",23.72,16.9
"Haywood, NC",24.56,18.05
"Henderson, NC",21.75,15.41
"Hertford, NC",24.95,16.75
"Hoke, NC",23.19,15.78
"Hyde, NC",25.17,17.81
"Iredell, NC",21.43,16.15
"Jackson, NC",23.4,15.87
"Johnston, NC",23.16,17.45
"Jones, NC",25.8,18.22
"Lee, NC",23.25,16.07
"Lenoir, NC",25.95,18.31
"Lincoln, NC",22.87,17.28
"McDowell, NC",28.0,21.67
"Macon, NC",24.37,17.14
"Madison, NC",25.31,18.84
"Martin, NC",24.93,18.13
"Mecklenburg, NC",15.77,10.56
"Mitchell, NC",26.29,19.76
"Montgomery, NC",24.83,18.07
"Moore, NC",20.12,13.96
"Nash, NC",24.47,17.52
"New Hanover, NC",20.8,14.95
"Northampton, NC",27.66,18.92
"Onslow, NC",23.0,16.43
"Orange, NC",15.3,9.59
"Pamlico, NC",23.13,16.83
"Pasquotank, NC",23.66,16.81
"Pender, NC",23.78,17.26
"Perquimans, NC",23.09,16.74
"Person, NC",25.23,18.03
"Pitt, NC",22.41,15.46
"Polk, NC",23.08,16.14
"Randolph, NC",26.55,20.25
"Richmond, NC",26.01,19.12
"Robeson, NC",28.45,19.24
"Rockingham, NC",27.82,20.57
"Rowan, NC",26.1,20.07
"Rutherford, NC",27.29,20.34
"Sampson, NC",25.17,18.04
"Scotland, NC",25.45,18.0
"Stanly, NC",24.93,18.74
"Stokes, NC",27.27,20.91
"Surry, NC",25.46,19.5
"Swain, NC",27.06,18.26
"Transylvania, NC",21.56,14.92
"Tyrrell, NC",27.26,19.5
"Union, NC",18.24,12.76
"Vance, NC",28.73,19.27
"Wake, NC",14.91,9.83
"Warren, NC",26.88,17.58
"Washington, NC",24.81,17.57
"Watauga, NC",17.59,12.72
"Wayne, NC",24.36,17.51
"Wilkes, NC",26.45,21.11
"Wilson, NC",24.83,17.66
"Yadkin, NC",25.53,19.79
"Yancey, NC",25.44,18.61
"Adams, ND",22.61,16.89
"Barnes, ND",21.65,16.29
"Benson, ND",33.36,23.96
"Billings, ND",21.99,16.48
"Bottineau, ND",22.04,16.36
"Bowman, ND",20.93,15.52
"Burke, ND",24.07,18.03
"Burleigh, ND",18.82,13.88
"Cass, ND",18.99,13.59
"Cavalier, ND",21.76,16.42
"Dickey, ND",20.72,15.13
"Divide, ND",22.77,16.8
"Dunn, ND",24.0,17.86
"Eddy, ND",24.31,18.16
"Emmons, ND",23.22,17.63
"Foster, ND",22.58,17.05
"Golden Valley, ND",23.79,18.0
"Grand Forks, ND",19.54,14.52
"Grant, ND",23.01,17.54
"Griggs, ND",24.75,19.11
"Hettinger, ND",23.37,17.67
"Kidder, ND",21.16,15.83
"LaMoure, ND",21.64,16.26
"Logan, ND",24.29,18.84
"McHenry, ND",25.31,19.16
"McIntosh, ND",22.37,16.81
"McKenzie, ND",25.03,18.17
"McLean, ND",22.84,16.84
"Mercer, ND",23.16,17.6
"Morton, ND",21.79,16.55
"Mountrail, ND",26.26,18.41
"Nelson, ND",22.21,16.53
"Oliver, ND",21.86,16.4
"Pembina, ND",22.39,16.68
"Pierce, ND",26.29,20.72
"Ramsey, ND",25.34,19.31
"Ransom, ND",23.66,17.93
"Renville, ND",23.03,17.04
"Richland, ND",23.45,17.84
"Rolette, ND",31.77,21.13
"Sargent, ND",22.29,16.68
"Sheridan, ND",21.76,16.56
"Sioux, ND",35.23,23.84
"Slope, ND",21.33,15.91
"Stark, ND",22.53,17.42
"Steele, ND",22.56,17.01
"Stutsman, ND",24.96,19.41
"Towner, ND",21.49,15.72
"Traill, ND",19.21,13.88
"Walsh, ND",24.29,18.57
"Ward, ND",22.79,16.58
"Wells, ND",22.32,16.83
"Williams, ND",26.98,20.65
"Adams, OH",29.2,23.31
"Allen, OH",25.7,19.54
"Ashland, OH",23.56,17.99
"Ashtabula, OH",29.01,23.44
"Athens, OH",22.16,16.35
"Auglaize, OH",22.91,17.9
"Belmont, OH",27.86,21.54
"Brown, OH",29.11,22.66
"Butler, OH",23.57,17.51
"Carroll, OH",28.36,21.56
"Champaign, OH",25.61,19.36
"Clark, OH",27.52,20.61
"Clermont, OH",23.69,17.72
"Clinton, OH",27.51,21.2
"Columbiana, OH",29.82,23.31
"Coshocton, OH",27.12,21.74
"Crawford, OH",27.23,22.41
"Cuyahoga, OH",22.91,16.48
"Darke, OH",25.56,20.21
"Defiance, OH",23.5,17.91
"Delaware, OH",14.77,10.21
"Erie, OH",23.62,17.85
"Fairfield, OH",21.48,16.71
"Fayette, OH",28.55,22.47
"Franklin, OH",20.65,15.3
"Fulton, OH",23.45,18.25
"Gallia, OH",26.42,20.66
"Geauga, OH",20.35,14.69
"Greene, OH",19.54,13.57
"Guernsey, OH",28.38,22.06
"Hamilton, OH",21.81,15.39
"Hancock, OH",22.67,16.91
"Hardin, OH",26.01,20.57
"Harrison, OH",29.91,22.81
"Henry, OH",24.27,18.82
"Highland, OH",30.19,23.95
"Hocking, OH",25.98,20.54
"Holmes, OH",29.05,23.18
"Huron, OH",25.43,20.0
"Jackson, OH",28.24,22.36
"Jefferson, OH",28.31,22.09
"Knox, OH",23.15,18.12
"Lake, OH",23.36,18.39
"Lawrence, OH",27.45,21.76
"Licking, OH",23.63,18.87
"Logan, OH",25.92,20.31
"Lorain, OH",23.2,17.07
"Lucas, OH",25.27,19.08
"Madison, OH",26.19,19.65
"Mahoning, OH",27.19,20.26
"Marion, OH",28.17,22.59
"Medina, OH",21.42,15.3
"Meigs, OH",28.5,22.54
"Mercer, OH",22.58,17.6
"Miami, OH",24.46,18.5
"Monroe, OH",25.84,19.78
"Montgomery, OH",24.43,17.74
"Morgan, OH",28.48,22.37
"Morrow, OH",24.51,19.36
"Muskingum, OH",27.38,21.81
"Noble, OH",30.68,24.41
"Ottawa, OH",24.02,18.75
"Paulding, OH",24.36,18.58
"Perry, OH",27.97,22.45
"Pickaway, OH",25.88,20.39
"Pike, OH",30.08,23.92
"Portage, OH",25.02,18.43
"Preble, OH",27.3,21.36
"Putnam, OH",20.06,15.07
"Richland, OH",25.85,20.67
"Ross, OH",28.48,22.24
"Sandusky, OH",25.42,19.67
"Scioto, OH",27.99,22.2
"Seneca, OH",25.33,19.52
"Shelby, OH",24.67,19.16
"Stark, OH",25.74,19.13
"Summit, OH",24.0,17.08
"Trumbull, OH",28.56,22.3
"Tuscarawas, OH",26.23,20.11
"Union, OH",21.21,15.77
"Van Wert, OH",24.1,18.68
"Vinton, OH",29.32,23.31
"Warren, OH",18.98,13.47
"Washington, OH",25.44,19.85
"Wayne, OH",25.2,18.77
"Williams, OH",25.73,20.47
"Wood, OH",20.32,15.25
"Wyandot, OH",25.28,20.09
"Adair, OK",33.53,24.26
"Alfalfa, OK",24.44,18.12
"Atoka, OK",27.58,20.84
"Beaver, OK",22.21,16.03
"Beckham, OK",27.46,21.48
"Blaine, OK",26.02,19.32
"Bryan, OK",26.11,19.31
"Caddo, OK",30.43,22.18
"Canadian, OK",22.23,16.41
"Carter, OK",27.65,21.07
"Cherokee, OK",27.76,19.67
"Choctaw, OK",28.86,21.66
"Cimarron, OK",22.55,16.38
"Cleveland, OK",21.47,15.43
"Coal, OK",29.45,22.65
"Comanche, OK",26.46,19.49
"Cotton, OK",27.47,21.03
"Craig, OK",30.22,23.1
"Creek, OK",29.94,22.16
"Custer, OK",22.8,16.71
"Delaware, OK",29.4,22.0
"Dewey, OK",23.06,17.17
"Ellis, OK",20.46,15.14
"Garfield, OK",24.13,18.46
"Garvin, OK",27.57,21.11
"Grady, OK",27.56,21.11
"Grant, OK",23.37,17.65
"Greer, OK",27.33,21.09
"Harmon, OK",23.89,17.25
"Harper, OK",22.37,16.75
"Haskell, OK",29.93,23.05
"Hughes, OK",30.71,23.78
"Jackson, OK",22.94,16.92
"Jefferson, OK",28.08,21.45
"Johnston, OK",27.9,20.48
"Kay, OK",27.54,21.15
"Kingfisher, OK",23.5,17.17
"Kiowa, OK",27.04,20.48
"Latimer, OK",28.37,21.64
"Le Flore, OK",29.92,22.82
"Lincoln, OK",29.5,21.62
"Logan, OK",23.36,16.82
"Love, OK",25.02,18.66
"McClain, OK",23.99,17.95
"McCurtain, OK",28.87,21.41
"McIntosh, OK",29.86,22.67
"Major, OK",23.46,17.75
"Marshall, OK",26.82,19.78
"Mayes, OK",29.79,22.75
"Murray, OK",28.57,21.87
"Muskogee, OK",29.76,22.29
"Noble, OK",25.09,18.8
"Nowata, OK",30.16,23.0
"Okfuskee, OK",31.99,23.75
"Oklahoma, OK",23.85,16.78
"Okmulgee, OK",30.53,22.89
"Osage, OK",28.03,20.05
"Ottawa, OK",30.94,23.78
"Pawnee, OK",28.56,20.79
"Payne, OK",21.05,14.59
"Pittsburg, OK",28.38,22.24
"Pontotoc, OK",24.61,17.79
"Pottawatomie, OK",29.31,21.92
"Pushmataha, OK",30.15,23.3
"Roger Mills, OK",23.38,17.46
"Rogers, OK",23.85,17.55
"Seminole, OK",30.14,22.95
"Sequoyah, OK",32.02,24.13
"Stephens, OK",27.79,21.42
"Texas, OK",21.04,14.25
"Tillman, OK",25.28,18.63
"Tulsa, OK",23.91,16.64
"Wagoner, OK",24.98,18.97
"Washington, OK",25.95,18.79
"Washita, OK",25.38,19.42
"Woods, OK",22.04,16.58
"Woodward, OK",25.02,19.79
"Baker, OR",24.33,18.63
"Benton, OR",15.05,9.46
"Clackamas, OR",17.61,12.27
"Clatsop, OR",23.64,16.87
"Columbia, OR",24.29,18.16
"Coos, OR",28.13,20.64
"Crook, OR",24.38,18.07
"Curry, OR",25.88,19.01
"Deschutes, OR",18.67,12.77
"Douglas, OR",26.53,20.11
"Gilliam, OR",23.5,17.32
"Grant, OR",23.16,17.06
"Harney, OR",25.1,18.69
"Hood River, OR",19.25,13.02
"Jackson, OR",22.04,16.58
"Jefferson, OR",24.15,16.31
"Josephine, OR",24.96,19.08
"Klamath, OR",23.82,17.49
"Lake, OR",23.53,16.85
"Lane, OR",21.19,14.72
"Lincoln, OR",23.72,17.09
"Linn, OR",23.11,16.5
"Malheur, OR",23.85,17.16
"Marion, OR",20.32,14.05
"Morrow, OR",24.48,17.85
"Multnomah, OR",19.25,12.98
"Polk, OR",18.87,13.25
"Sherman, OR",23.98,17.64
"Tillamook, OR",22.21,16.15
"Umatilla, OR",24.39,18.06
"Union, OR",22.84,17.41
"Wallowa, OR",22.73,16.46
"Wasco, OR",22.8,16.46
"Washington, OR",14.66,9.85
"Wheeler, OR",22.94,16.86
"Yamhill, OR",18.45,12.97
"Adams, PA",21.54,15.83
"Allegheny, PA",23.64,17.0
"Armstrong, PA",26.0,20.29
"Beaver, PA",25.42,19.23
"Bedford, PA",24.26,18.63
"Berks, PA",22.3,16.35
"Blair, PA",23.62,18.02
"Bradford, PA",23.59,18.46
"Bucks, PA",19.32,14.42
"Butler, PA",21.08,15.64
"Cambria, PA",23.21,17.57
"Cameron, PA",26.26,20.35
"Carbon, PA",26.47,19.69
"Centre, PA",15.39,10.77
"Chester, PA",14.68,10.36
"Clarion, PA",23.76,18.32
"Clearfield, PA",24.09,18.44
"Clinton, PA",23.1,17.74
"Columbia, PA",22.54,16.91
"Crawford, PA",25.3,19.78
"Cumberland, PA",17.79,12.58
"Dauphin, PA",20.31,14.71
"Delaware, PA",20.09,14.4
"Elk, PA",25.79,19.99
"Erie, PA",25.14,18.8
"Fayette, PA",27.06,21.52
"Forest, PA",30.17,22.75
"Franklin, PA",22.33,16.81
"Fulton, PA",23.82,17.89
"Greene, PA",24.47,18.97
"Huntingdon, PA",23.8,17.87
"Indiana, PA",20.38,15.27
"Jefferson, PA",25.33,19.9
"Juniata, PA",23.92,18.94
"Lackawanna, PA",23.38,17.34
"Lancaster, PA",21.34,16.13
"Lawrence, PA",24.76,18.68
"Lebanon, PA",22.94,17.63
"Lehigh, PA",21.45,15.14
"Luzerne, PA",24.41,18.09
"Lycoming, PA",22.34,17.22
"McKean, PA",27.26,20.91
"Mercer, PA",25.22,19.19
"Mifflin, PA",25.16,20.36
"Monroe, PA",22.28,15.79
"Montgomery, PA",16.71,11.78
"Montour, PA",22.84,16.91
"Northampton, PA",22.53,16.81
"Northumberland, PA",24.87,19.41
"Perry, PA",22.63,17.45
"Philadelphia, PA",24.88,16.69
"Pike, PA",23.9,17.98
"Potter, PA",24.77,19.05
"Schuylkill, PA",26.42,20.12
"Snyder, PA",22.35,17.46
"Somerset, PA",25.71,19.56
"Sullivan, PA",23.71,17.77
"Susquehanna, PA",24.65,19.0
"Tioga, PA",22.48,17.58
"Union, PA",21.71,15.99
"Venango, PA",27.32,21.47
"Warren, PA",26.27,20.12
"Washington, PA",23.74,17.91
"Wayne, PA",25.32,19.14
"Westmoreland, PA",22.2,16.66
"Wyoming, PA",23.54,17.59
"York, PA",20.78,15.78
"Bristol, RI",17.08,12.27
"Kent, RI",20.73,14.88
"Newport, RI",17.24,11.96
"Providence, RI",20.63,14.67
"Washington, RI",16.6,11.58
"Abbeville, SC",25.39,18.09
"Aiken, SC",22.38,15.9
"Allendale, SC",25.28,16.63
"Anderson, SC",23.88,17.4
"Bamberg, SC",23.78,15.5
"Barnwell, SC",25.66,18.39
"Beaufort, SC",18.66,12.32
"Berkeley, SC",22.99,16.63
"Calhoun, SC",22.2,15.1
"Charleston, SC",19.13,12.22
"Cherokee, SC",28.09,21.11
"Chester, SC",27.03,19.47
"Chesterfield, SC",25.52,18.59
"Clarendon, SC",23.73,16.64
"Colleton, SC",25.42,17.37
"Darlington, SC",23.39,16.36
"Dillon, SC",27.63,18.89
"Dorchester, SC",21.46,14.83
"Edgefield, SC",23.0,16.2
"Fairfield, SC",24.78,16.43
"Florence, SC",22.68,15.5
"Georgetown, SC",21.46,15.28
"Greenville, SC",19.98,14.07
"Greenwood, SC",24.92,17.57
"Hampton, SC",24.84,17.18
"Horry, SC",25.04,17.31
"Jasper, SC",25.12,17.12
"Kershaw, SC",22.9,16.67
"Lancaster, SC",24.34,17.98
"Laurens, SC",26.45,18.98
"Lee, SC",27.2,18.76
"Lexington, SC",22.25,15.42
"McCormick, SC",23.51,15.6
"Marion, SC",24.67,15.95
"Marlboro, SC",26.88,18.94
"Newberry, SC",25.54,17.34
"Oconee, SC",22.83,16.35
"Orangeburg, SC",23.73,15.59
"Pickens, SC",21.89,15.47
"Richland, SC",19.2,12.64
"Saluda, SC",23.74,16.62
"Spartanburg, SC",25.04,17.95
"Sumter, SC",23.71,16.83
"Union, SC",27.49,19.81
"Williamsburg, SC",23.2,15.32
"York, SC",21.4,15.41
"Aurora, SD",21.84,16.43
"Beadle, SD",22.09,16.95
"Bennett, SD",29.83,20.11
"Bon Homme, SD",23.14,16.95
"Brookings, SD",16.97,11.91
"Brown, SD",20.31,14.65
"Brule, SD",21.86,15.81
"Buffalo, SD",35.67,24.12
"Butte, SD",24.99,18.73
"Campbell, SD",20.13,14.85
"Charles Mix, SD",26.99,19.13
"Clark, SD",22.37,16.66
"Clay, SD",16.89,11.36
"Codington, SD",23.25,17.72
"Corson, SD",30.83,20.76
"Custer, SD",19.57,13.68
"Davison, SD",19.17,14.57
"Day, SD",24.4,17.82
"Deuel, SD",21.15,15.52
"Dewey, SD",33.69,23.02
"Douglas, SD",20.66,15.55
"Edmunds, SD",19.7,14.07
"Fall River, SD",23.78,17.44
"Faulk, SD",22.82,17.08
"Grant, SD",24.79,19.16
"Gregory, SD",22.12,16.21
"Haakon, SD",19.69,14.1
"Hamlin, SD",21.73,16.15
"Hand, SD",20.96,15.6
"Hanson, SD",20.57,15.21
"Harding, SD",17.74,12.41
"Hughes, SD",18.1,12.99
"Hutchinson, SD",19.14,13.89
"Hyde, SD",23.11,17.19
"Jackson, SD",27.47,18.56
"Jerauld, SD",22.5,16.86
"Jones, SD",22.55,16.79
"Kingsbury, SD",19.53,14.32
"Lake, SD",19.15,13.81
"Lawrence, SD",21.68,14.81
"Lincoln, SD",16.03,11.33
"Lyman, SD",25.6,17.53
"McCook, SD",20.22,14.61
"McPherson, SD",21.52,15.81
"Marshall, SD",22.17,15.67
"Meade, SD",22.23,16.32
"Mellette, SD",29.43,19.92
"Miner, SD",20.5,14.95
"Minnehaha, SD",21.28,15.49
"Moody, SD",21.75,15.29
"Pennington, SD",23.05,16.5
"Perkins, SD",20.7,15.1
"Potter, SD",21.62,15.92
"Roberts, SD",26.81,18.75
"Sanborn, SD",21.26,16.04
"Shannon, SD",36.0,23.68
"Spink, SD",20.9,15.35
"Stanley, SD",22.05,16.3
"Sully, SD",18.72,13.39
"Todd, SD",34.36,22.59
"Tripp, SD",23.6,17.39
"Turner, SD",20.72,15.1
"Union, SD",18.99,13.23
"Walworth, SD",23.29,17.07
"Yankton, SD",21.47,16.07
"Ziebach, SD",31.53,21.16
"Anderson, TN",24.8,19.47
"Bedford, TN",26.84,20.87
"Benton, TN",28.65,22.36
"Bledsoe, TN",29.66,23.72
"Blount, TN",23.76,18.54
"Bradley, TN",26.48,20.63
"Campbell, TN",32.09,26.26
"Cannon, TN",28.18,22.52
"Carroll, TN",26.85,20.67
"Carter, TN",29.17,23.07
"Cheatham, TN",26.0,20.14
"Chester, TN",25.68,19.17
"Claiborne, TN",28.54,22.7
"Clay, TN",25.65,19.6
"Cocke, TN",30.24,24.01
"Coffee, TN",26.3,20.24
"Crockett, TN",25.99,19.49
"Cumberland, TN",26.61,21.57
"Davidson, TN",20.86,14.82
"Decatur, TN",26.39,20.26
"DeKalb, TN",26.44,20.72
"Dickson, TN",27.74,21.79
"Dyer, TN",26.13,19.85
"Fayette, TN",22.27,16.14
"Fentress, TN",28.93,23.1
"Franklin, TN",26.38,19.88
"Gibson, TN",26.6,20.35
"Giles, TN",26.88,20.37
"Grainger, TN",29.25,22.95
"Greene, TN",27.7,21.53
"Grundy, TN",29.76,22.86
"Hamblen, TN",27.46,21.16
"Hamilton, TN",23.59,17.29
"Hancock, TN",30.63,23.76
"Hardeman, TN",27.81,20.3
"Hardin, TN",28.21,21.7
"Hawkins, TN",29.07,22.97
"Haywood, TN",26.04,18.91
"Henderson, TN",26.96,20.71
"Henry, TN",28.38,21.99
"Hickman, TN",29.81,22.95
"Houston, TN",28.94,22.52
"Humphreys, TN",28.02,21.55
"Jackson, TN",29.42,23.31
"Jefferson, TN",28.14,21.93
"Johnson, TN",29.57,23.28
"Knox, TN",19.94,14.73
"Lake, TN",31.6,23.77
"Lauderdale, TN",29.56,22.05
"Lawrence, TN",27.52,21.41
"Lewis, TN",29.99,23.61
"Lincoln, TN",27.14,20.99
"Loudon, TN",23.76,18.2
"McMinn, TN",27.66,21.47
"McNairy, TN",27.56,20.85
"Macon, TN",29.53,23.46
"Madison, TN",23.27,16.78
"Marion, TN",27.76,21.59
"Marshall, TN",27.26,21.15
"Maury, TN",27.07,20.37
"Meigs, TN",30.94,24.79
"Monroe, TN",29.27,22.81
"Montgomery, TN",23.92,17.78
"Moore, TN",26.33,20.02
"Morgan, TN",29.85,24.24
"Obion, TN",27.37,21.4
"Overton, TN",26.6,20.85
"Perry, TN",29.69,22.99
"Pickett, TN",26.46,20.41
"Polk, TN",29.45,22.67
"Putnam, TN",24.41,19.1
"Rhea, TN",29.0,23.39
"Roane, TN",25.89,20.63
"Robertson, TN",27.31,20.67
"Rutherford, TN",20.73,15.51
"Scott, TN",30.77,24.46
"Sequatchie, TN",28.07,22.04
"Sevier, TN",25.58,19.61
"Shelby, TN",21.78,14.55
"Smith, TN",26.81,21.28
"Stewart, TN",27.55,21.52
"Sullivan, TN",28.18,21.91
"Sumner, TN",24.79,18.69
"Tipton, TN",25.73,19.67
"Trousdale, TN",28.13,21.6
"Unicoi, TN",30.18,24.01
"Union, TN",30.03,24.22
"Van Buren, TN",28.9,23.1
"Warren, TN",27.44,21.18
"Washington, TN",24.44,18.64
"Wayne, TN",29.34,22.8
"Weakley, TN",25.11,19.1
"White, TN",28.16,22.58
"Williamson, TN",14.46,9.95
"Wilson, TN",22.37,17.03
"Anderson, TX",28.01,19.83
"Andrews, TX",22.05,15.4
"Angelina, TX",24.56,17.51
"Aransas, TX",21.65,15.12
"Archer, TX",21.37,15.57
"Armstrong, TX",18.52,12.87
"Atascosa, TX",19.74,12.59
"Austin, TX",19.66,13.82
"Bailey, TX",20.56,13.71
"Bandera, TX",20.04,13.95
"Bastrop, TX",20.25,13.93
"Baylor, TX",21.13,14.99
"Bee, TX",22.7,15.23
"Bell, TX",19.7,13.51
"Bexar, TX",18.05,11.4
"Blanco, TX",19.08,12.78
"Borden, TX",16.97,11.57
"Bosque, TX",22.69,16.45
"Bowie, TX",23.75,16.57
"Brazoria, TX",18.08,12.15
"Brazos, TX",16.31,10.71
"Brewster, TX",15.12,9.5
"Briscoe, TX",20.96,14.49
"Brooks, TX",17.79,10.39
"Brown, TX",23.57,17.27
"Burleson, TX",23.52,17.09
"Burnet, TX",21.64,15.5
"Caldwell, TX",21.64,14.48
"Calhoun, TX",19.98,13.22
"Callahan, TX",23.43,17.41
"Cameron, TX",15.2,8.13
"Camp, TX",23.95,16.81
"Carson, TX",20.03,14.2
"Cass, TX",24.93,18.03
"Castro, TX",19.97,13.0
"Chambers, TX",21.44,14.73
"Cherokee, TX",25.18,18.02
"Childress, TX",22.14,15.71
"Clay, TX",21.99,16.27
"Cochran, TX",20.07,13.2
"Coke, TX",21.56,15.12
"Coleman, TX",23.95,17.89
"Collin, TX",13.26,8.82
"Collingsworth, TX",19.79,13.46
"Colorado, TX",20.91,14.45
"Comal, TX",17.6,11.44
"Comanche, TX",22.01,15.34
"Concho, TX",22.41,14.72
"Cooke, TX",22.66,16.99
"Coryell, TX",22.4,16.23
"Cottle, TX",18.57,12.52
"Crane, TX",20.8,14.05
"Crockett, TX",22.03,15.05
"Crosby, TX",19.74,12.71
"Culberson, TX",17.89,11.12
"Dallam, TX",24.08,17.51
"Dallas, TX",19.04,12.87
"Dawson, TX",23.62,16.12
"Deaf Smith, TX",19.44,12.55
"Delta, TX",23.59,17.08
"Denton, TX",15.18,10.56
"DeWitt, TX",22.91,16.04
"Dickens, TX",23.3,16.1
"Dimmit, TX",17.86,10.79
"Donley, TX",21.82,15.5
"Duval, TX",18.35,10.74
"Eastland, TX",24.22,17.55
"Ector, TX",23.66,16.39
"Edwards, TX",17.96,11.24
"Ellis, TX",20.55,14.61
"El Paso, TX",17.85,10.78
"Erath, TX",21.18,14.84
"Falls, TX",24.62,17.1
"Fannin, TX",25.06,18.53
"Fayette, TX",20.29,14.59
"Fisher, TX",20.52,14.33
"Floyd, TX",18.71,12.1
"Foard, TX",21.57,15.04
"Fort Bend, TX",13.92,8.73
"Franklin, TX",20.79,14.68
"Freestone, TX",26.07,18.47
"Frio, TX",20.52,12.86
"Gaines, TX",22.92,16.42
"Galveston, TX",18.8,12.54
"Garza, TX",23.91,16.58
"Gillespie, TX",19.14,13.34
"Glasscock, TX",17.96,12.31
"Goliad, TX",19.77,13.36
"Gonzales, TX",20.49,13.72
"Gray, TX",24.22,17.77
"Grayson, TX",23.59,17.51
"Gregg, TX",23.54,16.82
"Grimes, TX",24.89,17.8
"Guadalupe, TX",18.81,12.39
"Hale, TX",21.51,14.19
"Hall, TX",21.22,14.42
"Hamilton, TX",23.36,17.23
"Hansford, TX",19.71,13.31
"Hardeman, TX",22.32,15.76
"Hardin, TX",24.86,18.34
"Harris, TX",17.68,11.21
"Harrison, TX",23.55,16.64
"Hartley, TX",21.18,15.01
"Haskell, TX",21.81,15.62
"Hays, TX",15.94,9.91
"Hemphill, TX",22.29,16.19
"Henderson, TX",26.8,19.76
"Hidalgo, TX",14.8,8.09
"Hill, TX",22.67,16.29
"Hockley, TX",19.25,12.97
"Hood, TX",22.51,16.52
"Hopkins, TX",23.67,17.58
"Houston, TX",25.58,17.69
"Howard, TX",24.78,17.55
"Hudspeth, TX",19.75,11.87
"Hunt, TX",23.53,17.46
"Hutchinson, TX",24.2,18.16
"Irion, TX",22.93,16.46
"Jack, TX",25.93,19.33
"Jackson, TX",21.47,14.75
"Jasper, TX",25.65,18.42
"Jeff Davis, TX",16.85,10.79
"Jefferson, TX",23.81,16.06
"Jim Hogg, TX",17.51,10.27
"Jim Wells, TX",18.53,11.4
"Johnson, TX",23.13,17.14
"Jones, TX",26.27,18.83
"Karnes, TX",21.85,14.56
"Kaufman, TX",22.33,16.28
"Kendall, TX",15.43,10.03
"Kenedy, TX",14.31,8.23
"Kent, TX",18.4,12.89
"Kerr, TX",18.97,12.97
"Kimble, TX",21.88,15.63
"King, TX",18.58,12.81
"Kinney, TX",19.9,13.19
"Kleberg, TX",16.44,9.99
"Knox, TX",21.54,14.89
"Lamar, TX",24.19,17.65
"Lamb, TX",20.71,13.65
"Lampasas, TX",21.22,15.21
"La Salle, TX",21.95,13.48
"Lavaca, TX",21.57,15.42
"Lee, TX",21.45,15.47
"Leon, TX",24.46,17.37
"Liberty, TX",26.26,18.74
"Limestone, TX",23.98,16.92
"Lipscomb, TX",19.27,13.16
"Live Oak, TX",21.2,14.28
"Llano, TX",24.21,17.88
"Loving, TX",27.19,20.62
"Lubbock, TX",20.36,13.66
"Lynn, TX",20.39,13.67
"McCulloch, TX",22.0,15.61
"McLennan, TX",20.7,14.4
"McMullen, TX",25.15,17.42
"Madison, TX",25.42,17.95
"Marion, TX",25.5,18.5
"Martin, TX",21.42,14.55
"Mason, TX",17.4,11.69
"Matagorda, TX",20.83,14.12
"Maverick, TX",16.1,9.24
"Medina, TX",18.38,11.89
"Menard, TX",20.86,13.97
"Midland, TX",19.6,13.69
"Milam, TX",22.5,16.02
"Mills, TX",20.81,14.84
"Mitchell, TX",23.74,16.58
"Montague, TX",23.82,18.03
"Montgomery, TX",18.98,13.14
"Moore, TX",20.57,14.17
"Morris, TX",23.92,16.64
"Motley, TX",19.96,13.92
"Nacogdoches, TX",20.62,14.34
"Navarro, TX",23.54,16.35
"Newton, TX",26.92,19.55
"Nolan, TX",22.42,16.04
"Nueces, TX",19.26,12.26
"Ochiltree, TX",21.71,15.16
"Oldham, TX",19.04,13.24
"Orange, TX",26.81,20.2
"Palo Pinto, TX",25.08,18.39
"Panola, TX",25.94,19.44
"Parker, TX",21.18,15.24
"Parmer, TX",19.78,12.99
"Pecos, TX",20.38,13.35
"Polk, TX",26.8,19.19
"Potter, TX",23.51,16.49
"Presidio, TX",14.7,8.41
"Rains, TX",25.94,19.82
"Randall, TX",18.59,12.85
"Reagan, TX",21.19,14.64
"Real, TX",19.6,13.28
"Red River, TX",26.27,18.89
"Reeves, TX",21.05,13.7
"Refugio, TX",20.77,13.87
"Roberts, TX",15.75,10.48
"Robertson, TX",23.03,15.89
"Rockwall, TX",16.46,11.61
"Runnels, TX",22.08,15.66
"Rusk, TX",24.24,17.48
"Sabine, TX",26.15,18.83
"San Augustine, TX",27.94,20.02
"San Jacinto, TX",25.8,18.59
"San Patricio, TX",20.58,13.71
"San Saba, TX",23.17,16.38
"Schleicher, TX",17.35,11.19
"Scurry, TX",22.19,15.99
"Shackelford, TX",20.68,14.75
"Shelby, TX",23.62,16.84
"Sherman, TX",17.0,11.24
"Smith, TX",20.74,14.77
"Somervell, TX",18.02,12.03
"Starr, TX",17.64,9.98
"Stephens, TX",24.77,18.18
"Sterling, TX",17.79,11.82
"Stonewall, TX",17.35,11.85
"Sutton, TX",19.05,12.83
"Swisher, TX",20.5,13.73
"Tarrant, TX",18.82,13.04
"Taylor, TX",20.78,14.89
"Terrell, TX",19.1,12.71
"Terry, TX",23.24,15.81
"Throckmorton, TX",22.01,15.95
"Titus, TX",22.23,14.99
"Tom Green, TX",20.65,14.26
"Travis, TX",14.94,9.22
"Trinity, TX",27.58,20.42
"Tyler, TX",27.23,19.84
"Upshur, TX",24.52,18.25
"Upton, TX",19.25,12.68
"Uvalde, TX",18.02,11.3
"Val Verde, TX",17.81,11.14
"Van Zandt, TX",25.92,20.0
"Victoria, TX",21.1,14.17
"Walker, TX",23.1,16.08
"Waller, TX",19.54,13.03
"Ward, TX",23.15,16.11
"Washington, TX",19.9,13.93
"Webb, TX",15.64,8.66
"Wharton, TX",21.62,14.78
"Wheeler, TX",19.78,13.85
"Wichita, TX",22.84,16.63
"Wilbarger, TX",23.12,16.7
"Willacy, TX",17.69,9.81
"Williamson, TX",14.82,9.9
"Wilson, TX",18.94,12.65
"Winkler, TX",24.77,17.64
"Wise, TX",22.12,16.43
"Wood, TX",24.16,18.23
"Yoakum, TX",19.04,12.83
"Young, TX",24.82,18.49
"Zapata, TX",17.45,10.1
"Zavala, TX",17.46,10.12
"Beaver, UT",21.03,15.46
"Box Elder, UT",14.2,10.54
"Cache, UT",10.89,8.09
"Carbon, UT",17.56,13.65
"Daggett, UT",19.18,14.18
"Davis, UT",9.99,7.16
"Duchesne, UT",15.78,11.92
"Emery, UT",19.65,15.07
"Garfield, UT",19.17,13.61
"Grand, UT",20.54,15.18
"Iron, UT",15.93,11.38
"Juab, UT",16.79,12.81
"Kane, UT",15.81,11.06
"Millard, UT",19.22,13.89
"Morgan, UT",11.8,8.49
"Piute, UT",20.23,14.53
"Rich, UT",16.98,12.59
"Salt Lake, UT",13.0,9.11
"San Juan, UT",23.91,16.33
"Sanpete, UT",15.54,11.61
"Sevier, UT",19.83,14.79
"Summit, UT",10.67,6.97
"Tooele, UT",15.57,11.17
"Uintah, UT",20.98,16.11
"Utah, UT",7.81,5.75
"Wasatch, UT",9.4,7.0
"Washington, UT",15.47,11.54
"Wayne, UT",17.48,12.21
"Weber, UT",15.7,11.73
"Addison, VT",16.7,11.79
"Bennington, VT",19.76,13.81
"Caledonia, VT",19.47,14.15
"Chittenden, VT",13.78,10.0
"Essex, VT",20.99,15.8
"Franklin, VT",20.57,15.74
"Grand Isle, VT",16.41,12.22
"Lamoille, VT",16.67,11.83
"Orange, VT",18.55,13.36
"Orleans, VT",22.75,16.92
"Rutland, VT",20.14,14.42
"Washington, VT",16.97,11.97
"Windham, VT",17.93,12.44
"Windsor, VT",17.6,12.23
"Accomack, VA",22.99,16.62
"Albemarle, VA",14.31,9.26
"Alleghany, VA",24.78,19.38
"Amelia, VA",24.59,18.4
"Amherst, VA",25.49,19.58
"Appomattox, VA",24.46,18.44
"Arlington, VA",10.96,6.39
"Augusta County/Waynesboro, VA",24.46,18.88
"Bath, VA",25.26,19.37
"Bedford County/Bedford, VA",23.48,18.12
"Bland, VA",26.76,20.65
"Botetourt, VA",22.11,16.79
"Brunswick, VA",28.18,19.48
"Buchanan, VA",30.06,23.18
"Buckingham, VA",25.88,18.83
"Campbell, VA",25.13,19.77
"Caroline, VA",23.89,17.37
"Carroll, VA",26.3,20.52
"Charles City, VA",26.25,18.22
"Charlotte, VA",25.75,18.63
"Chesterfield, VA",18.88,13.26
"Clarke, VA",18.76,13.4
"Craig, VA",24.68,19.15
"Culpeper, VA",21.68,16.15
"Cumberland, VA",24.03,17.49
"Dickenson, VA",30.34,22.79
"Dinwiddie, VA",25.79,19.42
"Essex, VA",24.66,17.7
"Fairfax County/Fairfax, VA",12.85,7.59
"Fauquier, VA",19.15,13.93
"Floyd, VA",23.33,17.73
"Fluvanna, VA",20.95,15.27
"Franklin, VA",23.79,17.69
"Frederick, VA",22.05,16.39
"Giles, VA",26.16,20.4
"Gloucester, VA",22.29,17.0
"Goochland, VA",18.68,12.74
"Grayson, VA",26.7,21.04
"Greene, VA",23.02,17.46
"Greensville, VA",27.89,19.94
"Halifax, VA",26.37,19.03
"Hanover, VA",19.62,13.87
"Henrico, VA",18.74,12.38
"Henry, VA",27.24,20.01
"Highland, VA",22.87,17.2
"Isle of Wight, VA",20.41,14.94
"James City, VA",16.5,11.48
"King and Queen, VA",24.88,18.33
"King George, VA",18.33,13.02
"King William, VA",23.92,17.43
"Lancaster, VA",21.86,15.19
"Lee, VA",27.88,21.3
"Loudoun, VA",11.74,7.36
"Louisa, VA",24.17,17.72
"Lunenburg, VA",28.4,20.18
"Madison, VA",24.05,18.07
"Mathews, VA",21.21,15.54
"Mecklenburg, VA",28.09,19.78
"Middlesex, VA",20.54,14.37
"Montgomery, VA",17.48,12.53
"Nelson, VA",22.69,16.56
"New Kent, VA",23.09,16.49
"Northampton, VA",23.53,15.74
"Northumberland, VA",23.01,16.19
"Nottoway, VA",28.75,21.09
"Orange, VA",22.82,16.94
"Page, VA",27.75,22.2
"Patrick, VA",27.83,21.33
"Pittsylvania, VA",25.76,19.09
"Powhatan, VA",21.76,15.65
"Prince Edward, VA",23.53,16.41
"Prince George, VA",23.25,16.7
"Prince William County/Manassas Park, VA",18.34,12.41
"Pulaski, VA",26.42,20.65
"Rappahannock, VA",20.11,14.6
"Richmond, VA",27.69,20.13
"Roanoke, VA",20.76,15.44
"Rockbridge, VA",23.51,17.63
"Rockingham, VA",21.72,16.69
"Russell, VA",28.04,21.46
"Scott, VA",28.0,21.4
"Shenandoah, VA",24.46,19.1
"Smyth, VA",26.43,20.74
"Southampton County/Franklin, VA",25.57,18.64
"Spotsylvania, VA",18.74,13.61
"Stafford, VA",16.92,12.13
"Surry, VA",23.12,16.28
"Sussex, VA",27.38,19.39
"Tazewell, VA",26.42,20.78
"Warren, VA",24.33,18.87
"Washington, VA",23.22,17.5
"Westmoreland, VA",25.32,18.68
"Wise, VA",29.46,22.81
"Wythe, VA",26.03,20.42
"York, VA",16.27,11.26
"Alexandria, VA",13.63,8.18
"Bristol, VA",29.07,23.26
"Buena Vista, VA",31.65,25.5
"Charlottesville, VA",19.76,12.69
"Chesapeake, VA",20.35,14.29
"Colonial Heights, VA",27.08,20.96
"Covington, VA",30.17,24.47
"Danville, VA",27.12,19.37
"Emporia, VA",27.12,19.61
"Falls Church, VA",10.02,5.39
"Fredericksburg, VA",18.65,13.27
"Galax, VA",26.4,20.75
"Hampton, VA",22.63,14.97
"Harrisonburg, VA",18.25,13.12
"Hopewell, VA",29.96,23.0
"Lexington, VA",18.08,12.37
"Lynchburg, VA",21.96,16.34
"Manassas, VA",21.37,14.65
"Martinsville, VA",24.31,16.35
"Newport News, VA",22.87,16.09
"Norfolk, VA",22.71,15.07
"Norton, VA",29.21,23.4
"Petersburg, VA",28.57,19.76
"Poquoson, VA",19.12,13.66
"Portsmouth, VA",25.58,17.66
"Radford, VA",21.5,16.05
"Richmond, VA",22.35,14.88
"Roanoke, VA",27.68,20.2
"Salem, VA",24.72,18.34
"Staunton, VA",21.14,15.72
"Suffolk, VA",22.1,15.72
"Virginia Beach, VA",19.87,13.53
"Williamsburg, VA",15.7,10.6
"Winchester, VA",25.23,18.22
"Adams, WA",16.67,11.39
"Asotin, WA",25.17,19.14
"Benton, WA",17.86,12.91
"Chelan, WA",18.97,13.24
"Clallam, WA",23.97,16.67
"Clark, WA",18.86,13.28
"Columbia, WA",21.38,15.76
"Cowlitz, WA",24.55,17.5
"Douglas, WA",19.53,13.95
"Ferry, WA",25.04,17.46
"Franklin, WA",19.28,13.52
"Garfield, WA",17.19,11.96
"Grant, WA",19.34,13.68
"Grays Harbor, WA",26.54,19.64
"Island, WA",18.26,12.88
"Jefferson, WA",19.84,13.73
"King, WA",14.15,9.1
"Kitsap, WA",19.76,13.9
"Kittitas, WA",16.75,11.17
"Klickitat, WA",21.5,15.26
"Lewis, WA",23.92,17.51
"Lincoln, WA",19.71,14.44
"Mason, WA",24.36,17.61
"Okanogan, WA",21.9,15.08
"Pacific, WA",25.03,17.63
"Pend Oreille, WA",23.22,17.25
"Pierce, WA",20.63,14.56
"San Juan, WA",16.33,10.32
"Skagit, WA",20.51,14.51
"Skamania, WA",19.52,13.28
"Snohomish, WA",19.32,14.04
"Spokane, WA",20.38,15.09
"Stevens, WA",21.46,15.64
"Thurston, WA",18.97,13.23
"Wahkiakum, WA",23.68,16.46
"Walla Walla, WA",18.43,13.08
"Whatcom, WA",17.94,12.46
"Whitman, WA",12.26,8.03
"Yakima, WA",19.77,13.54
"Barbour, WV",27.77,22.69
"Berkeley, WV",26.13,20.6
"Boone, WV",32.3,27.6
"Braxton, WV",29.94,24.37
"Brooke, WV",29.76,24.62
"Cabell, WV",26.92,21.76
"Calhoun, WV",31.8,25.95
"Clay, WV",32.41,26.69
"Doddridge, WV",30.7,24.72
"Fayette, WV",31.36,26.48
"Gilmer, WV",28.77,22.19
"Grant, WV",30.59,25.25
"Greenbrier, WV",27.33,22.06
"Hampshire, WV",32.68,26.69
"Hancock, WV",31.36,25.46
"Hardy, WV",31.83,26.14
"Harrison, WV",25.76,20.8
"Jackson, WV",29.03,23.48
"Jefferson, WV",22.47,16.56
"Kanawha, WV",26.47,21.37
"Lewis, WV",27.56,22.47
"Lincoln, WV",31.36,26.46
"Logan, WV",32.03,26.83
"McDowell, WV",33.87,28.0
"Marion, WV",25.64,20.96
"Marshall, WV",28.49,23.07
"Mason, WV",32.36,27.32
"Mercer, WV",28.86,23.16
"Mineral, WV",29.54,23.74
"Mingo, WV",31.95,25.77
"Monongalia, WV",21.0,16.26
"Monroe, WV",27.96,22.62
"Morgan, WV",27.83,21.89
"Nicholas, WV",28.75,23.43
"Ohio, WV",26.28,21.15
"Pendleton, WV",27.89,22.44
"Pleasants, WV",30.24,24.63
"Pocahontas, WV",26.8,21.11
"Preston, WV",28.82,23.86
"Putnam, WV",24.17,19.85
"Raleigh, WV",30.32,24.52
"Randolph, WV",27.72,22.25
"Ritchie, WV",30.54,24.49
"Roane, WV",33.58,27.78
"Summers, WV",28.44,22.87
"Taylor, WV",26.54,22.12
"Tucker, WV",26.24,20.82
"Tyler, WV",29.52,23.88
"Upshur, WV",26.37,21.45
"Wayne, WV",31.17,25.45
"Webster, WV",30.78,25.31
"Wetzel, WV",28.3,23.11
"Wirt, WV",30.25,24.15
"Wood, WV",29.2,23.29
"Wyoming, WV",31.72,26.42
"Adams, WI",25.97,19.07
"Ashland, WI",23.61,17.25
"Barron, WI",23.51,17.41
"Bayfield, WI",20.99,14.96
"Brown, WI",19.1,13.92
"Buffalo, WI",21.99,16.29
"Burnett, WI",22.96,16.5
"Calumet, WI",17.72,13.22
"Chippewa, WI",22.81,16.81
"Clark, WI",23.97,18.4
"Columbia, WI",23.18,16.59
"Crawford, WI",23.38,17.82
"Dane, WI",15.73,10.09
"Dodge, WI",23.58,17.53
"Door, WI",19.07,13.51
"Douglas, WI",23.35,17.54
"Dunn, WI",20.15,14.56
"Eau Claire, WI",19.23,14.04
"Florence, WI",23.87,18.06
"Fond du Lac, WI",20.84,16.02
"Forest, WI",27.72,20.6
"Grant, WI",20.95,15.45
"Green, WI",21.27,15.87
"Green Lake, WI",24.01,17.99
"Iowa, WI",20.23,14.38
"Iron, WI",23.55,16.63
"Jackson, WI",25.17,19.33
"Jefferson, WI",21.27,15.35
"Juneau, WI",25.77,19.64
"Kenosha, WI",22.03,15.78
"Kewaunee, WI",21.92,16.67
"La Crosse, WI",20.48,15.3
"Lafayette, WI",21.03,15.43
"Langlade, WI",25.05,19.74
"Lincoln, WI",23.53,18.13
"Manitowoc, WI",20.92,16.01
"Marathon, WI",20.98,15.87
"Marinette, WI",25.5,19.71
"Marquette, WI",26.32,19.58
"Menominee, WI",33.68,22.61
"Milwaukee, WI",23.56,15.36
"Monroe, WI",24.91,19.53
"Oconto, WI",23.5,18.05
"Oneida, WI",22.38,16.29
"Outagamie, WI",19.32,13.97
"Ozaukee, WI",16.17,11.09
"Pepin, WI",21.35,15.85
"Pierce, WI",19.32,13.96
"Polk, WI",22.31,16.15
"Portage, WI",19.37,14.1
"Price, WI",23.81,17.42
"Racine, WI",22.38,15.84
"Richland, WI",23.36,17.55
"Rock, WI",22.95,17.17
"Rusk, WI",24.81,18.3
"St. Croix, WI",17.96,12.71
"Sauk, WI",23.01,16.67
"Sawyer, WI",24.48,17.43
"Shawano, WI",24.08,18.09
"Sheboygan, WI",20.25,15.49
"Taylor, WI",24.13,18.33
"Trempealeau, WI",22.58,16.95
"Vernon, WI",22.9,17.38
"Vilas, WI",24.53,16.68
"Walworth, WI",20.88,14.92
"Washburn, WI",22.13,16.44
"Washington, WI",19.3,14.06
"Waukesha, WI",17.25,11.71
"Waupaca, WI",23.22,17.31
"Waushara, WI",25.19,18.67
"Winnebago, WI",21.17,15.86
"Wood, WI",22.58,17.32
"Albany, WY",15.17,10.35
"Big Horn, WY",21.9,15.85
"Campbell, WY",24.35,18.67
"Carbon, WY",22.91,17.16
"Converse, WY",23.72,17.97
"Crook, WY",22.88,16.68
"Fremont, WY",23.68,16.9
"Goshen, WY",22.33,17.19
"Hot Springs, WY",23.1,17.44
"Johnson, WY",20.82,15.06
"Laramie, WY",22.08,16.54
"Lincoln, WY",18.11,12.84
"Natrona, WY",25.11,18.83
"Niobrara, WY",23.58,17.72
"Park, WY",19.18,13.44
"Platte, WY",23.07,17.64
"Sheridan, WY",22.5,16.68
"Sublette, WY",16.55,11.18
"Sweetwater, WY",22.91,17.37
"Teton, WY",13.25,8.08
"Uinta, WY",21.38,16.12
"Washakie, WY",22.05,16.07
"Weston, WY",24.97,18.72
