county_state,dbt_total_2012
"Autauga, AL",11.44
"Baldwin, AL",9.76
"Barbour, AL",14.65
"Bibb, AL",12.32
"Blount, AL",11.14
"Bullock, AL",17.74
"Butler, AL",14.16
"Calhoun, AL",12.48
"Chambers, AL",13.91
"Cherokee, AL",11.38
"Chilton, AL",11.43
"Choctaw, AL",14.62
"Clarke, AL",13.88
"Clay, AL",11.59
"Cleburne, AL",11.08
"Coffee, AL",11.59
"Colbert, AL",12.56
"Conecuh, AL",15.02
"Coosa, AL",13.14
"Covington, AL",11.2
"Crenshaw, AL",12.84
"Cullman, AL",11.26
"Dale, AL",12.69
"Dallas, AL",16.8
"DeKalb, AL",11.98
"Elmore, AL",11.67
"Escambia, AL",13.12
"Etowah, AL",12.32
"Fayette, AL",12.21
"Franklin, AL",12.04
"Geneva, AL",11.74
"Greene, AL",18.2
"Hale, AL",15.36
"Henry, AL",12.39
"Houston, AL",11.57
"Jackson, AL",11.31
"Jefferson, AL",11.93
"Lamar, AL",12.3
"Lauderdale, AL",11.41
"Lawrence, AL",12.98
"Lee, AL",12.07
"Limestone, AL",11.63
"Lowndes, AL",17.02
"Macon, AL",17.58
"Madison, AL",10.84
"Marengo, AL",14.66
"Marion, AL",11.62
"Marshall, AL",12.24
"Mobile, AL",12.73
"Monroe, AL",13.33
"Montgomery, AL",13.55
"Morgan, AL",12.07
"Perry, AL",17.82
"Pickens, AL",14.3
"Pike, AL",13.42
"Randolph, AL",12.28
"Russell, AL",14.79
"Saint Clair, AL",10.97
"Shelby, AL",8.74
"Sumter, AL",18.71
"Talladega, AL",12.78
"Tallapoosa, AL",12.19
"Tuscaloosa, AL",11.97
"Walker, AL",11.76
"Washington, AL",13.26
"Wilcox, AL",17.68
"Winston, AL",12.06
"Aleutians East, AK",9.4
"Aleutians West, AK",9.4
"Anchorage, AK",8.12
"Bethel, AK",11.59
"Bristol Bay, AK",8.67
"Denali, AK",8.86
"Dillingham, AK",10.41
"Fairbanks North Star, AK",6.46
"Haines, AK",5.81
"Hoonah-Angoon, AK",7.29
"Juneau City and, AK",6.26
"Kenai Peninsula, AK",6.58
"Ketchikan Gateway, AK",7.22
"Kodiak Island, AK",7.33
"Kusilvak, AK",11.72
"Lake and Peninsula, AK",10.41
"Matanuska-Susitna, AK",7.54
"Nome, AK",9.89
"North Slope, AK",9.6
"Northwest Arctic, AK",10.36
"Petersburg, AK",7.22
"Prince of Wales-Hyder, AK",7.22
"Sitka City and, AK",6.74
"Skagway, AK",7.29
"Southeast Fairbanks, AK",7.18
"Valdez-Cordova, AK",6.99
"Wrangell City and, AK",7.22
"Yakutat City and, AK",7.29
"Yukon-Koyukuk, AK",8.86
"Apache, AZ",14.95
"Cochise, AZ",9.77
"Coconino, AZ",9.77
"Gila, AZ",10.39
"Graham, AZ",11.26
"Greenlee, AZ",10.41
"La Paz, AZ",12.12
"Maricopa, AZ",9.52
"Mohave, AZ",9.6
"Navajo, AZ",12.27
"Pima, AZ",9.03
"Pinal, AZ",11.65
"Santa Cruz, AZ",11.23
"Yavapai, AZ",8.44
"Yuma, AZ",12.12
"Arkansas, AR",11.83
"Ashley, AR",11.83
"Baxter, AR",9.22
"Benton, AR",10.46
"Boone, AR",9.95
"Bradley, AR",12.63
"Calhoun, AR",11.64
"Carroll, AR",10.35
"Chicot, AR",15.19
"Clark, AR",11.85
"Clay, AR",10.86
"Cleburne, AR",10.32
"Cleveland, AR",10.67
"Columbia, AR",12.1
"Conway, AR",11.26
"Craighead, AR",10.45
"Crawford, AR",11.22
"Crittenden, AR",15.25
"Cross, AR",12.22
"Dallas, AR",13.06
"Desha, AR",14.07
"Drew, AR",11.89
"Faulkner, AR",10.61
"Franklin, AR",10.63
"Fulton, AR",10.49
"Garland, AR",10.67
"Grant, AR",9.74
"Greene, AR",11.27
"Hempstead, AR",13.57
"Hot Spring, AR",10.81
"Howard, AR",12.04
"Independence, AR",10.12
"Izard, AR",10.93
"Jackson, AR",12.63
"Jefferson, AR",14.07
"Johnson, AR",10.85
"Lafayette, AR",13.61
"Lawrence, AR",11.18
"Lee, AR",17.01
"Lincoln, AR",13.3
"Little River, AR",11.67
"Logan, AR",10.9
"Lonoke, AR",10.97
"Madison, AR",10.96
"Marion, AR",10.41
"Miller, AR",12.15
"Mississippi, AR",13.99
"Monroe, AR",13.79
"Montgomery, AR",10.81
"Nevada, AR",12.7
"Newton, AR",11.17
"Ouachita, AR",12.45
"Perry, AR",10.47
"Phillips, AR",16.22
"Pike, AR",11.04
"Poinsett, AR",12.28
"Polk, AR",10.77
"Pope, AR",10.54
"Prairie, AR",11.79
"Pulaski, AR",10.68
"Randolph, AR",10.5
"Saint Francis, AR",15.12
"Saline, AR",9.89
"Scott, AR",11.71
"Searcy, AR",11.0
"Sebastian, AR",11.22
"Sevier, AR",13.03
"Sharp, AR",10.99
"Stone, AR",10.85
"Union, AR",11.33
"Van Buren, AR",10.82
"Washington, AR",9.96
"White, AR",10.75
"Woodruff, AR",13.57
"Yell, AR",11.32
"Alameda, CA",9.29
"Alpine, CA",8.63
"Amador, CA",8.06
"Butte, CA",9.19
"Calaveras, CA",8.16
"Colusa, CA",10.64
"Contra Costa, CA",8.48
"Del Norte, CA",9.82
"El Dorado, CA",7.63
"Fresno, CA",12.26
"Glenn, CA",10.26
"Humboldt, CA",9.06
"Imperial, CA",14.43
"Inyo, CA",8.7
"Kern, CA",12.13
"Kings, CA",12.47
"Lake, CA",9.87
"Lassen, CA",9.15
"Los Angeles, CA",11.26
"Madera, CA",11.89
"Marin, CA",6.15
"Mariposa, CA",8.91
"Mendocino, CA",9.05
"Merced, CA",12.92
"Modoc, CA",8.98
"Mono, CA",8.22
"Monterey, CA",10.65
"Napa, CA",7.92
"Nevada, CA",6.89
"Orange, CA",9.21
"Placer, CA",7.15
"Plumas, CA",7.98
"Riverside, CA",11.31
"Sacramento, CA",9.75
"San Benito, CA",10.83
"San Bernardino, CA",12.29
"San Diego, CA",9.45
"San Francisco, CA",8.46
"San Joaquin, CA",11.19
"San Luis Obispo, CA",8.08
"San Mateo, CA",7.67
"Santa Barbara, CA",8.85
"Santa Clara, CA",8.58
"Santa Cruz, CA",8.25
"Shasta, CA",8.79
"Sierra, CA",8.0
"Siskiyou, CA",8.44
"Solano, CA",9.93
"Sonoma, CA",7.71
"Stanislaus, CA",11.12
"Sutter, CA",10.06
"Tehama, CA",9.71
"Trinity, CA",8.76
"Tulare, CA",12.7
"Tuolumne, CA",8.49
"Ventura, CA",9.13
"Yolo, CA",8.61
"Yuba, CA",10.53
"Adams, CO",7.57
"Alamosa, CO",9.41
"Arapahoe, CO",7.57
"Archuleta, CO",7.25
"Baca, CO",8.95
"Bent, CO",11.42
"Boulder, CO",7.57
"Broomfield, CO",7.57
"Chaffee, CO",6.71
"Cheyenne, CO",8.02
"Clear Creek, CO",6.61
"Conejos, CO",10.77
"Costilla, CO",12.13
"Crowley, CO",12.52
"Custer, CO",7.25
"Delta, CO",7.9
"Denver, CO",7.57
"Dolores, CO",7.93
"Douglas, CO",5.67
"Eagle, CO",6.49
"Elbert, CO",6.49
"El Paso, CO",7.68
"Fremont, CO",8.54
"Garfield, CO",7.71
"Gilpin, CO",6.8
"Grand, CO",6.35
"Gunnison, CO",6.46
"Hinsdale, CO",5.63
"Huerfano, CO",9.51
"Jackson, CO",7.75
"Jefferson, CO",7.57
"Kiowa, CO",8.26
"Kit Carson, CO",8.91
"Lake, CO",8.04
"La Plata, CO",6.23
"Larimer, CO",6.75
"Las Animas, CO",9.82
"Lincoln, CO",8.59
"Logan, CO",9.07
"Mesa, CO",7.86
"Mineral, CO",6.03
"Moffat, CO",8.63
"Montezuma, CO",8.04
"Montrose, CO",7.79
"Morgan, CO",9.37
"Otero, CO",10.51
"Ouray, CO",5.63
"Park, CO",6.64
"Phillips, CO",8.39
"Pitkin, CO",5.65
"Prowers, CO",10.17
"Pueblo, CO",10.06
"Rio Blanco, CO",7.57
"Rio Grande, CO",9.58
"Routt, CO",5.86
"Saguache, CO",9.89
"San Juan, CO",6.98
"San Miguel, CO",6.21
"Sedgwick, CO",8.63
"Summit, CO",6.04
"Teller, CO",6.46
"Washington, CO",8.28
"Weld, CO",7.57
"Yuma, CO",8.56
"Fairfield, CT",8.01
"Hartford, CT",8.92
"Litchfield, CT",7.65
"Middlesex, CT",7.89
"New Haven, CT",9.2
"New London, CT",8.62
"Tolland, CT",8.56
"Windham, CT",9.94
"Kent, DE",11.09
"New Castle, DE",9.18
"Sussex, DE",10.71
,10.04
"Alachua, FL",10.57
"Baker, FL",12.15
"Bay, FL",11.09
"Bradford, FL",12.92
"Brevard, FL",10.12
"Broward, FL",10.88
"Calhoun, FL",12.45
"Charlotte, FL",9.09
"Citrus, FL",9.65
"Clay, FL",11.09
"Collier, FL",8.62
"Columbia, FL",12.25
"DeSoto, FL",12.87
"Dixie, FL",12.47
"Duval, FL",12.39
"Escambia, FL",11.55
"Flagler, FL",10.61
"Franklin, FL",11.6
"Gadsden, FL",15.31
"Gilchrist, FL",11.12
"Glades, FL",11.62
"Gulf, FL",12.0
"Hamilton, FL",14.23
"Hardee, FL",13.06
"Hendry, FL",13.68
"Hernando, FL",10.96
"Highlands, FL",11.2
"Hillsborough, FL",11.23
"Holmes, FL",11.39
"Indian River, FL",9.45
"Jackson, FL",12.15
"Jefferson, FL",13.13
"Lafayette, FL",12.54
"Lake, FL",10.48
"Lee, FL",9.18
"Leon, FL",10.96
"Levy, FL",11.23
"Liberty, FL",12.79
"Madison, FL",14.22
"Manatee, FL",9.66
"Marion, FL",10.76
"Martin, FL",8.51
"Miami-Dade, FL",12.44
"Monroe, FL",8.64
"Nassau, FL",10.74
"Okaloosa, FL",9.77
"Okeechobee, FL",11.79
"Orange, FL",11.61
"Osceola, FL",13.11
"Palm Beach, FL",9.2
"Pasco, FL",10.75
"Pinellas, FL",10.14
"Polk, FL",11.27
"Putnam, FL",12.64
"Saint Johns, FL",8.53
"Saint Lucie, FL",10.72
"Santa Rosa, FL",9.24
"Sarasota, FL",8.34
"Seminole, FL",10.41
"Sumter, FL",10.29
"Suwannee, FL",12.48
"Taylor, FL",12.82
"Union, FL",12.91
"Volusia, FL",10.68
"Wakulla, FL",11.09
"Walton, FL",10.66
"Washington, FL",12.02
"Appling, GA",12.8
"Atkinson, GA",14.42
"Bacon, GA",12.4
"Baker, GA",14.7
"Baldwin, GA",13.79
"Banks, GA",10.65
"Barrow, GA",11.48
"Bartow, GA",11.66
"Ben Hill, GA",14.69
"Berrien, GA",12.34
"Bibb, GA",12.74
"Bleckley, GA",12.26
"Brantley, GA",11.69
"Brooks, GA",14.25
"Bryan, GA",9.71
"Bulloch, GA",12.87
"Burke, GA",14.55
"Butts, GA",12.08
"Calhoun, GA",17.08
"Camden, GA",11.71
"Candler, GA",13.34
"Carroll, GA",11.9
"Catoosa, GA",11.69
"Charlton, GA",14.2
"Chatham, GA",11.54
"Chattahoochee, GA",12.2
"Chattooga, GA",13.14
"Cherokee, GA",10.03
"Clarke, GA",12.74
"Clay, GA",16.33
"Clayton, GA",15.36
"Clinch, GA",13.7
"Cobb, GA",10.45
"Coffee, GA",13.31
"Colquitt, GA",13.61
"Columbia, GA",9.28
"Cook, GA",13.74
"Coweta, GA",10.81
"Crawford, GA",12.26
"Crisp, GA",14.06
"Dade, GA",11.15
"Dawson, GA",9.11
"Decatur, GA",13.78
"DeKalb, GA",11.23
"Dodge, GA",13.19
"Dooly, GA",15.92
"Dougherty, GA",15.46
"Douglas, GA",13.19
"Early, GA",14.99
"Echols, GA",13.39
"Effingham, GA",10.39
"Elbert, GA",12.48
"Emanuel, GA",13.62
"Evans, GA",13.53
"Fannin, GA",10.24
"Fayette, GA",8.78
"Floyd, GA",11.61
"Forsyth, GA",9.29
"Franklin, GA",11.2
"Fulton, GA",10.5
"Gilmer, GA",10.34
"Glascock, GA",11.14
"Glynn, GA",11.1
"Gordon, GA",11.73
"Grady, GA",13.14
"Greene, GA",11.79
"Gwinnett, GA",10.85
"Habersham, GA",10.56
"Hall, GA",11.21
"Hancock, GA",17.89
"Haralson, GA",11.34
"Harris, GA",10.24
"Hart, GA",11.78
"Heard, GA",11.6
"Henry, GA",11.52
"Houston, GA",12.27
"Irwin, GA",13.13
"Jackson, GA",10.15
"Jasper, GA",11.6
"Jeff Davis, GA",12.76
"Jefferson, GA",15.08
"Jenkins, GA",15.1
"Johnson, GA",14.01
"Jones, GA",11.36
"Lamar, GA",11.85
"Lanier, GA",13.4
"Laurens, GA",13.08
"Lee, GA",10.77
"Liberty, GA",13.88
"Lincoln, GA",12.74
"Long, GA",13.1
"Lowndes, GA",13.56
"Lumpkin, GA",9.8
"McDuffie, GA",13.68
"McIntosh, GA",13.26
"Macon, GA",16.79
"Madison, GA",10.75
"Marion, GA",13.53
"Meriwether, GA",13.33
"Miller, GA",12.81
"Mitchell, GA",14.98
"Monroe, GA",11.0
"Montgomery, GA",13.65
"Morgan, GA",10.84
"Murray, GA",12.03
"Muscogee, GA",13.5
"Newton, GA",12.58
"Oconee, GA",7.7
"Oglethorpe, GA",11.21
"Paulding, GA",12.04
"Peach, GA",13.84
"Pickens, GA",9.43
"Pierce, GA",11.62
"Pike, GA",10.3
"Polk, GA",12.6
"Pulaski, GA",13.22
"Putnam, GA",11.56
"Quitman, GA",14.95
"Rabun, GA",10.12
"Randolph, GA",16.16
"Richmond, GA",13.22
"Rockdale, GA",12.24
"Schley, GA",12.49
"Screven, GA",13.62
"Seminole, GA",12.25
"Spalding, GA",13.13
"Stephens, GA",11.04
"Stewart, GA",18.16
"Sumter, GA",14.78
"Talbot, GA",15.34
"Taliaferro, GA",16.77
"Tattnall, GA",13.44
"Taylor, GA",14.39
"Telfair, GA",15.83
"Terrell, GA",15.76
"Thomas, GA",12.74
"Tift, GA",13.6
"Toombs, GA",12.98
"Towns, GA",9.81
"Treutlen, GA",13.96
"Troup, GA",12.72
"Turner, GA",14.78
"Twiggs, GA",14.53
"Union, GA",9.74
"Upson, GA",12.45
"Walker, GA",12.61
"Walton, GA",10.9
"Ware, GA",13.08
"Warren, GA",15.99
"Washington, GA",14.58
"Wayne, GA",12.23
"Webster, GA",14.43
"Wheeler, GA",15.92
"White, GA",9.98
"Whitfield, GA",12.96
"Wilcox, GA",14.68
"Wilkes, GA",13.83
"Wilkinson, GA",13.71
"Worth, GA",13.24
"Hawaii, HI",6.8
"Honolulu, HI",7.57
"Kalawao, HI",6.95
"Kauai, HI",7.06
"Maui, HI",6.95
"Ada, ID",8.41
"Adams, ID",8.55
"Bannock, ID",10.26
"Bear Lake, ID",8.44
"Benewah, ID",9.23
"Bingham, ID",10.52
"Blaine, ID",7.36
"Boise, ID",8.66
"Bonner, ID",8.02
"Bonneville, ID",9.04
"Boundary, ID",8.69
"Butte, ID",8.92
"Camas, ID",8.87
"Canyon, ID",10.65
"Caribou, ID",8.9
"Cassia, ID",9.96
"Clark, ID",10.11
"Clearwater, ID",8.03
"Custer, ID",8.56
"Elmore, ID",9.85
"Franklin, ID",9.0
"Fremont, ID",8.25
"Gem, ID",8.97
"Gooding, ID",10.13
"Idaho, ID",8.7
"Jefferson, ID",8.84
"Jerome, ID",10.34
"Kootenai, ID",8.81
"Latah, ID",8.18
"Lemhi, ID",8.03
"Lewis, ID",9.18
"Lincoln, ID",10.23
"Madison, ID",8.92
"Minidoka, ID",11.18
"Nez Perce, ID",8.86
"Oneida, ID",9.29
"Owyhee, ID",10.62
"Payette, ID",9.19
"Power, ID",10.91
"Shoshone, ID",8.83
"Teton, ID",8.0
"Twin Falls, ID",9.26
"Valley, ID",7.39
"Washington, ID",9.52
"Adams, IL",9.08
"Alexander, IL",14.37
"Bond, IL",10.18
"Boone, IL",9.28
"Brown, IL",10.66
"Bureau, IL",9.04
"Calhoun, IL",9.61
"Carroll, IL",9.13
"Cass, IL",10.65
"Champaign, IL",9.62
"Christian, IL",10.55
"Clark, IL",9.73
"Clay, IL",9.94
"Clinton, IL",9.76
"Coles, IL",10.37
"Cook, IL",10.13
"Crawford, IL",9.91
"Cumberland, IL",9.89
"DeKalb, IL",9.56
"De Witt, IL",9.28
"Douglas, IL",9.57
"DuPage, IL",7.38
"Edgar, IL",10.03
"Edwards, IL",10.07
"Effingham, IL",8.69
"Fayette, IL",10.39
"Ford, IL",9.21
"Franklin, IL",10.65
"Fulton, IL",9.59
"Gallatin, IL",10.62
"Greene, IL",10.06
"Grundy, IL",9.24
"Hamilton, IL",9.97
"Hancock, IL",9.11
"Hardin, IL",10.65
"Henderson, IL",9.26
"Henry, IL",9.38
"Iroquois, IL",9.49
"Jackson, IL",10.67
"Jasper, IL",9.64
"Jefferson, IL",9.76
"Jersey, IL",9.51
"Jo Daviess, IL",8.48
"Johnson, IL",10.17
"Kane, IL",9.57
"Kankakee, IL",10.71
"Kendall, IL",9.04
"Knox, IL",9.81
"Lake, IL",8.59
"LaSalle, IL",9.9
"Lawrence, IL",10.96
"Lee, IL",8.81
"Livingston, IL",9.77
"Logan, IL",10.24
"McDonough, IL",9.89
"McHenry, IL",8.57
"McLean, IL",9.17
"Macon, IL",11.0
"Macoupin, IL",10.32
"Madison, IL",10.65
"Marion, IL",10.39
"Marshall, IL",8.9
"Mason, IL",9.72
"Massac, IL",10.76
"Menard, IL",9.23
"Mercer, IL",8.87
"Monroe, IL",9.0
"Montgomery, IL",10.25
"Morgan, IL",10.24
"Moultrie, IL",9.53
"Ogle, IL",9.28
"Peoria, IL",9.17
"Perry, IL",10.53
"Piatt, IL",8.69
"Pike, IL",9.92
"Pope, IL",10.84
"Pulaski, IL",13.39
"Putnam, IL",8.87
"Randolph, IL",10.41
"Richland, IL",9.4
"Rock Island, IL",10.32
"Saint Clair, IL",12.06
"Saline, IL",10.67
"Sangamon, IL",9.26
"Schuyler, IL",9.4
"Scott, IL",10.03
"Shelby, IL",9.5
"Stark, IL",8.9
"Stephenson, IL",9.66
"Tazewell, IL",9.18
"Union, IL",9.77
"Vermilion, IL",11.44
"Wabash, IL",9.76
"Warren, IL",9.34
"Washington, IL",9.38
"Wayne, IL",9.93
"White, IL",10.08
"Whiteside, IL",9.69
"Will, IL",9.75
"Williamson, IL",9.98
"Winnebago, IL",9.91
"Woodford, IL",8.17
"Adams, IN",11.25
"Allen, IN",10.59
"Bartholomew, IN",10.14
"Benton, IN",9.7
"Blackford, IN",10.99
"Boone, IN",8.08
"Brown, IN",10.01
"Carroll, IN",9.76
"Cass, IN",10.39
"Clark, IN",11.29
"Clay, IN",10.16
"Clinton, IN",10.86
"Crawford, IN",11.01
"Daviess, IN",10.61
"Dearborn, IN",10.39
"Decatur, IN",10.78
"DeKalb, IN",10.0
"Delaware, IN",11.52
"Dubois, IN",9.56
"Elkhart, IN",10.51
"Fayette, IN",11.91
"Floyd, IN",10.37
"Fountain, IN",10.4
"Franklin, IN",10.79
"Fulton, IN",9.95
"Gibson, IN",10.2
"Grant, IN",12.16
"Greene, IN",10.62
"Hamilton, IN",7.92
"Hancock, IN",9.63
"Harrison, IN",9.91
"Hendricks, IN",9.42
"Henry, IN",11.24
"Howard, IN",11.16
"Huntington, IN",10.43
"Jackson, IN",10.9
"Jasper, IN",9.27
"Jay, IN",10.97
"Jefferson, IN",10.75
"Jennings, IN",10.93
"Johnson, IN",9.59
"Knox, IN",10.23
"Kosciusko, IN",9.98
"LaGrange, IN",10.27
"Lake, IN",12.01
"LaPorte, IN",10.3
"Lawrence, IN",11.04
"Madison, IN",11.65
"Marion, IN",11.8
"Marshall, IN",9.51
"Martin, IN",10.52
"Miami, IN",11.17
"Monroe, IN",10.38
"Montgomery, IN",10.48
"Morgan, IN",10.22
"Newton, IN",9.81
"Noble, IN",10.18
"Ohio, IN",10.93
"Orange, IN",10.85
"Owen, IN",10.64
"Parke, IN",10.66
"Perry, IN",10.39
"Pike, IN",10.08
"Porter, IN",9.18
"Posey, IN",9.64
"Pulaski, IN",9.93
"Putnam, IN",10.17
"Randolph, IN",11.34
"Ripley, IN",10.16
"Rush, IN",10.62
"Saint Joseph, IN",9.84
"Scott, IN",11.16
"Shelby, IN",10.92
"Spencer, IN",9.57
"Starke, IN",9.88
"Steuben, IN",9.47
"Sullivan, IN",10.69
"Switzerland, IN",11.63
"Tippecanoe, IN",10.24
"Tipton, IN",9.96
"Union, IN",10.4
"Vanderburgh, IN",11.09
"Vermillion, IN",10.32
"Vigo, IN",10.5
"Wabash, IN",10.23
"Warren, IN",9.52
"Warrick, IN",8.57
"Washington, IN",10.77
"Wayne, IN",11.76
"Wells, IN",10.27
"White, IN",9.68
"Whitley, IN",9.65
"Adair, IA",8.75
"Adams, IA",9.02
"Allamakee, IA",8.14
"Appanoose, IA",9.24
"Audubon, IA",8.86
"Benton, IA",8.53
"Black Hawk, IA",9.25
"Boone, IA",8.37
"Bremer, IA",7.89
"Buchanan, IA",8.61
"Buena Vista, IA",9.58
"Butler, IA",8.45
"Calhoun, IA",8.6
"Carroll, IA",8.4
"Cass, IA",8.62
"Cedar, IA",8.56
"Cerro Gordo, IA",8.26
"Cherokee, IA",8.22
"Chickasaw, IA",8.45
"Clarke, IA",9.57
"Clay, IA",7.9
"Clayton, IA",8.24
"Clinton, IA",9.72
"Crawford, IA",9.9
"Dallas, IA",8.33
"Davis, IA",9.94
"Decatur, IA",9.94
"Delaware, IA",8.52
"Des Moines, IA",9.9
"Dickinson, IA",7.67
"Dubuque, IA",8.35
"Emmet, IA",8.53
"Fayette, IA",8.73
"Floyd, IA",8.61
"Franklin, IA",8.94
"Fremont, IA",8.95
"Greene, IA",8.62
"Grundy, IA",8.23
"Guthrie, IA",8.49
"Hamilton, IA",8.43
"Hancock, IA",8.31
"Hardin, IA",8.44
"Harrison, IA",8.61
"Henry, IA",9.43
"Howard, IA",8.47
"Humboldt, IA",8.45
"Ida, IA",8.46
"Iowa, IA",8.35
"Jackson, IA",9.35
"Jasper, IA",9.01
"Jefferson, IA",9.11
"Johnson, IA",7.69
"Jones, IA",8.8
"Keokuk, IA",9.33
"Kossuth, IA",8.13
"Lee, IA",9.82
"Linn, IA",8.67
"Louisa, IA",9.9
"Lucas, IA",9.36
"Lyon, IA",8.1
"Madison, IA",8.51
"Mahaska, IA",9.13
"Marion, IA",8.69
"Marshall, IA",9.65
"Mills, IA",8.61
"Mitchell, IA",8.52
"Monona, IA",8.65
"Monroe, IA",9.41
"Montgomery, IA",9.13
"Muscatine, IA",10.31
"O'Brien, IA",8.02
"Osceola, IA",8.46
"Page, IA",9.48
"Palo Alto, IA",8.36
"Plymouth, IA",8.05
"Pocahontas, IA",8.5
"Polk, IA",8.94
"Pottawattamie, IA",9.76
"Poweshiek, IA",8.38
"Ringgold, IA",9.28
"Sac, IA",8.34
"Scott, IA",8.65
"Shelby, IA",8.39
"Sioux, IA",7.85
"Story, IA",8.22
"Tama, IA",9.58
"Taylor, IA",9.47
"Union, IA",9.16
"Van Buren, IA",9.57
"Wapello, IA",10.18
"Warren, IA",8.72
"Washington, IA",8.78
"Wayne, IA",9.57
"Webster, IA",9.28
"Winnebago, IA",8.15
"Winneshiek, IA",7.29
"Woodbury, IA",9.76
"Worth, IA",8.34
"Wright, IA",8.68
"Allen, KS",10.38
"Anderson, KS",9.85
"Atchison, KS",10.28
"Barber, KS",9.5
"Barton, KS",9.99
"Bourbon, KS",10.05
"Brown, KS",9.84
"Butler, KS",9.67
"Chase, KS",9.62
"Chautauqua, KS",11.03
"Cherokee, KS",11.1
"Cheyenne, KS",7.9
"Clark, KS",8.64
"Clay, KS",8.44
"Cloud, KS",9.12
"Coffey, KS",9.29
"Comanche, KS",8.9
"Cowley, KS",11.57
"Crawford, KS",10.97
"Decatur, KS",8.15
"Dickinson, KS",9.38
"Doniphan, KS",9.64
"Douglas, KS",8.96
"Edwards, KS",9.64
"Elk, KS",10.44
"Ellis, KS",8.38
"Ellsworth, KS",9.22
"Finney, KS",11.41
"Ford, KS",11.79
"Franklin, KS",9.76
"Geary, KS",11.53
"Gove, KS",7.69
"Graham, KS",8.41
"Grant, KS",10.3
"Gray, KS",9.34
"Greeley, KS",7.83
"Greenwood, KS",10.29
"Hamilton, KS",9.37
"Harper, KS",9.85
"Harvey, KS",9.51
"Haskell, KS",9.84
"Hodgeman, KS",8.66
"Jackson, KS",9.44
"Jefferson, KS",8.83
"Jewell, KS",8.81
"Johnson, KS",7.62
"Kearny, KS",9.33
"Kingman, KS",9.98
"Kiowa, KS",9.34
"Labette, KS",10.45
"Lane, KS",8.32
"Leavenworth, KS",10.08
"Lincoln, KS",9.21
"Linn, KS",10.0
"Logan, KS",8.15
"Lyon, KS",11.28
"McPherson, KS",8.79
"Marion, KS",9.33
"Marshall, KS",9.07
"Meade, KS",9.09
"Miami, KS",9.16
"Mitchell, KS",8.32
"Montgomery, KS",11.89
"Morris, KS",9.24
"Morton, KS",9.27
"Nemaha, KS",8.9
"Neosho, KS",10.27
"Ness, KS",8.66
"Norton, KS",8.76
"Osage, KS",9.46
"Osborne, KS",8.83
"Ottawa, KS",8.69
"Pawnee, KS",9.02
"Phillips, KS",8.42
"Pottawatomie, KS",9.12
"Pratt, KS",9.15
"Rawlins, KS",8.12
"Reno, KS",10.11
"Republic, KS",8.2
"Rice, KS",9.68
"Riley, KS",9.33
"Rooks, KS",8.4
"Rush, KS",9.05
"Russell, KS",9.04
"Saline, KS",9.72
"Scott, KS",8.61
"Sedgwick, KS",10.9
"Seward, KS",12.59
"Shawnee, KS",9.95
"Sheridan, KS",8.43
"Sherman, KS",8.84
"Smith, KS",8.17
"Stafford, KS",9.66
"Stanton, KS",9.73
"Stevens, KS",9.62
"Sumner, KS",10.57
"Thomas, KS",8.13
"Trego, KS",7.94
"Wabaunsee, KS",9.06
"Wallace, KS",8.3
"Washington, KS",8.77
"Wichita, KS",9.13
"Wilson, KS",10.35
"Woodson, KS",10.3
"Wyandotte, KS",14.06
"Adair, KY",11.77
"Allen, KY",11.12
"Anderson, KY",10.07
"Ballard, KY",10.43
"Barren, KY",10.64
"Bath, KY",13.35
"Bell, KY",13.61
"Boone, KY",10.52
"Bourbon, KY",12.23
"Boyd, KY",12.18
"Boyle, KY",10.28
"Bracken, KY",11.96
"Breathitt, KY",14.0
"Breckinridge, KY",11.53
"Bullitt, KY",10.85
"Butler, KY",11.63
"Caldwell, KY",10.51
"Calloway, KY",10.15
"Campbell, KY",11.09
"Carlisle, KY",10.41
"Carroll, KY",11.88
"Carter, KY",13.49
"Casey, KY",12.16
"Christian, KY",12.52
"Clark, KY",11.66
"Clay, KY",15.07
"Clinton, KY",12.17
"Crittenden, KY",10.87
"Cumberland, KY",12.18
"Daviess, KY",10.14
"Edmonson, KY",11.0
"Elliott, KY",14.94
"Estill, KY",13.16
"Fayette, KY",10.62
"Fleming, KY",12.21
"Floyd, KY",14.21
"Franklin, KY",11.1
"Fulton, KY",12.71
"Gallatin, KY",11.67
"Garrard, KY",11.19
"Grant, KY",11.43
"Graves, KY",10.47
"Grayson, KY",11.35
"Green, KY",11.55
"Greenup, KY",13.04
"Hancock, KY",10.43
"Hardin, KY",11.3
"Harlan, KY",13.69
"Harrison, KY",11.81
"Hart, KY",12.29
"Henderson, KY",10.98
"Henry, KY",11.12
"Hickman, KY",11.51
"Hopkins, KY",10.53
"Jackson, KY",13.56
"Jefferson, KY",10.73
"Jessamine, KY",10.44
"Johnson, KY",13.4
"Kenton, KY",10.59
"Knott, KY",14.63
"Knox, KY",13.87
"Larue, KY",11.2
"Laurel, KY",12.23
"Lawrence, KY",13.9
"Lee, KY",15.03
"Leslie, KY",13.91
"Letcher, KY",13.69
"Lewis, KY",13.8
"Lincoln, KY",12.0
"Livingston, KY",9.97
"Logan, KY",11.37
"Lyon, KY",10.31
"McCracken, KY",9.63
"McCreary, KY",14.79
"McLean, KY",10.82
"Madison, KY",11.8
"Magoffin, KY",14.86
"Marion, KY",11.3
"Marshall, KY",9.41
"Martin, KY",15.62
"Mason, KY",12.11
"Meade, KY",10.94
"Menifee, KY",14.0
"Mercer, KY",10.8
"Metcalfe, KY",12.0
"Monroe, KY",11.94
"Montgomery, KY",12.84
"Morgan, KY",14.31
"Muhlenberg, KY",11.21
"Nelson, KY",10.44
"Nicholas, KY",12.07
"Ohio, KY",11.4
"Oldham, KY",9.14
"Owen, KY",11.3
"Owsley, KY",15.17
"Pendleton, KY",11.67
"Perry, KY",12.33
"Pike, KY",13.05
"Powell, KY",13.56
"Pulaski, KY",11.66
"Robertson, KY",12.64
"Rockcastle, KY",12.38
"Rowan, KY",12.13
"Russell, KY",11.89
"Scott, KY",10.9
"Shelby, KY",10.48
"Simpson, KY",11.41
"Spencer, KY",9.47
"Taylor, KY",11.06
"Todd, KY",11.89
"Trigg, KY",10.22
"Trimble, KY",10.96
"Union, KY",11.25
"Warren, KY",10.66
"Washington, KY",10.96
"Wayne, KY",12.44
"Webster, KY",11.17
"Whitley, KY",12.19
"Wolfe, KY",14.75
"Woodford, KY",9.73
"Acadia, LA",12.55
"Allen, LA",12.83
"Ascension, LA",11.27
"Assumption, LA",12.87
"Avoyelles, LA",13.64
"Beauregard, LA",11.74
"Bienville, LA",13.3
"Bossier, LA",10.74
"Caddo, LA",11.75
"Calcasieu, LA",12.16
"Caldwell, LA",11.84
"Cameron, LA",10.2
"Catahoula, LA",13.15
"Claiborne, LA",14.32
"Concordia, LA",14.4
"De Soto, LA",13.53
"East Baton Rouge, LA",11.89
"East Carroll, LA",17.56
"East Feliciana, LA",13.7
"Evangeline, LA",12.98
"Franklin, LA",13.25
"Grant, LA",12.1
"Iberia, LA",12.81
"Iberville, LA",13.6
"Jackson, LA",11.96
"Jefferson, LA",11.39
"Jefferson Davis, LA",12.22
"Lafayette, LA",10.09
"Lafourche, LA",11.26
"LaSalle, LA",10.8
"Lincoln, LA",11.7
"Livingston, LA",11.75
"Madison, LA",16.98
"Morehouse, LA",14.24
"Natchitoches, LA",13.1
"Orleans, LA",13.99
"Ouachita, LA",11.43
"Plaquemines, LA",12.12
"Pointe Coupee, LA",13.1
"Rapides, LA",12.45
"Red River, LA",13.22
"Richland, LA",11.95
"Sabine, LA",12.33
"Saint Bernard, LA",13.71
"Saint Charles, LA",12.11
"Saint Helena, LA",15.1
"Saint James, LA",13.24
"Saint John the Baptist, LA",14.44
"Saint Landry, LA",13.96
"Saint Martin, LA",12.83
"Saint Mary, LA",14.21
"Saint Tammany, LA",9.87
"Tangipahoa, LA",13.67
"Tensas, LA",15.65
"Terrebonne, LA",12.71
"Union, LA",12.34
"Vermilion, LA",11.71
"Vernon, LA",11.77
"Washington, LA",13.95
"Webster, LA",12.19
"West Baton Rouge, LA",13.62
"West Carroll, LA",11.56
"West Feliciana, LA",13.73
"Winn, LA",12.33
"Androscoggin, ME",9.37
"Aroostook, ME",10.48
"Cumberland, ME",7.33
"Franklin, ME",8.36
"Hancock, ME",7.54
"Kennebec, ME",8.75
"Knox, ME",7.11
"Lincoln, ME",7.32
"Oxford, ME",8.91
"Penobscot, ME",9.37
"Piscataquis, ME",10.17
"Sagadahoc, ME",7.91
"Somerset, ME",9.8
"Waldo, ME",8.37
"Washington, ME",9.64
"York, ME",8.87
"Allegany, MD",10.35
"Anne Arundel, MD",9.57
"Baltimore, MD",9.38
"Calvert, MD",9.85
"Caroline, MD",10.94
"Carroll, MD",8.45
"Cecil, MD",9.97
"Charles, MD",11.7
"Dorchester, MD",12.35
"Frederick, MD",9.06
"Garrett, MD",9.8
"Harford, MD",9.23
"Howard, MD",7.77
"Kent, MD",9.31
"Montgomery, MD",9.89
"Prince George's, MD",9.89
"Queen Anne's, MD",9.08
"Saint Mary's, MD",10.17
"Somerset, MD",13.48
"Talbot, MD",8.67
"Washington, MD",10.69
"Wicomico, MD",11.18
"Worcester, MD",10.49
"Baltimore, MD",14.46
"Barnstable, MA",7.36
"Berkshire, MA",7.67
"Bristol, MA",9.59
"Dukes, MA",6.89
"Essex, MA",9.28
"Franklin, MA",8.29
"Hampden, MA",10.56
"Hampshire, MA",7.5
"Middlesex, MA",8.47
"Nantucket, MA",7.47
"Norfolk, MA",7.54
"Plymouth, MA",8.82
"Suffolk, MA",10.44
"Worcester, MA",8.65
"Alcona, MI",9.7
"Alger, MI",9.8
"Allegan, MI",9.49
"Alpena, MI",9.22
"Antrim, MI",8.84
"Arenac, MI",10.05
"Baraga, MI",10.51
"Barry, MI",9.07
"Bay, MI",9.91
"Benzie, MI",8.94
"Berrien, MI",10.72
"Branch, MI",10.12
"Calhoun, MI",11.05
"Cass, MI",10.11
"Charlevoix, MI",8.48
"Cheboygan, MI",9.65
"Chippewa, MI",10.71
"Clare, MI",10.38
"Clinton, MI",9.35
"Crawford, MI",9.66
"Delta, MI",9.62
"Dickinson, MI",9.04
"Eaton, MI",10.05
"Emmet, MI",7.35
"Genesee, MI",11.8
"Gladwin, MI",10.02
"Gogebic, MI",9.21
"Grand Traverse, MI",7.88
"Gratiot, MI",9.8
"Hillsdale, MI",10.17
"Houghton, MI",9.55
"Huron, MI",9.36
"Ingham, MI",9.92
"Ionia, MI",10.2
"Iosco, MI",9.93
"Iron, MI",9.25
"Isabella, MI",10.67
"Jackson, MI",10.69
"Kalamazoo, MI",9.25
"Kalkaska, MI",9.73
"Kent, MI",9.85
"Keweenaw, MI",9.06
"Lake, MI",11.66
"Lapeer, MI",8.89
"Leelanau, MI",7.91
"Lenawee, MI",10.7
"Livingston, MI",8.64
"Luce, MI",10.5
"Mackinac, MI",10.32
"Macomb, MI",9.86
"Manistee, MI",9.44
"Marquette, MI",8.68
"Mason, MI",9.25
"Mecosta, MI",9.52
"Menominee, MI",9.77
"Midland, MI",8.68
"Missaukee, MI",9.49
"Monroe, MI",10.09
"Montcalm, MI",9.76
"Montmorency, MI",9.88
"Muskegon, MI",11.57
"Newaygo, MI",9.95
"Oakland, MI",8.47
"Oceana, MI",10.25
"Ogemaw, MI",9.99
"Ontonagon, MI",9.23
"Osceola, MI",10.08
"Oscoda, MI",10.35
"Otsego, MI",8.8
"Ottawa, MI",9.03
"Presque Isle, MI",9.68
"Roscommon, MI",10.1
"Saginaw, MI",10.91
"Saint Clair, MI",9.43
"Saint Joseph, MI",10.34
"Sanilac, MI",9.44
"Schoolcraft, MI",9.94
"Shiawassee, MI",9.84
"Tuscola, MI",9.59
"Van Buren, MI",10.37
"Washtenaw, MI",8.4
"Wayne, MI",12.27
"Wexford, MI",9.26
"Aitkin, MN",8.33
"Anoka, MN",8.21
"Becker, MN",7.79
"Beltrami, MN",9.03
"Benton, MN",8.65
"Big Stone, MN",7.83
"Blue Earth, MN",7.5
"Brown, MN",7.65
"Carlton, MN",8.32
"Carver, MN",6.84
"Cass, MN",9.01
"Chippewa, MN",7.82
"Chisago, MN",8.04
"Clay, MN",8.54
"Clearwater, MN",8.84
"Cook, MN",7.88
"Cottonwood, MN",8.19
"Crow Wing, MN",7.83
"Dakota, MN",7.12
"Dodge, MN",7.36
"Douglas, MN",7.26
"Faribault, MN",8.18
"Fillmore, MN",7.98
"Freeborn, MN",8.47
"Goodhue, MN",7.51
"Grant, MN",7.92
"Hennepin, MN",7.06
"Houston, MN",7.48
"Hubbard, MN",7.65
"Isanti, MN",7.92
"Itasca, MN",8.16
"Jackson, MN",8.13
"Kanabec, MN",8.47
"Kandiyohi, MN",7.79
"Kittson, MN",8.41
"Koochiching, MN",8.75
"Lac qui Parle, MN",7.61
"Lake, MN",7.91
"Lake of the Woods, MN",8.52
"Le Sueur, MN",7.6
"Lincoln, MN",7.68
"Lyon, MN",7.88
"McLeod, MN",7.69
"Mahnomen, MN",10.88
"Marshall, MN",8.31
"Martin, MN",7.75
"Meeker, MN",7.91
"Mille Lacs, MN",8.48
"Morrison, MN",8.24
"Mower, MN",8.83
"Murray, MN",8.02
"Nicollet, MN",7.64
"Nobles, MN",8.87
"Norman, MN",8.5
"Olmsted, MN",6.85
"Otter Tail, MN",7.4
"Pennington, MN",8.21
"Pine, MN",8.77
"Pipestone, MN",8.14
"Polk, MN",8.39
"Pope, MN",7.43
"Ramsey, MN",7.82
"Red Lake, MN",8.38
"Redwood, MN",8.23
"Renville, MN",7.96
"Rice, MN",7.76
"Rock, MN",7.93
"Roseau, MN",8.16
"Saint Louis, MN",8.12
"Scott, MN",7.52
"Sherburne, MN",7.8
"Sibley, MN",8.04
"Stearns, MN",7.74
"Steele, MN",7.79
"Stevens, MN",7.61
"Swift, MN",8.04
"Todd, MN",8.34
"Traverse, MN",8.2
"Wabasha, MN",7.31
"Wadena, MN",8.5
"Waseca, MN",7.8
"Washington, MN",7.16
"Watonwan, MN",8.65
"Wilkin, MN",7.97
"Winona, MN",8.11
"Wright, MN",7.63
"Yellow Medicine, MN",7.72
"Adams, MS",14.79
"Alcorn, MS",11.98
"Amite, MS",14.84
"Attala, MS",13.99
"Benton, MS",15.05
"Bolivar, MS",15.05
"Calhoun, MS",13.56
"Carroll, MS",13.03
"Chickasaw, MS",14.47
"Choctaw, MS",13.44
"Claiborne, MS",18.14
"Clarke, MS",13.77
"Clay, MS",14.13
"Coahoma, MS",16.23
"Copiah, MS",15.32
"Covington, MS",13.53
"DeSoto, MS",12.32
"Forrest, MS",12.84
"Franklin, MS",12.49
"George, MS",11.57
"Greene, MS",13.34
"Grenada, MS",13.71
"Hancock, MS",11.39
"Harrison, MS",12.61
"Hinds, MS",13.88
"Holmes, MS",19.16
"Humphreys, MS",17.87
"Issaquena, MS",17.06
"Itawamba, MS",11.56
"Jackson, MS",12.49
"Jasper, MS",14.85
"Jefferson, MS",18.18
"Jefferson Davis, MS",15.41
"Jones, MS",12.94
"Kemper, MS",16.38
"Lafayette, MS",11.58
"Lamar, MS",9.44
"Lauderdale, MS",14.06
"Lawrence, MS",13.2
"Leake, MS",14.93
"Lee, MS",11.46
"Leflore, MS",17.35
"Lincoln, MS",12.71
"Lowndes, MS",13.84
"Madison, MS",10.11
"Marion, MS",13.48
"Marshall, MS",15.08
"Monroe, MS",13.1
"Montgomery, MS",14.41
"Neshoba, MS",13.59
"Newton, MS",13.26
"Noxubee, MS",17.89
"Oktibbeha, MS",13.45
"Panola, MS",14.2
"Pearl River, MS",12.15
"Perry, MS",12.96
"Pike, MS",14.9
"Pontotoc, MS",12.1
"Prentiss, MS",12.45
"Quitman, MS",17.03
"Rankin, MS",10.82
"Scott, MS",14.52
"Sharkey, MS",16.98
"Simpson, MS",13.72
"Smith, MS",12.53
"Stone, MS",11.94
"Sunflower, MS",17.37
"Tallahatchie, MS",16.68
"Tate, MS",12.87
"Tippah, MS",12.51
"Tishomingo, MS",11.87
"Tunica, MS",17.12
"Union, MS",11.58
"Walthall, MS",15.04
"Warren, MS",12.93
"Washington, MS",16.25
"Wayne, MS",14.22
"Webster, MS",11.68
"Wilkinson, MS",17.25
"Winston, MS",14.62
"Yalobusha, MS",13.64
"Yazoo, MS",16.18
"Adair, MO",10.4
"Andrew, MO",9.08
"Atchison, MO",9.05
"Audrain, MO",10.92
"Barry, MO",10.78
"Barton, MO",10.36
"Bates, MO",10.4
"Benton, MO",10.64
"Bollinger, MO",10.8
"Boone, MO",8.77
"Buchanan, MO",10.91
"Butler, MO",10.53
"Caldwell, MO",10.2
"Callaway, MO",9.92
"Camden, MO",9.76
"Cape Girardeau, MO",9.53
"Carroll, MO",10.39
"Carter, MO",11.4
"Cass, MO",9.9
"Cedar, MO",10.84
"Chariton, MO",10.33
"Christian, MO",9.64
"Clark, MO",9.91
"Clay, MO",10.97
"Clinton, MO",9.77
"Cole, MO",9.75
"Cooper, MO",10.2
"Crawford, MO",10.96
"Dade, MO",10.34
"Dallas, MO",10.93
"Daviess, MO",10.14
"DeKalb, MO",10.87
"Dent, MO",10.69
"Douglas, MO",11.0
"Dunklin, MO",12.02
"Franklin, MO",10.02
"Gasconade, MO",10.08
"Gentry, MO",9.5
"Greene, MO",9.54
"Grundy, MO",10.06
"Harrison, MO",9.96
"Henry, MO",10.0
"Hickory, MO",11.05
"Holt, MO",9.47
"Howard, MO",10.22
"Howell, MO",9.99
"Iron, MO",11.15
"Jackson, MO",11.62
"Jasper, MO",10.78
"Jefferson, MO",10.3
"Johnson, MO",10.12
"Knox, MO",10.11
"Laclede, MO",10.81
"Lafayette, MO",10.34
"Lawrence, MO",10.62
"Lewis, MO",10.1
"Lincoln, MO",10.48
"Linn, MO",10.09
"Livingston, MO",10.19
"McDonald, MO",11.7
"Macon, MO",10.17
"Madison, MO",10.93
"Maries, MO",10.24
"Marion, MO",9.89
"Mercer, MO",9.74
"Miller, MO",10.56
"Mississippi, MO",13.09
"Moniteau, MO",10.07
"Monroe, MO",10.26
"Montgomery, MO",10.56
"Morgan, MO",10.91
"New Madrid, MO",12.51
"Newton, MO",10.72
"Nodaway, MO",9.41
"Oregon, MO",11.4
"Osage, MO",9.77
"Ozark, MO",10.74
"Pemiscot, MO",13.31
"Perry, MO",9.74
"Pettis, MO",11.03
"Phelps, MO",10.26
"Pike, MO",10.99
"Platte, MO",9.38
"Polk, MO",10.36
"Pulaski, MO",11.57
"Putnam, MO",9.99
"Ralls, MO",9.67
"Randolph, MO",10.8
"Ray, MO",10.37
"Reynolds, MO",11.64
"Ripley, MO",11.42
"Saint Charles, MO",9.4
"Saint Clair, MO",11.06
"Sainte Genevieve, MO",9.84
"Saint Francois, MO",11.33
"Saint Louis, MO",9.0
"Saline, MO",10.92
"Schuyler, MO",10.28
"Scotland, MO",9.67
"Scott, MO",11.3
"Shannon, MO",11.07
"Shelby, MO",9.89
"Stoddard, MO",10.38
"Stone, MO",9.89
"Sullivan, MO",10.87
"Taney, MO",10.47
"Texas, MO",11.28
"Vernon, MO",10.21
"Warren, MO",10.08
"Washington, MO",11.71
"Wayne, MO",11.35
"Webster, MO",10.33
"Worth, MO",9.71
"Wright, MO",11.31
"Saint Louis, MO",13.3
"Beaverhead, MT",7.44
"Big Horn, MT",12.57
"Blaine, MT",11.37
"Broadwater, MT",7.37
"Carbon, MT",7.38
"Carter, MT",8.61
"Cascade, MT",7.96
"Chouteau, MT",8.88
"Custer, MT",8.63
"Daniels, MT",8.37
"Dawson, MT",8.18
"Deer Lodge, MT",7.64
"Fallon, MT",8.07
"Fergus, MT",7.53
"Flathead, MT",7.1
"Gallatin, MT",6.52
"Garfield, MT",8.63
"Glacier, MT",12.53
"Golden Valley, MT",8.23
"Granite, MT",7.3
"Hill, MT",9.39
"Jefferson, MT",6.44
"Judith Basin, MT",7.65
"Lake, MT",8.91
"Lewis and Clark, MT",6.75
"Liberty, MT",8.5
"Lincoln, MT",8.42
"McCone, MT",8.72
"Madison, MT",7.16
"Meagher, MT",7.76
"Mineral, MT",8.53
"Missoula, MT",6.41
"Musselshell, MT",8.55
"Park, MT",6.88
"Petroleum, MT",8.45
"Phillips, MT",8.9
"Pondera, MT",8.8
"Powder River, MT",8.18
"Powell, MT",7.54
"Prairie, MT",8.46
"Ravalli, MT",7.24
"Richland, MT",8.17
"Roosevelt, MT",13.3
"Rosebud, MT",10.01
"Sanders, MT",8.6
"Sheridan, MT",8.41
"Silver Bow, MT",8.25
"Stillwater, MT",7.67
"Sweet Grass, MT",7.5
"Teton, MT",7.7
"Toole, MT",8.27
"Treasure, MT",7.86
"Valley, MT",8.73
"Wheatland, MT",8.68
"Wibaux, MT",8.69
"Yellowstone, MT",7.85
"Adams, NE",8.04
"Antelope, NE",7.84
"Arthur, NE",8.05
"Banner, NE",8.64
"Blaine, NE",8.48
"Boone, NE",7.31
"Box Butte, NE",9.19
"Boyd, NE",7.6
"Brown, NE",8.19
"Buffalo, NE",7.4
"Burt, NE",8.44
"Butler, NE",7.9
"Cass, NE",8.16
"Cedar, NE",7.94
"Chase, NE",8.26
"Cherry, NE",8.18
"Cheyenne, NE",8.01
"Clay, NE",8.24
"Colfax, NE",9.42
"Cuming, NE",8.18
"Custer, NE",7.72
"Dakota, NE",10.64
"Dawes, NE",8.24
"Dawson, NE",9.7
"Deuel, NE",8.11
"Dixon, NE",8.53
"Dodge, NE",8.81
"Douglas, NE",9.23
"Dundy, NE",8.35
"Fillmore, NE",7.9
"Franklin, NE",8.16
"Frontier, NE",8.31
"Furnas, NE",8.33
"Gage, NE",8.72
"Garden, NE",8.54
"Garfield, NE",8.19
"Gosper, NE",7.92
"Grant, NE",8.12
"Greeley, NE",8.18
"Hall, NE",9.25
"Hamilton, NE",7.3
"Harlan, NE",8.33
"Hayes, NE",8.42
"Hitchcock, NE",8.5
"Holt, NE",7.8
"Hooker, NE",6.89
"Howard, NE",7.8
"Jefferson, NE",8.62
"Johnson, NE",9.56
"Kearney, NE",7.69
"Keith, NE",8.23
"Keya Paha, NE",8.59
"Kimball, NE",8.49
"Knox, NE",8.26
"Lancaster, NE",8.19
"Lincoln, NE",8.51
"Logan, NE",8.11
"Loup, NE",8.39
"McPherson, NE",7.96
"Madison, NE",7.83
"Merrick, NE",7.86
"Morrill, NE",9.15
"Nance, NE",8.26
"Nemaha, NE",8.62
"Nuckolls, NE",8.22
"Otoe, NE",8.76
"Pawnee, NE",8.92
"Perkins, NE",7.7
"Phelps, NE",7.6
"Pierce, NE",7.36
"Platte, NE",7.88
"Polk, NE",7.64
"Red Willow, NE",8.18
"Richardson, NE",9.46
"Rock, NE",8.13
"Saline, NE",8.93
"Sarpy, NE",9.2
"Saunders, NE",7.98
"Scotts Bluff, NE",9.73
"Seward, NE",7.3
"Sheridan, NE",8.62
"Sherman, NE",8.3
"Sioux, NE",8.03
"Stanton, NE",7.76
"Thayer, NE",8.11
"Thomas, NE",8.24
"Thurston, NE",11.9
"Valley, NE",7.66
"Washington, NE",7.75
"Wayne, NE",7.49
"Webster, NE",8.24
"Wheeler, NE",8.07
"York, NE",7.69
"Churchill, NV",9.15
"Clark, NV",10.2
"Douglas, NV",7.66
"Elko, NV",9.81
"Esmeralda, NV",9.15
"Eureka, NV",8.59
"Humboldt, NV",9.11
"Lander, NV",9.2
"Lincoln, NV",8.31
"Lyon, NV",9.24
"Mineral, NV",9.64
"Nye, NV",9.57
"Pershing, NV",9.56
"Storey, NV",7.73
"Washoe, NV",8.18
"White Pine, NV",9.14
"Carson, NV",8.53
"Belknap, NH",8.28
"Carroll, NH",7.8
"Cheshire, NH",8.16
"Coos, NH",8.7
"Grafton, NH",7.08
"Hillsborough, NH",8.99
"Merrimack, NH",8.12
"Rockingham, NH",8.31
"Strafford, NH",9.73
"Sullivan, NH",7.86
"Atlantic, NJ",10.72
"Bergen, NJ",7.55
"Burlington, NJ",9.07
"Camden, NJ",10.1
"Cape May, NJ",9.28
"Cumberland, NJ",12.88
"Essex, NJ",10.94
"Gloucester, NJ",10.01
"Hudson, NJ",11.55
"Hunterdon, NJ",6.74
"Mercer, NJ",9.26
"Middlesex, NJ",9.49
"Monmouth, NJ",7.98
"Morris, NJ",7.19
"Ocean, NJ",9.11
"Passaic, NJ",10.95
"Salem, NJ",10.5
"Somerset, NJ",7.83
"Sussex, NJ",8.22
"Union, NJ",10.1
"Warren, NJ",8.47
"Bernalillo, NM",8.85
"Catron, NM",9.46
"Chaves, NM",12.33
"Cibola, NM",12.69
"Colfax, NM",9.99
"Curry, NM",11.8
"De Baca, NM",11.61
"Dona Ana, NM",11.37
"Eddy, NM",12.23
"Grant, NM",10.05
"Guadalupe, NM",13.92
"Harding, NM",10.6
"Hidalgo, NM",11.64
"Lea, NM",12.66
"Lincoln, NM",9.67
"Los Alamos, NM",5.66
"Luna, NM",12.08
"McKinley, NM",16.52
"Mora, NM",13.1
"Otero, NM",11.74
"Quay, NM",11.57
"Rio Arriba, NM",12.7
"Roosevelt, NM",11.36
"Sandoval, NM",9.57
"San Juan, NM",11.24
"San Miguel, NM",13.33
"Santa Fe, NM",7.99
"Sierra, NM",10.56
"Socorro, NM",12.45
"Taos, NM",10.02
"Torrance, NM",10.97
"Union, NM",10.53
"Valencia, NM",12.69
"Albany, NY",8.66
"Allegany, NY",9.83
"Bronx, NY",14.84
"Broome, NY",9.64
"Cattaraugus, NY",10.18
"Cayuga, NY",9.88
"Chautauqua, NY",10.53
"Chemung, NY",9.8
"Chenango, NY",9.46
"Clinton, NY",8.53
"Columbia, NY",8.44
"Cortland, NY",9.63
"Delaware, NY",9.23
"Dutchess, NY",8.6
"Erie, NY",9.46
"Essex, NY",8.45
"Franklin, NY",9.82
"Fulton, NY",9.99
"Genesee, NY",9.74
"Greene, NY",9.27
"Hamilton, NY",8.74
"Herkimer, NY",9.61
"Jefferson, NY",9.97
"Kings, NY",11.99
"Lewis, NY",9.35
"Livingston, NY",9.82
"Madison, NY",9.09
"Monroe, NY",9.18
"Montgomery, NY",10.46
"Nassau, NY",7.69
"New York, NY",8.85
"Niagara, NY",10.95
"Oneida, NY",9.61
"Onondaga, NY",9.22
"Ontario, NY",8.66
"Orange, NY",9.73
"Orleans, NY",10.49
"Oswego, NY",10.04
"Otsego, NY",7.7
"Putnam, NY",8.04
"Queens, NY",11.44
"Rensselaer, NY",9.1
"Richmond, NY",9.12
"Rockland, NY",8.91
"Saint Lawrence, NY",10.03
"Saratoga, NY",8.15
"Schenectady, NY",9.56
"Schoharie, NY",9.29
"Schuyler, NY",9.26
"Seneca, NY",9.65
"Steuben, NY",9.77
"Suffolk, NY",8.12
"Sullivan, NY",10.02
"Tioga, NY",9.1
"Tompkins, NY",8.91
"Ulster, NY",9.29
"Warren, NY",8.22
"Washington, NY",8.9
"Wayne, NY",9.75
"Westchester, NY",7.99
"Wyoming, NY",9.47
"Yates, NY",8.96
"Alamance, NC",11.53
"Alexander, NC",10.53
"Alleghany, NC",10.37
"Anson, NC",13.76
"Ashe, NC",9.91
"Avery, NC",10.59
"Beaufort, NC",10.9
"Bertie, NC",14.84
"Bladen, NC",13.2
"Brunswick, NC",10.02
"Buncombe, NC",9.35
"Burke, NC",11.52
"Cabarrus, NC",10.08
"Caldwell, NC",11.89
"Camden, NC",10.63
"Carteret, NC",9.44
"Caswell, NC",12.89
"Catawba, NC",11.02
"Chatham, NC",8.26
"Cherokee, NC",11.02
"Chowan, NC",11.62
"Clay, NC",10.06
"Cleveland, NC",12.44
"Columbus, NC",12.29
"Craven, NC",10.16
"Cumberland, NC",12.7
"Currituck, NC",10.13
"Dare, NC",9.11
"Davidson, NC",11.24
"Davie, NC",9.24
"Duplin, NC",12.94
"Durham, NC",10.55
"Edgecombe, NC",15.09
"Forsyth, NC",10.38
"Franklin, NC",11.29
"Gaston, NC",12.33
"Gates, NC",12.77
"Graham, NC",11.46
"Granville, NC",12.14
"Greene, NC",13.49
"Guilford, NC",10.61
"Halifax, NC",14.42
"Harnett, NC",11.93
"Haywood, NC",9.98
"Henderson, NC",9.79
"Hertford, NC",14.85
"Hoke, NC",14.82
"Hyde, NC",12.95
"Iredell, NC",10.11
"Jackson, NC",10.86
"Johnston, NC",11.44
"Jones, NC",11.78
"Lee, NC",11.6
"Lenoir, NC",13.09
"Lincoln, NC",10.85
"McDowell, NC",11.39
"Macon, NC",9.96
"Madison, NC",10.58
"Martin, NC",13.06
"Mecklenburg, NC",10.59
"Mitchell, NC",10.81
"Montgomery, NC",12.06
"Moore, NC",9.14
"Nash, NC",12.13
"New Hanover, NC",8.79
"Northampton, NC",15.46
"Onslow, NC",11.34
"Orange, NC",8.23
"Pamlico, NC",10.44
"Pasquotank, NC",12.55
"Pender, NC",10.67
"Perquimans, NC",11.64
"Person, NC",11.3
"Pitt, NC",10.47
"Polk, NC",9.78
"Randolph, NC",10.83
"Richmond, NC",12.88
"Robeson, NC",16.24
"Rockingham, NC",12.21
"Rowan, NC",11.31
"Rutherford, NC",11.19
"Sampson, NC",12.77
"Scotland, NC",13.74
"Stanly, NC",10.38
"Stokes, NC",10.67
"Surry, NC",10.98
"Swain, NC",12.95
"Transylvania, NC",9.16
"Tyrrell, NC",14.4
"Union, NC",9.68
"Vance, NC",13.98
"Wake, NC",9.19
"Warren, NC",14.09
"Washington, NC",14.24
"Watauga, NC",9.66
"Wayne, NC",12.79
"Wilkes, NC",10.65
"Wilson, NC",12.87
"Yadkin, NC",10.52
"Yancey, NC",10.64
"Adams, ND",6.66
"Barnes, ND",8.32
"Benson, ND",13.36
"Billings, ND",8.62
"Bottineau, ND",8.94
"Bowman, ND",7.8
"Burke, ND",9.07
"Burleigh, ND",7.74
"Cass, ND",7.52
"Cavalier, ND",8.28
"Dickey, ND",8.17
"Divide, ND",8.51
"Dunn, ND",9.19
"Eddy, ND",9.07
"Emmons, ND",8.73
"Foster, ND",8.2
"Golden Valley, ND",8.54
"Grand Forks, ND",7.82
"Grant, ND",8.78
"Griggs, ND",8.39
"Hettinger, ND",8.65
"Kidder, ND",8.73
"LaMoure, ND",8.21
"Logan, ND",8.83
"McHenry, ND",9.34
"McIntosh, ND",8.6
"McKenzie, ND",9.38
"McLean, ND",9.19
"Mercer, ND",8.42
"Morton, ND",8.61
"Mountrail, ND",10.37
"Nelson, ND",8.35
"Oliver, ND",8.9
"Pembina, ND",8.3
"Pierce, ND",8.98
"Ramsey, ND",8.55
"Ransom, ND",8.21
"Renville, ND",8.97
"Richland, ND",8.03
"Rolette, ND",15.09
"Sargent, ND",8.22
"Sheridan, ND",9.36
"Sioux, ND",16.22
"Slope, ND",8.56
"Stark, ND",8.4
"Steele, ND",8.3
"Stutsman, ND",8.73
"Towner, ND",8.39
"Traill, ND",7.94
"Walsh, ND",8.65
"Ward, ND",9.09
"Wells, ND",8.59
"Williams, ND",8.7
"Adams, OH",12.64
"Allen, OH",11.64
"Ashland, OH",9.9
"Ashtabula, OH",11.29
"Athens, OH",12.94
"Auglaize, OH",10.16
"Belmont, OH",11.41
"Brown, OH",11.93
"Butler, OH",11.46
"Carroll, OH",10.53
"Champaign, OH",10.62
"Clark, OH",12.21
"Clermont, OH",10.78
"Clinton, OH",10.95
"Columbiana, OH",10.93
"Coshocton, OH",10.88
"Crawford, OH",11.49
"Cuyahoga, OH",10.7
"Darke, OH",10.76
"Defiance, OH",10.49
"Delaware, OH",8.48
"Erie, OH",10.31
"Fairfield, OH",10.51
"Fayette, OH",11.94
"Franklin, OH",10.9
"Fulton, OH",10.02
"Gallia, OH",11.88
"Geauga, OH",8.14
"Greene, OH",10.01
"Guernsey, OH",11.01
"Hamilton, OH",11.7
"Hancock, OH",10.6
"Hardin, OH",10.79
"Harrison, OH",10.87
"Henry, OH",10.11
"Highland, OH",11.82
"Hocking, OH",11.52
"Holmes, OH",10.55
"Huron, OH",10.64
"Jackson, OH",12.67
"Jefferson, OH",11.47
"Knox, OH",10.53
"Lake, OH",9.86
"Lawrence, OH",13.04
"Licking, OH",11.11
"Logan, OH",11.21
"Lorain, OH",10.55
"Lucas, OH",11.42
"Madison, OH",10.57
"Mahoning, OH",10.78
"Marion, OH",11.76
"Medina, OH",9.08
"Meigs, OH",12.55
"Mercer, OH",9.71
"Miami, OH",10.83
"Monroe, OH",11.09
"Montgomery, OH",12.14
"Morgan, OH",11.88
"Morrow, OH",10.76
"Muskingum, OH",11.57
"Noble, OH",11.63
"Ottawa, OH",10.11
"Paulding, OH",10.13
"Perry, OH",11.55
"Pickaway, OH",11.3
"Pike, OH",13.35
"Portage, OH",9.78
"Preble, OH",10.74
"Putnam, OH",9.69
"Richland, OH",11.58
"Ross, OH",12.28
"Sandusky, OH",10.86
"Scioto, OH",13.35
"Seneca, OH",11.19
"Shelby, OH",10.44
"Stark, OH",10.27
"Summit, OH",9.45
"Trumbull, OH",10.96
"Tuscarawas, OH",10.23
"Union, OH",10.29
"Van Wert, OH",10.21
"Vinton, OH",12.76
"Warren, OH",9.67
"Washington, OH",10.97
"Wayne, OH",10.03
"Williams, OH",10.1
"Wood, OH",10.25
"Wyandot, OH",10.42
"Adair, OK",14.04
"Alfalfa, OK",10.36
"Atoka, OK",12.02
"Beaver, OK",9.58
"Beckham, OK",10.55
"Blaine, OK",11.0
"Bryan, OK",11.07
"Caddo, OK",12.75
"Canadian, OK",10.71
"Carter, OK",11.28
"Cherokee, OK",12.83
"Choctaw, OK",12.81
"Cimarron, OK",9.29
"Cleveland, OK",10.85
"Coal, OK",12.19
"Comanche, OK",12.64
"Cotton, OK",11.05
"Craig, OK",12.37
"Creek, OK",11.26
"Custer, OK",11.01
"Delaware, OK",11.86
"Dewey, OK",9.92
"Ellis, OK",9.0
"Garfield, OK",10.65
"Garvin, OK",11.7
"Grady, OK",10.96
"Grant, OK",10.12
"Greer, OK",11.34
"Harmon, OK",11.76
"Harper, OK",9.73
"Haskell, OK",12.3
"Hughes, OK",13.06
"Jackson, OK",11.41
"Jefferson, OK",11.6
"Johnston, OK",11.92
"Kay, OK",11.65
"Kingfisher, OK",10.13
"Kiowa, OK",11.23
"Latimer, OK",12.1
"Le Flore, OK",12.36
"Lincoln, OK",10.94
"Logan, OK",10.61
"Love, OK",10.8
"McClain, OK",10.4
"McCurtain, OK",12.39
"McIntosh, OK",12.36
"Major, OK",9.84
"Marshall, OK",11.58
"Mayes, OK",12.34
"Murray, OK",11.08
"Muskogee, OK",12.82
"Noble, OK",10.34
"Nowata, OK",12.32
"Okfuskee, OK",13.56
"Oklahoma, OK",10.85
"Okmulgee, OK",12.63
"Osage, OK",12.18
"Ottawa, OK",12.51
"Pawnee, OK",10.87
"Payne, OK",10.36
"Pittsburg, OK",11.8
"Pontotoc, OK",11.16
"Pottawatomie, OK",12.21
"Pushmataha, OK",12.48
"Roger Mills, OK",9.61
"Rogers, OK",10.8
"Seminole, OK",12.97
"Sequoyah, OK",12.48
"Stephens, OK",11.12
"Texas, OK",10.39
"Tillman, OK",12.27
"Tulsa, OK",10.53
"Wagoner, OK",11.58
"Washington, OK",11.2
"Washita, OK",10.36
"Woods, OK",9.57
"Woodward, OK",10.28
"Baker, OR",8.47
"Benton, OR",7.35
"Clackamas, OR",8.22
"Clatsop, OR",9.33
"Columbia, OR",9.88
"Coos, OR",8.94
"Crook, OR",8.9
"Curry, OR",8.62
"Deschutes, OR",7.47
"Douglas, OR",9.28
"Gilliam, OR",8.74
"Grant, OR",8.5
"Harney, OR",8.4
"Hood River, OR",7.95
"Jackson, OR",8.47
"Jefferson, OR",10.07
"Josephine, OR",8.71
"Klamath, OR",8.89
"Lake, OR",8.56
"Lane, OR",8.71
"Lincoln, OR",9.73
"Linn, OR",9.42
"Malheur, OR",10.48
"Marion, OR",9.96
"Morrow, OR",10.3
"Multnomah, OR",8.78
"Polk, OR",9.19
"Sherman, OR",9.1
"Tillamook, OR",8.7
"Umatilla, OR",10.65
"Union, OR",8.45
"Wallowa, OR",8.06
"Wasco, OR",9.18
"Washington, OR",8.93
"Wheeler, OR",9.26
"Yamhill, OR",9.73
"Adams, PA",9.52
"Allegheny, PA",8.67
"Armstrong, PA",10.18
"Beaver, PA",10.4
"Bedford, PA",10.15
"Berks, PA",9.97
"Blair, PA",9.97
"Bradford, PA",8.8
"Bucks, PA",8.15
"Butler, PA",9.34
"Cambria, PA",10.4
"Cameron, PA",9.88
"Carbon, PA",9.7
"Centre, PA",9.47
"Chester, PA",7.83
"Clarion, PA",10.04
"Clearfield, PA",10.49
"Clinton, PA",9.88
"Columbia, PA",10.06
"Crawford, PA",10.13
"Cumberland, PA",8.96
"Dauphin, PA",9.99
"Delaware, PA",8.24
"Elk, PA",9.4
"Erie, PA",10.29
"Fayette, PA",11.71
"Forest, PA",11.62
"Franklin, PA",9.82
"Fulton, PA",10.01
"Greene, PA",10.55
"Huntingdon, PA",9.91
"Indiana, PA",10.19
"Jefferson, PA",10.38
"Juniata, PA",9.95
"Lackawanna, PA",9.73
"Lancaster, PA",9.45
"Lawrence, PA",10.51
"Lebanon, PA",9.61
"Lehigh, PA",9.53
"Luzerne, PA",10.17
"Lycoming, PA",9.84
"McKean, PA",9.82
"Mercer, PA",10.31
"Mifflin, PA",10.35
"Monroe, PA",10.2
"Montgomery, PA",7.34
"Montour, PA",8.47
"Northampton, PA",9.26
"Northumberland, PA",10.93
"Perry, PA",9.62
"Philadelphia, PA",13.11
"Pike, PA",9.12
"Potter, PA",9.54
"Schuylkill, PA",10.39
"Snyder, PA",9.88
"Somerset, PA",10.11
"Sullivan, PA",9.93
"Susquehanna, PA",9.54
"Tioga, PA",9.47
"Union, PA",9.41
"Venango, PA",10.2
"Warren, PA",9.58
"Washington, PA",9.95
"Wayne, PA",9.27
"Westmoreland, PA",9.51
"Wyoming, PA",9.31
"York, PA",9.7
"Bristol, RI",7.2
"Kent, RI",8.41
"Newport, RI",7.82
"Providence, RI",9.85
"Washington, RI",7.49
"Abbeville, SC",12.34
"Aiken, SC",11.15
"Allendale, SC",17.52
"Anderson, SC",11.31
"Bamberg, SC",15.39
"Barnwell, SC",13.73
"Beaufort, SC",8.92
"Berkeley, SC",12.48
"Calhoun, SC",13.94
"Charleston, SC",10.24
"Cherokee, SC",12.75
"Chester, SC",13.54
"Chesterfield, SC",12.59
"Clarendon, SC",14.59
"Colleton, SC",13.23
"Darlington, SC",13.43
"Dillon, SC",13.9
"Dorchester, SC",11.14
"Edgefield, SC",12.18
"Fairfield, SC",14.93
"Florence, SC",12.05
"Georgetown, SC",11.48
"Greenville, SC",10.46
"Greenwood, SC",11.44
"Hampton, SC",14.66
"Horry, SC",10.11
"Jasper, SC",14.12
"Kershaw, SC",11.37
"Lancaster, SC",11.96
"Laurens, SC",12.88
"Lee, SC",15.96
"Lexington, SC",10.58
"McCormick, SC",13.44
"Marion, SC",13.86
"Marlboro, SC",14.63
"Newberry, SC",12.26
"Oconee, SC",10.57
"Orangeburg, SC",14.67
"Pickens, SC",11.05
"Richland, SC",12.27
"Saluda, SC",12.34
"Spartanburg, SC",11.93
"Sumter, SC",14.05
"Union, SC",12.93
"Williamsburg, SC",15.77
"York, SC",10.86
"Aurora, SD",8.15
"Beadle, SD",8.73
"Bennett, SD",13.56
"Bon Homme, SD",8.44
"Brookings, SD",7.58
"Brown, SD",7.98
"Brule, SD",8.06
"Buffalo, SD",16.61
"Butte, SD",8.31
"Campbell, SD",8.29
"Charles Mix, SD",10.15
"Clark, SD",8.42
"Clay, SD",8.71
"Codington, SD",7.79
"Corson, SD",14.48
"Custer, SD",7.74
"Davison, SD",7.94
"Day, SD",8.68
"Deuel, SD",7.85
"Dewey, SD",13.93
"Douglas, SD",8.14
"Edmunds, SD",7.81
"Fall River, SD",8.78
"Faulk, SD",8.13
"Grant, SD",7.7
"Gregory, SD",8.85
"Haakon, SD",7.89
"Hamlin, SD",7.94
"Hand, SD",7.81
"Hanson, SD",7.84
"Harding, SD",8.04
"Hughes, SD",8.27
"Hutchinson, SD",7.78
"Hyde, SD",8.7
"Jackson, SD",12.02
"Jerauld, SD",8.14
"Jones, SD",8.47
"Kingsbury, SD",7.79
"Lake, SD",7.58
"Lawrence, SD",7.38
"Lincoln, SD",6.52
"Lyman, SD",10.57
"McCook, SD",8.1
"McPherson, SD",8.66
"Marshall, SD",8.71
"Meade, SD",8.04
"Mellette, SD",13.26
"Miner, SD",8.05
"Minnehaha, SD",8.21
"Moody, SD",8.44
"Oglala Lakota, SD",18.7
"Pennington, SD",8.06
"Perkins, SD",8.47
"Potter, SD",8.22
"Roberts, SD",10.37
"Sanborn, SD",8.36
"Spink, SD",7.92
"Stanley, SD",8.04
"Sully, SD",7.94
"Todd, SD",16.84
"Tripp, SD",8.55
"Turner, SD",8.03
"Union, SD",6.55
"Walworth, SD",8.93
"Yankton, SD",7.36
"Ziebach, SD",15.78
"Anderson, TN",11.11
"Bedford, TN",11.45
"Benton, TN",11.44
"Bledsoe, TN",12.09
"Blount, TN",10.63
"Bradley, TN",11.7
"Campbell, TN",12.62
"Cannon, TN",10.83
"Carroll, TN",11.51
"Carter, TN",12.41
"Cheatham, TN",10.04
"Chester, TN",12.25
"Claiborne, TN",12.55
"Clay, TN",11.87
"Cocke, TN",12.06
"Coffee, TN",10.87
"Crockett, TN",12.58
"Cumberland, TN",11.15
"Davidson, TN",11.2
"Decatur, TN",11.15
"DeKalb, TN",11.63
"Dickson, TN",10.58
"Dyer, TN",11.2
"Fayette, TN",11.53
"Fentress, TN",12.26
"Franklin, TN",10.56
"Gibson, TN",12.41
"Giles, TN",11.09
"Grainger, TN",11.95
"Greene, TN",11.69
"Grundy, TN",12.29
"Hamblen, TN",12.38
"Hamilton, TN",11.07
"Hancock, TN",13.21
"Hardeman, TN",15.07
"Hardin, TN",11.83
"Hawkins, TN",12.04
"Haywood, TN",15.05
"Henderson, TN",12.03
"Henry, TN",10.78
"Hickman, TN",11.42
"Houston, TN",11.04
"Humphreys, TN",10.45
"Jackson, TN",11.9
"Jefferson, TN",11.21
"Johnson, TN",12.33
"Knox, TN",10.01
"Lake, TN",15.02
"Lauderdale, TN",14.21
"Lawrence, TN",10.98
"Lewis, TN",10.91
"Lincoln, TN",10.8
"Loudon, TN",10.58
"McMinn, TN",11.54
"McNairy, TN",12.19
"Macon, TN",11.52
"Madison, TN",12.04
"Marion, TN",11.12
"Marshall, TN",11.17
"Maury, TN",10.94
"Meigs, TN",11.83
"Monroe, TN",11.06
"Montgomery, TN",11.78
"Moore, TN",10.45
"Morgan, TN",12.13
"Obion, TN",11.33
"Overton, TN",11.12
"Perry, TN",11.46
"Pickett, TN",11.26
"Polk, TN",10.77
"Putnam, TN",11.48
"Rhea, TN",11.88
"Roane, TN",11.34
"Robertson, TN",10.82
"Rutherford, TN",10.97
"Scott, TN",12.13
"Sequatchie, TN",11.47
"Sevier, TN",11.13
"Shelby, TN",13.18
"Smith, TN",10.98
"Stewart, TN",10.79
"Sullivan, TN",10.86
"Sumner, TN",10.46
"Tipton, TN",11.65
"Trousdale, TN",11.98
"Unicoi, TN",11.3
"Union, TN",12.46
"Van Buren, TN",11.77
"Warren, TN",12.01
"Washington, TN",10.07
"Wayne, TN",11.64
"Weakley, TN",11.12
"White, TN",11.28
"Williamson, TN",7.82
"Wilson, TN",10.49
"Anderson, TX",12.21
"Andrews, TX",11.91
"Angelina, TX",12.15
"Aransas, TX",11.69
"Archer, TX",9.23
"Armstrong, TX",9.04
"Atascosa, TX",13.35
"Austin, TX",10.1
"Bailey, TX",11.99
"Bandera, TX",10.08
"Bastrop, TX",10.93
"Baylor, TX",10.1
"Bee, TX",14.79
"Bell, TX",10.4
"Bexar, TX",13.22
"Blanco, TX",9.05
"Borden, TX",8.73
"Bosque, TX",10.3
"Bowie, TX",11.5
"Brazoria, TX",10.78
"Brazos, TX",11.16
"Brewster, TX",10.15
"Briscoe, TX",10.45
"Brooks, TX",17.47
"Brown, TX",10.27
"Burleson, TX",11.07
"Burnet, TX",9.56
"Caldwell, TX",12.58
"Calhoun, TX",12.04
"Callahan, TX",10.06
"Cameron, TX",16.84
"Camp, TX",12.2
"Carson, TX",9.1
"Cass, TX",11.4
"Castro, TX",12.48
"Chambers, TX",10.76
"Cherokee, TX",12.01
"Childress, TX",10.93
"Clay, TX",9.61
"Cochran, TX",12.42
"Coke, TX",9.52
"Coleman, TX",10.66
"Collin, TX",9.36
"Collingsworth, TX",11.43
"Colorado, TX",10.99
"Comal, TX",9.47
"Comanche, TX",10.72
"Concho, TX",13.26
"Cooke, TX",10.02
"Coryell, TX",11.56
"Cottle, TX",11.74
"Crane, TX",12.06
"Crockett, TX",13.03
"Crosby, TX",12.98
"Culberson, TX",14.54
"Dallam, TX",10.88
"Dallas, TX",12.55
"Dawson, TX",13.68
"Deaf Smith, TX",13.27
"Delta, TX",10.75
"Denton, TX",9.86
"DeWitt, TX",12.19
"Dickens, TX",11.63
"Dimmit, TX",16.02
"Donley, TX",10.4
"Duval, TX",16.84
"Eastland, TX",10.61
"Ector, TX",12.75
"Edwards, TX",12.42
"Ellis, TX",11.29
"El Paso, TX",15.04
"Erath, TX",10.47
"Falls, TX",13.06
"Fannin, TX",10.76
"Fayette, TX",10.05
"Fisher, TX",10.83
"Floyd, TX",12.56
"Foard, TX",10.96
"Fort Bend, TX",10.27
"Franklin, TX",10.18
"Freestone, TX",11.5
"Frio, TX",16.56
"Gaines, TX",12.0
"Galveston, TX",9.95
"Garza, TX",13.3
"Gillespie, TX",8.3
"Glasscock, TX",10.0
"Goliad, TX",11.56
"Gonzales, TX",12.74
"Gray, TX",11.37
"Grayson, TX",10.49
"Gregg, TX",11.6
"Grimes, TX",11.8
"Guadalupe, TX",11.34
"Hale, TX",13.63
"Hall, TX",12.17
"Hamilton, TX",9.62
"Hansford, TX",10.55
"Hardeman, TX",10.75
"Hardin, TX",10.59
"Harris, TX",12.36
"Harrison, TX",11.96
"Hartley, TX",9.39
"Haskell, TX",11.59
"Hays, TX",10.37
"Hemphill, TX",9.51
"Henderson, TX",11.24
"Hidalgo, TX",16.75
"Hill, TX",10.93
"Hockley, TX",11.53
"Hood, TX",9.77
"Hopkins, TX",10.57
"Houston, TX",12.45
"Howard, TX",12.53
"Hudspeth, TX",15.84
"Hunt, TX",11.37
"Hutchinson, TX",10.76
"Irion, TX",10.12
"Jack, TX",10.6
"Jackson, TX",11.28
"Jasper, TX",11.81
"Jeff Davis, TX",9.91
"Jefferson, TX",13.49
"Jim Hogg, TX",16.05
"Jim Wells, TX",15.26
"Johnson, TX",11.02
"Jones, TX",11.81
"Karnes, TX",13.75
"Kaufman, TX",11.4
"Kendall, TX",7.92
"Kenedy, TX",14.73
"Kent, TX",9.4
"Kerr, TX",10.05
"Kimble, TX",10.48
"King, TX",9.54
"Kinney, TX",12.97
"Kleberg, TX",15.04
"Knox, TX",11.71
"Lamar, TX",11.53
"Lamb, TX",12.49
"Lampasas, TX",9.66
"La Salle, TX",16.81
"Lavaca, TX",10.39
"Lee, TX",10.75
"Leon, TX",10.61
"Liberty, TX",12.1
"Limestone, TX",12.09
"Lipscomb, TX",10.14
"Live Oak, TX",11.86
"Llano, TX",9.03
"Loving, TX",11.74
"Lubbock, TX",10.74
"Lynn, TX",11.77
"McCulloch, TX",11.22
"McLennan, TX",11.44
"McMullen, TX",11.3
"Madison, TX",12.01
"Marion, TX",12.23
"Martin, TX",11.22
"Mason, TX",10.01
"Matagorda, TX",12.8
"Maverick, TX",17.71
"Medina, TX",12.18
"Menard, TX",11.95
"Midland, TX",10.72
"Milam, TX",11.38
"Mills, TX",10.01
"Mitchell, TX",12.28
"Montague, TX",10.13
"Montgomery, TX",9.96
"Moore, TX",12.32
"Morris, TX",12.22
"Motley, TX",10.27
"Nacogdoches, TX",11.84
"Navarro, TX",11.81
"Newton, TX",12.74
"Nolan, TX",11.88
"Nueces, TX",13.33
"Ochiltree, TX",11.2
"Oldham, TX",9.38
"Orange, TX",11.59
"Palo Pinto, TX",10.7
"Panola, TX",11.06
"Parker, TX",9.91
"Parmer, TX",11.99
"Pecos, TX",13.68
"Polk, TX",11.14
"Potter, TX",11.51
"Presidio, TX",14.97
"Rains, TX",10.41
"Randall, TX",9.17
"Reagan, TX",12.19
"Real, TX",11.14
"Red River, TX",11.8
"Reeves, TX",16.22
"Refugio, TX",12.9
"Roberts, TX",8.45
"Robertson, TX",11.78
"Rockwall, TX",9.31
"Runnels, TX",11.11
"Rusk, TX",11.88
"Sabine, TX",11.35
"San Augustine, TX",12.83
"San Jacinto, TX",11.25
"San Patricio, TX",13.68
"San Saba, TX",10.91
"Schleicher, TX",11.41
"Scurry, TX",11.0
"Shackelford, TX",9.35
"Shelby, TX",12.31
"Sherman, TX",10.17
"Smith, TX",10.48
"Somervell, TX",9.38
"Starr, TX",20.41
"Stephens, TX",10.6
"Sterling, TX",10.89
"Stonewall, TX",9.98
"Sutton, TX",11.48
"Swisher, TX",11.95
"Tarrant, TX",12.12
"Taylor, TX",10.54
"Terrell, TX",12.15
"Terry, TX",13.07
"Throckmorton, TX",9.48
"Titus, TX",11.65
"Tom Green, TX",11.18
"Travis, TX",9.54
"Trinity, TX",11.29
"Tyler, TX",11.08
"Upshur, TX",10.84
"Upton, TX",12.27
"Uvalde, TX",14.44
"Val Verde, TX",15.07
"Van Zandt, TX",10.58
"Victoria, TX",12.18
"Walker, TX",12.16
"Waller, TX",12.0
"Ward, TX",12.75
"Washington, TX",10.22
"Webb, TX",18.45
"Wharton, TX",12.44
"Wheeler, TX",10.04
"Wichita, TX",10.96
"Wilbarger, TX",11.42
"Willacy, TX",17.11
"Williamson, TX",9.31
"Wilson, TX",10.99
"Winkler, TX",12.67
"Wise, TX",9.95
"Wood, TX",10.16
"Yoakum, TX",11.54
"Young, TX",10.29
"Zapata, TX",17.12
"Zavala, TX",17.72
"Beaver, UT",7.76
"Box Elder, UT",9.1
"Cache, UT",9.04
"Carbon, UT",8.95
"Daggett, UT",7.96
"Davis, UT",8.67
"Duchesne, UT",8.18
"Emery, UT",8.32
"Garfield, UT",7.88
"Grand, UT",7.55
"Iron, UT",8.38
"Juab, UT",8.38
"Kane, UT",7.45
"Millard, UT",8.37
"Morgan, UT",6.99
"Piute, UT",9.01
"Rich, UT",8.35
"Salt Lake, UT",8.61
"San Juan, UT",11.59
"Sanpete, UT",8.49
"Sevier, UT",8.54
"Summit, UT",6.0
"Tooele, UT",9.68
"Uintah, UT",8.72
"Utah, UT",8.43
"Wasatch, UT",7.49
"Washington, UT",7.44
"Wayne, UT",7.88
"Weber, UT",9.52
,7.18
"Addison, UT",6.95
"Bennington, UT",7.39
"Caledonia, UT",7.47
"Chittenden, UT",6.61
"Essex, UT",8.92
"Franklin, UT",7.66
"Grand Isle, UT",6.89
"Lamoille, UT",6.83
"Orange, UT",7.16
"Orleans, UT",7.49
"Rutland, UT",8.14
"Washington, UT",6.91
"Windham, UT",7.47
"Windsor, UT",6.86
"Accomack, VA",12.25
"Albemarle, VA",8.69
"Alleghany, VA",9.33
"Amelia, VA",11.29
"Amherst, VA",11.71
"Appomattox, VA",11.27
"Arlington, VA",7.17
"Augusta, VA",10.12
"Bath, VA",9.83
"Bedford, VA",10.01
"Bland, VA",11.16
"Botetourt, VA",9.24
"Brunswick, VA",14.13
"Buchanan, VA",13.46
"Buckingham, VA",13.12
"Campbell, VA",11.05
"Caroline, VA",12.01
"Carroll, VA",10.29
"Charles City, VA",14.49
"Charlotte, VA",11.93
"Chesterfield, VA",9.73
"Clarke, VA",8.97
"Craig, VA",10.33
"Culpeper, VA",10.31
"Cumberland, VA",12.42
"Dickenson, VA",13.24
"Dinwiddie, VA",12.36
"Essex, VA",12.34
"Fairfax, VA",7.31
"Fauquier, VA",8.98
"Floyd, VA",10.36
"Fluvanna, VA",9.44
"Franklin, VA",10.36
"Frederick, VA",9.45
"Giles, VA",10.48
"Gloucester, VA",9.97
"Goochland, VA",8.57
"Grayson, VA",11.2
"Greene, VA",9.35
"Greensville, VA",15.0
"Halifax, VA",11.92
"Hanover, VA",9.08
"Henrico, VA",9.89
"Henry, VA",12.17
"Highland, VA",10.0
"Isle of Wight, VA",10.63
"James City, VA",9.28
"King and Queen, VA",11.94
"King George, VA",9.84
"King William, VA",10.52
"Lancaster, VA",10.55
"Lee, VA",13.16
"Loudoun, VA",8.7
"Louisa, VA",10.62
"Lunenburg, VA",13.19
"Madison, VA",9.99
"Mathews, VA",9.39
"Mecklenburg, VA",11.72
"Middlesex, VA",10.44
"Montgomery, VA",10.77
"Nelson, VA",10.01
"New Kent, VA",9.82
"Northampton, VA",12.44
"Northumberland, VA",9.79
"Nottoway, VA",12.87
"Orange, VA",9.72
"Page, VA",10.3
"Patrick, VA",11.09
"Pittsylvania, VA",12.64
"Powhatan, VA",9.22
"Prince Edward, VA",12.15
"Prince George, VA",11.56
"Prince William, VA",10.34
"Pulaski, VA",10.91
"Rappahannock, VA",9.09
"Richmond, VA",12.71
"Roanoke, VA",8.91
"Rockbridge, VA",10.01
"Rockingham, VA",10.72
"Russell, VA",12.4
"Scott, VA",12.15
"Shenandoah, VA",9.59
"Smyth, VA",11.15
"Southampton, VA",13.02
"Spotsylvania, VA",10.29
"Stafford, VA",9.82
"Surry, VA",13.27
"Sussex, VA",15.15
"Tazewell, VA",12.11
"Warren, VA",9.92
"Washington, VA",10.32
"Westmoreland, VA",12.23
"Wise, VA",13.64
"Wythe, VA",10.6
"York, VA",11.87
"Alexandria, VA",7.9
"Bristol, VA",13.31
"Buena Vista, VA",10.01
"Charlottesville, VA",8.69
"Chesapeake, VA",11.81
"Colonial Heights, VA",10.08
"Covington, VA",12.21
"Danville, VA",12.64
"Emporia, VA",15.0
"Fairfax, VA",7.31
"Falls Church, VA",6.09
"Franklin, VA",13.02
"Fredericksburg, VA",10.29
"Galax, VA",12.86
"Hampton, VA",14.38
"Harrisonburg, VA",10.72
"Hopewell, VA",15.08
"Lexington, VA",12.3
"Lynchburg, VA",11.49
"Manassas, VA",10.34
"Manassas Park, VA",10.34
"Martinsville, VA",15.29
"Newport News, VA",11.87
"Norfolk, VA",13.36
"Norton, VA",12.08
"Petersburg, VA",17.9
"Poquoson, VA",8.82
"Portsmouth, VA",15.2
"Radford, VA",12.26
"Richmond, VA",12.75
"Roanoke, VA",12.25
"Salem, VA",9.41
"Staunton, VA",10.12
"Suffolk, VA",11.91
"Virginia Beach, VA",10.52
"Waynesboro, VA",10.12
"Williamsburg, VA",9.28
"Winchester, VA",10.08
"Adams, WA",11.89
"Asotin, WA",9.26
"Benton, WA",9.2
"Chelan, WA",8.58
"Clallam, WA",8.37
"Clark, WA",9.37
"Columbia, WA",9.06
"Cowlitz, WA",9.68
"Douglas, WA",9.39
"Ferry, WA",10.06
"Franklin, WA",11.6
"Garfield, WA",8.44
"Grant, WA",10.57
"Grays Harbor, WA",10.99
"Island, WA",8.26
"Jefferson, WA",7.6
"King, WA",7.87
"Kitsap, WA",8.63
"Kittitas, WA",8.47
"Klickitat, WA",8.98
"Lewis, WA",9.72
"Lincoln, WA",8.47
"Mason, WA",9.6
"Okanogan, WA",9.5
"Pacific, WA",9.69
"Pend Oreille, WA",8.93
"Pierce, WA",9.74
"San Juan, WA",6.66
"Skagit, WA",8.7
"Skamania, WA",9.12
"Snohomish, WA",9.49
"Spokane, WA",8.78
"Stevens, WA",8.94
"Thurston, WA",9.47
"Wahkiakum, WA",9.29
"Walla Walla, WA",9.21
"Whatcom, WA",8.46
"Whitman, WA",9.56
"Yakima, WA",11.72
"Barbour, WV",11.12
"Berkeley, WV",10.94
"Boone, WV",12.66
"Braxton, WV",11.67
"Brooke, WV",10.93
"Cabell, WV",11.93
"Calhoun, WV",12.29
"Clay, WV",12.62
"Doddridge, WV",11.57
"Fayette, WV",12.06
"Gilmer, WV",12.94
"Grant, WV",10.4
"Greenbrier, WV",10.18
"Hampshire, WV",11.07
"Hancock, WV",10.76
"Hardy, WV",10.73
"Harrison, WV",10.66
"Jackson, WV",11.72
"Jefferson, WV",10.07
"Kanawha, WV",11.0
"Lewis, WV",10.45
"Lincoln, WV",13.63
"Logan, WV",12.92
"McDowell, WV",15.64
"Marion, WV",10.81
"Marshall, WV",10.55
"Mason, WV",12.19
"Mercer, WV",12.55
"Mineral, WV",10.55
"Mingo, WV",13.54
"Monongalia, WV",10.09
"Monroe, WV",10.94
"Morgan, WV",10.47
"Nicholas, WV",10.78
"Ohio, WV",9.63
"Pendleton, WV",10.38
"Pleasants, WV",11.29
"Pocahontas, WV",10.73
"Preston, WV",10.64
"Putnam, WV",11.25
"Raleigh, WV",12.12
"Randolph, WV",10.03
"Ritchie, WV",11.77
"Roane, WV",12.28
"Summers, WV",12.4
"Taylor, WV",10.76
"Tucker, WV",10.27
"Tyler, WV",11.07
"Upshur, WV",10.25
"Wayne, WV",13.35
"Webster, WV",11.91
"Wetzel, WV",11.06
"Wirt, WV",11.68
"Wood, WV",11.61
"Wyoming, WV",12.85
"Adams, WI",9.13
"Ashland, WI",8.61
"Barron, WI",8.11
"Bayfield, WI",8.37
"Brown, WI",9.02
"Buffalo, WI",7.96
"Burnett, WI",8.81
"Calumet, WI",8.67
"Chippewa, WI",8.3
"Clark, WI",9.21
"Columbia, WI",8.49
"Crawford, WI",8.34
"Dane, WI",7.33
"Dodge, WI",8.97
"Door, WI",7.97
"Douglas, WI",9.0
"Dunn, WI",8.25
"Eau Claire, WI",7.41
"Florence, WI",9.04
"Fond du Lac, WI",8.6
"Forest, WI",9.95
"Grant, WI",8.41
"Green, WI",8.05
"Green Lake, WI",8.15
"Iowa, WI",8.04
"Iron, WI",8.96
"Jackson, WI",8.63
"Jefferson, WI",8.67
"Juneau, WI",8.93
"Kenosha, WI",9.59
"Kewaunee, WI",8.81
"La Crosse, WI",7.16
"Lafayette, WI",8.74
"Langlade, WI",8.73
"Lincoln, WI",8.36
"Manitowoc, WI",8.96
"Marathon, WI",8.41
"Marinette, WI",8.99
"Marquette, WI",8.83
"Menominee, WI",15.06
"Milwaukee, WI",10.75
"Monroe, WI",8.59
"Oconto, WI",8.7
"Oneida, WI",7.41
"Outagamie, WI",8.33
"Ozaukee, WI",6.94
"Pepin, WI",8.09
"Pierce, WI",7.82
"Polk, WI",7.9
"Portage, WI",8.59
"Price, WI",8.63
"Racine, WI",9.86
"Richland, WI",8.29
"Rock, WI",9.38
"Rusk, WI",8.47
"Saint Croix, WI",7.8
"Sauk, WI",8.45
"Sawyer, WI",8.7
"Shawano, WI",8.84
"Sheboygan, WI",9.17
"Taylor, WI",8.67
"Trempealeau, WI",8.13
"Vernon, WI",8.0
"Vilas, WI",8.61
"Walworth, WI",8.93
"Washburn, WI",7.99
"Washington, WI",8.34
"Waukesha, WI",6.81
"Waupaca, WI",8.62
"Waushara, WI",8.81
"Winnebago, WI",8.46
"Wood, WI",7.76
"Albany, WY",8.21
"Big Horn, WY",8.27
"Campbell, WY",8.23
"Carbon, WY",8.72
"Converse, WY",8.11
"Crook, WY",7.55
"Fremont, WY",8.95
"Goshen, WY",8.68
"Hot Springs, WY",7.72
"Johnson, WY",7.52
"Laramie, WY",8.45
"Lincoln, WY",7.9
"Natrona, WY",8.86
"Niobrara, WY",8.47
"Park, WY",7.12
"Platte, WY",8.12
"Sheridan, WY",7.5
"Sublette, WY",7.6
"Sweetwater, WY",9.23
"Teton, WY",5.91
"Uinta, WY",8.57
"Washakie, WY",8.27
"Weston, WY",8.08
