county_state,hd_deaths_per100k_over65
"Abbeville, SC",989.3
"Acadia, LA",1407.6
"Accomack, VA",1275.2
"Ada, ID",1004.3
"Adair, IA",888.0
"Adair, KY",1507.7
"Adair, MO",1145.0
"Adair, OK",1770.9
"Adams, IA",1291.3
"Adams, ID",755.3
"Adams, IL",969.2
"Adams, IN",983.3
"Adams, MS",1163.7
"Adams, ND",1075.3
"Adams, NE",1021.1
"Adams, OH",1334.7
"Adams, PA",1242.6
"Adams, WA",975.4
"Adams, WI",930.9
"Addison, VT",1032.6
"Aiken, SC",1025.9
"Aitkin, MN",879.1
"Alachua, FL",754.9
"Alamance, NC",1016.8
"Alameda, CA",723.3
"Alamosa, CO",1027.1
"Albany, NY",1032.3
"Albany, WY",887.4
"Albemarle, VA",723.2
"Alcona, MI",1305.9
"Alcorn, MS",1516.1
"Alexander, IL",1209.5
"Alexander, NC",967.5
"Alfalfa, OK",1198.2
"Alger, MI",1061.9
"Allamakee, IA",1276.8
"Allegan, MI",1053.7
"Allegany, MD",1254.7
"Allegany, NY",1131.0
"Alleghany, NC",944.3
"Alleghany, VA",1162.8
"Allegheny, PA",1190.2
"Allen, IN",1014.4
"Allen, KS",1140.8
"Allen, KY",1204.8
"Allen, LA",1393.9
"Allen, OH",1296.2
"Allendale, SC",1248.3
"Alpena, MI",1531.4
"Alpine, CA",910.8
"Amador, CA",959.4
"Amelia, VA",1143.7
"Amherst, VA",1056.1
"Amite, MS",1597.4
"Anderson, KS",1101.3
"Anderson, KY",1058.5
"Anderson, SC",1082.5
"Anderson, TN",1185.1
"Anderson, TX",1529.6
"Andrew, MO",1051.7
"Andrews, TX",1345.9
"Androscoggin, ME",1018.9
"Angelina, TX",1198.7
"Anne Arundel, MD",1024.5
"Anoka, MN",679.3
"Anson, NC",1100.1
"Antelope, NE",1060.6
"Antrim, MI",1020.1
"Apache, AZ",880.0
"Appanoose, IA",1124.8
"Appling, GA",1344.3
"Appomattox, VA",1156.7
"Aransas, TX",923.2
"Arapahoe, CO",765.3
"Archer, TX",1128.4
"Archuleta, CO",798.3
"Arenac, MI",1527.4
"Arkansas, AR",1370.3
"Arlington, VA",610.5
"Armstrong, PA",1171.1
"Armstrong, TX",1540.9
"Aroostook, ME",930.4
"Arthur, NE",872.8
"Ascension, LA",1098.4
"Ashe, NC",897.3
"Ashland, OH",1187.8
"Ashland, WI",1268.9
"Ashley, AR",1378.9
"Ashtabula, OH",1365.1
"Asotin, WA",1051.3
"Assumption, LA",1267.0
"Atascosa, TX",1120.7
"Atchison, KS",1067.1
"Atchison, MO",976.4
"Athens, OH",1036.4
"Atkinson, GA",1362.4
"Atlantic, NJ",1288.1
"Atoka, OK",1426.6
"Attala, MS",1278.1
"Audrain, MO",1115.9
"Audubon, IA",900.7
"Auglaize, OH",1276.1
"Aurora, SD",970.9
"Austin, TX",1073.1
"Autauga, AL",1292.6
"Avery, NC",1148.1
"Avoyelles, LA",1580.2
"Baca, CO",864.4
"Bacon, GA",1383.1
"Bailey, TX",1191.5
"Baker, FL",1101.1
"Baker, GA",1016.3
"Baker, OR",1114.4
"Baldwin, AL",1182.2
"Baldwin, GA",1606.1
"Ballard, KY",1250.7
"Baltimore, MD",
"Baltimore, MD",
"Bamberg, SC",978.2
"Bandera, TX",938.3
"Banks, GA",1034.2
"Banner, NE",965.2
"Bannock, ID",1195.8
"Baraga, MI",1142.0
"Barber, KS",1342.6
"Barbour, AL",1508.6
"Barbour, WV",1108.5
"Barnes, ND",842.4
"Barnstable, MA",888.7
"Barnwell, SC",1112.5
"Barren, KY",1304.3
"Barron, WI",1094.5
"Barrow, GA",996.4
"Barry, MI",1110.4
"Barry, MO",1227.5
"Bartholomew, IN",986.4
"Barton, KS",1007.3
"Barton, MO",1236.3
"Bartow, GA",1319.3
"Bastrop, TX",1067.0
"Bates, MO",1245.3
"Bath, KY",1399.4
"Bath, VA",1015.1
"Baxter, AR",1068.9
"Bay, FL",1112.3
"Bay, MI",1545.2
"Bayfield, WI",864.5
"Baylor, TX",1164.8
"Beadle, SD",911.7
"Bear Lake, ID",1004.4
"Beaufort, NC",1027.3
"Beaufort, SC",594.9
"Beauregard, LA",1638.2
"Beaver, OK",1572.8
"Beaver, PA",1215.0
"Beaver, UT",1337.4
"Beaverhead, MT",1058.5
"Becker, MN",843.2
"Beckham, OK",1380.3
"Bedford, PA",1173.7
"Bedford, TN",1514.0
"Bee, TX",1388.7
"Belknap, NH",1043.8
"Bell, KY",1598.6
"Bell, TX",1011.7
"Belmont, OH",1385.8
"Beltrami, MN",718.7
"Ben Hill, GA",1503.0
"Benewah, ID",1082.7
"Bennett, SD",1272.2
"Bennington, VT",1072.0
"Benson, ND",1074.5
"Bent, CO",1212.3
"Benton, AR",1168.8
"Benton, IA",1055.1
"Benton, IN",1125.1
"Benton, MN",855.4
"Benton, MO",974.3
"Benton, MS",1166.8
"Benton, OR",775.9
"Benton, TN",1514.4
"Benton, WA",880.5
"Benzie, MI",962.0
"Bergen, NJ",920.0
"Berkeley, SC",863.9
"Berkeley, WV",1096.1
"Berks, PA",1122.1
"Berkshire, MA",950.1
"Bernalillo, NM",1003.3
"Berrien, GA",1276.6
"Berrien, MI",1422.7
"Bertie, NC",902.7
"Bexar, TX",1077.8
"Bibb, AL",1362.3
"Bibb, GA",1432.2
"Bienville, LA",1073.0
"Big Horn, MT",1061.0
"Big Horn, WY",1086.0
"Big Stone, MN",1106.9
"Billings, ND",868.3
"Bingham, ID",1184.8
"Black Hawk, IA",1040.0
"Blackford, IN",1122.4
"Bladen, NC",1184.3
"Blaine, ID",555.1
"Blaine, MT",1238.0
"Blaine, NE",1110.6
"Blaine, OK",1356.2
"Blair, PA",1359.3
"Blanco, TX",950.6
"Bland, VA",1239.2
"Bleckley, GA",1271.7
"Bledsoe, TN",1004.2
"Blount, AL",1327.2
"Blount, TN",911.3
"Blue Earth, MN",853.7
"Boise, ID",752.8
"Bolivar, MS",1417.6
"Bollinger, MO",1332.9
"Bon Homme, SD",1019.9
"Bond, IL",1216.4
"Bonner, ID",890.7
"Bonneville, ID",1178.9
"Boone, AR",1658.2
"Boone, IA",1177.7
"Boone, IL",1063.2
"Boone, IN",1262.5
"Boone, KY",971.7
"Boone, MO",904.5
"Boone, NE",1108.8
"Boone, WV",1302.0
"Borden, TX",894.8
"Bosque, TX",1200.7
"Bossier, LA",1206.6
"Botetourt, VA",1054.7
"Bottineau, ND",1198.2
"Boundary, ID",869.2
"Bourbon, KS",1149.4
"Bourbon, KY",1235.2
"Bowie, TX",1485.8
"Bowman, ND",1092.3
"Box Butte, NE",1147.6
"Box Elder, UT",1243.5
"Boyd, KY",1383.8
"Boyd, NE",1306.1
"Boyle, KY",992.6
"Bracken, KY",1130.6
"Bradford, FL",1066.7
"Bradford, PA",1209.6
"Bradley, AR",1723.2
"Bradley, TN",1351.1
"Branch, MI",1221.5
"Brantley, GA",1124.6
"Braxton, WV",1063.4
"Brazoria, TX",1090.4
"Brazos, TX",1037.3
"Breathitt, KY",2033.1
"Breckinridge, KY",1009.3
"Bremer, IA",1041.2
"Brevard, FL",1008.2
"Brewster, TX",802.0
"Briscoe, TX",1120.0
"Bristol, MA",916.4
"Bristol, RI",1003.0
"Broadwater, MT",1006.8
"Bronx, NY",1175.0
"Brooke, WV",1393.2
"Brookings, SD",1032.5
"Brooks, GA",1102.4
"Brooks, TX",1080.2
"Broome, NY",1077.7
"Broward, FL",897.2
"Brown, IL",1111.6
"Brown, IN",1031.4
"Brown, KS",1335.2
"Brown, MN",757.4
"Brown, NE",1084.8
"Brown, OH",1251.4
"Brown, SD",920.3
"Brown, TX",1336.6
"Brown, WI",1161.0
"Brule, SD",1062.2
"Brunswick, NC",897.4
"Brunswick, VA",1102.8
"Bryan, GA",1169.6
"Bryan, OK",1157.1
"Buchanan, IA",1148.5
"Buchanan, MO",1271.4
"Buchanan, VA",1309.2
"Buckingham, VA",907.6
"Bucks, PA",961.6
"Buena Vista, IA",1102.5
"Buffalo, NE",1016.4
"Buffalo, SD",1109.8
"Buffalo, WI",1038.2
"Bullitt, KY",918.8
"Bulloch, GA",1055.7
"Bullock, AL",1223.2
"Buncombe, NC",928.4
"Bureau, IL",1196.0
"Burke, GA",1172.7
"Burke, NC",982.2
"Burke, ND",700.7
"Burleigh, ND",786.8
"Burleson, TX",1714.5
"Burlington, NJ",1123.3
"Burnet, TX",918.5
"Burnett, WI",907.6
"Burt, NE",991.5
"Butler, AL",1138.2
"Butler, IA",1215.1
"Butler, KS",1174.0
"Butler, KY",1014.7
"Butler, MO",1180.7
"Butler, NE",964.5
"Butler, OH",1053.5
"Butler, PA",1180.8
"Butte, CA",1002.9
"Butte, ID",1200.1
"Butte, SD",1010.9
"Butts, GA",1110.0
"Cabarrus, NC",999.7
"Cabell, WV",1026.0
"Cache, UT",973.5
"Caddo, LA",964.0
"Caddo, OK",1505.1
"Calaveras, CA",927.8
"Calcasieu, LA",1915.5
"Caldwell, KY",1527.8
"Caldwell, LA",2100.1
"Caldwell, MO",1085.8
"Caldwell, NC",1135.4
"Caldwell, TX",1027.9
"Caledonia, VT",1018.9
"Calhoun, AL",1743.1
"Calhoun, AR",1453.2
"Calhoun, FL",1111.9
"Calhoun, GA",1055.2
"Calhoun, IA",1131.9
"Calhoun, IL",1070.3
"Calhoun, MI",1249.0
"Calhoun, MS",1235.4
"Calhoun, SC",973.6
"Calhoun, TX",950.0
"Calhoun, WV",1106.4
"Callahan, TX",1298.2
"Callaway, MO",1065.2
"Calloway, KY",1257.2
"Calumet, WI",1051.1
"Calvert, MD",1119.8
"Camas, ID",678.4
"Cambria, PA",1189.1
"Camden, GA",1095.8
"Camden, MO",904.4
"Camden, NC",1157.7
"Camden, NJ",1180.2
"Cameron, LA",1600.3
"Cameron, PA",1186.5
"Cameron, TX",866.4
"Camp, TX",1246.4
"Campbell, KY",1038.4
"Campbell, SD",792.6
"Campbell, TN",1466.4
"Campbell, VA",1034.0
"Campbell, WY",1141.3
"Canadian, OK",1148.4
"Candler, GA",1327.8
"Cannon, TN",1174.6
"Canyon, ID",1127.0
"Cape Girardeau, MO",1163.6
"Cape May, NJ",1271.3
"Carbon, MT",825.8
"Carbon, PA",1168.2
"Carbon, UT",1222.7
"Carbon, WY",958.1
"Caribou, ID",1181.4
"Carlisle, KY",1132.2
"Carlton, MN",953.1
"Caroline, MD",1162.7
"Caroline, VA",1032.7
"Carroll, AR",1358.7
"Carroll, GA",1290.7
"Carroll, IA",1005.6
"Carroll, IL",1122.4
"Carroll, IN",985.4
"Carroll, KY",1378.8
"Carroll, MD",1109.7
"Carroll, MO",1248.6
"Carroll, MS",1295.0
"Carroll, NH",879.4
"Carroll, OH",1233.8
"Carroll, TN",1746.0
"Carroll, VA",799.3
"Carson, TX",1125.0
"Carter, KY",1303.2
"Carter, MO",1163.9
"Carter, MT",1115.0
"Carter, OK",1385.0
"Carter, TN",1226.0
"Carteret, NC",1067.3
"Carver, MN",677.6
"Cascade, MT",951.7
"Casey, KY",906.6
"Cass, IA",1241.3
"Cass, IL",1193.2
"Cass, IN",1009.7
"Cass, MI",1239.5
"Cass, MN",709.5
"Cass, MO",1081.0
"Cass, ND",785.9
"Cass, NE",934.3
"Cass, TX",1212.1
"Cassia, ID",1115.4
"Castro, TX",1198.3
"Caswell, NC",1033.3
"Catahoula, LA",1686.2
"Catawba, NC",961.0
"Catoosa, GA",1168.4
"Catron, NM",1013.2
"Cattaraugus, NY",1365.7
"Cavalier, ND",853.9
"Cayuga, NY",1116.6
"Cecil, MD",1260.5
"Cedar, IA",935.0
"Cedar, MO",1260.0
"Cedar, NE",1053.7
"Centre, PA",1041.2
"Cerro Gordo, IA",1228.1
"Chaffee, CO",622.3
"Chambers, AL",1111.6
"Chambers, TX",1283.7
"Champaign, IL",860.7
"Champaign, OH",1187.2
"Chariton, MO",1144.6
"Charles City, VA",1006.2
"Charles Mix, SD",986.0
"Charles, MD",1022.3
"Charleston, SC",834.8
"Charlevoix, MI",1058.8
"Charlotte, FL",675.5
"Charlotte, VA",1124.3
"Charlton, GA",943.3
"Chase, KS",1209.1
"Chase, NE",1035.0
"Chatham, GA",1029.8
"Chatham, NC",706.3
"Chattahoochee, GA",1132.1
"Chattooga, GA",1536.2
"Chautauqua, KS",1275.6
"Chautauqua, NY",1222.8
"Chaves, NM",1602.5
"Cheatham, TN",1340.6
"Cheboygan, MI",1177.8
"Chelan, WA",841.8
"Chemung, NY",1288.2
"Chenango, NY",1638.7
"Cherokee, AL",1217.7
"Cherokee, GA",978.9
"Cherokee, IA",1110.8
"Cherokee, KS",1537.4
"Cherokee, NC",1074.9
"Cherokee, OK",1487.9
"Cherokee, SC",1176.6
"Cherokee, TX",1358.1
"Cherry, NE",956.2
"Cheshire, NH",964.3
"Chester, PA",1028.1
"Chester, SC",1213.4
"Chester, TN",1315.9
"Chesterfield, SC",1321.2
"Chesterfield, VA",973.1
"Cheyenne, CO",785.2
"Cheyenne, KS",1046.4
"Cheyenne, NE",942.2
"Chickasaw, IA",1254.0
"Chickasaw, MS",1267.3
"Chicot, AR",1366.9
"Childress, TX",1263.7
"Chilton, AL",1528.6
"Chippewa, MI",1130.1
"Chippewa, MN",910.9
"Chippewa, WI",1099.1
"Chisago, MN",970.0
"Chittenden, VT",798.2
"Choctaw, AL",1525.6
"Choctaw, MS",1115.4
"Choctaw, OK",1489.3
"Chouteau, MT",956.0
"Chowan, NC",1008.1
"Christian, IL",1162.9
"Christian, KY",1233.4
"Christian, MO",1037.7
"Churchill, NV",1384.2
"Cibola, NM",977.5
"Cimarron, OK",1112.5
"Citrus, FL",1201.9
"Clackamas, OR",807.3
"Claiborne, LA",1183.4
"Claiborne, MS",1728.7
"Claiborne, TN",1460.6
"Clallam, WA",837.7
"Clare, MI",1387.4
"Clarendon, SC",1021.4
"Clarion, PA",1170.3
"Clark, AR",1327.6
"Clark, ID",1060.6
"Clark, IL",1319.8
"Clark, IN",1127.8
"Clark, KS",1185.0
"Clark, KY",1291.1
"Clark, MO",1233.3
"Clark, NV",1236.0
"Clark, OH",1208.7
"Clark, SD",858.2
"Clark, WA",966.8
"Clark, WI",1069.6
"Clarke, AL",1255.4
"Clarke, GA",1077.8
"Clarke, IA",1241.0
"Clarke, MS",1573.7
"Clarke, VA",1053.7
"Clatsop, OR",910.8
"Clay, AL",1554.7
"Clay, AR",1291.9
"Clay, FL",920.4
"Clay, GA",1308.1
"Clay, IA",1040.4
"Clay, IL",1268.6
"Clay, IN",1475.5
"Clay, KS",1023.0
"Clay, KY",1508.3
"Clay, MN",880.3
"Clay, MO",975.4
"Clay, MS",1188.0
"Clay, NC",1029.8
"Clay, NE",1068.0
"Clay, SD",1080.4
"Clay, TN",1521.2
"Clay, TX",1085.5
"Clay, WV",1113.0
"Clayton, GA",1109.9
"Clayton, IA",961.1
"Clear Creek, CO",725.9
"Clearfield, PA",1167.4
"Clearwater, ID",891.8
"Clearwater, MN",935.8
"Cleburne, AL",1565.2
"Cleburne, AR",958.1
"Clermont, OH",1037.5
"Cleveland, AR",1314.8
"Cleveland, NC",1126.3
"Cleveland, OK",1130.3
"Clinch, GA",1583.2
"Clinton, IA",1171.4
"Clinton, IL",1268.9
"Clinton, IN",1086.5
"Clinton, KY",1263.6
"Clinton, MI",1015.5
"Clinton, MO",1197.7
"Clinton, NY",945.5
"Clinton, OH",1185.2
"Clinton, PA",1364.1
"Cloud, KS",1291.5
"Coahoma, MS",1179.3
"Coal, OK",1829.8
"Cobb, GA",918.5
"Cochise, AZ",1006.0
"Cochran, TX",1267.9
"Cocke, TN",1719.2
"Coconino, AZ",783.3
"Codington, SD",895.8
"Coffee, AL",1525.1
"Coffee, GA",1219.1
"Coffee, TN",1561.1
"Coffey, KS",1210.1
"Coke, TX",1114.2
"Colbert, AL",1502.0
"Cole, MO",955.9
"Coleman, TX",1292.6
"Coles, IL",1100.8
"Colfax, NE",912.4
"Colfax, NM",793.3
"Colleton, SC",1300.4
"Collier, FL",542.8
"Collin, TX",820.0
"Collingsworth, TX",1426.7
"Colorado, TX",1177.9
"Colquitt, GA",944.8
"Columbia, AR",1269.7
"Columbia, FL",950.0
"Columbia, GA",779.8
"Columbia, NY",1138.4
"Columbia, OR",959.6
"Columbia, PA",1237.7
"Columbia, WA",893.7
"Columbia, WI",1067.3
"Columbiana, OH",1281.7
"Columbus, NC",1498.5
"Colusa, CA",961.8
"Comal, TX",1074.2
"Comanche, KS",1178.8
"Comanche, OK",1222.5
"Comanche, TX",1333.7
"Concho, TX",1128.2
"Concordia, LA",1570.3
"Conecuh, AL",1234.2
"Conejos, CO",983.5
"Contra Costa, CA",709.3
"Converse, WY",957.0
"Conway, AR",1255.6
"Cook, GA",1288.7
"Cook, IL",1022.8
"Cook, MN",542.5
"Cooke, TX",991.7
"Cooper, MO",1247.6
"Coos, NH",
"Coos, OR",1193.3
"Coosa, AL",1314.1
"Copiah, MS",1386.7
"Corson, SD",1269.3
"Cortland, NY",971.1
"Coryell, TX",1064.0
"Coshocton, OH",1204.5
"Costilla, CO",825.2
"Cottle, TX",1127.1
"Cotton, OK",1139.1
"Cottonwood, MN",908.3
"Covington, AL",1576.6
"Covington, MS",1544.2
"Coweta, GA",1158.7
"Cowley, KS",1151.7
"Cowlitz, WA",1080.4
"Craig, OK",1767.4
"Craig, VA",903.6
"Craighead, AR",1322.1
"Crane, TX",1137.0
"Craven, NC",1020.9
"Crawford, AR",1259.6
"Crawford, GA",1361.2
"Crawford, IA",980.9
"Crawford, IL",1190.2
"Crawford, IN",1104.1
"Crawford, KS",1237.8
"Crawford, MI",1210.4
"Crawford, MO",1829.1
"Crawford, OH",1268.9
"Crawford, PA",1166.2
"Crawford, WI",989.9
"Creek, OK",1485.7
"Crenshaw, AL",1551.6
"Crisp, GA",1154.2
"Crittenden, AR",1220.2
"Crittenden, KY",1786.6
"Crockett, TN",1910.2
"Crockett, TX",1828.1
"Crook, OR",968.8
"Crook, WY",1041.1
"Crosby, TX",1284.2
"Cross, AR",1332.4
"Crow Wing, MN",739.2
"Crowley, CO",867.0
"Culberson, TX",969.5
"Cullman, AL",1710.6
"Culpeper, VA",912.1
"Cumberland, IL",1107.6
"Cumberland, KY",1530.4
"Cumberland, ME",868.0
"Cumberland, NC",1064.4
"Cumberland, NJ",1316.1
"Cumberland, PA",1177.6
"Cumberland, TN",915.5
"Cumberland, VA",959.0
"Cuming, NE",1027.2
"Currituck, NC",1197.1
"Curry, NM",1255.3
"Curry, OR",1150.9
"Custer, CO",758.6
"Custer, ID",757.9
"Custer, MT",1168.3
"Custer, NE",1068.4
"Custer, OK",1449.2
"Custer, SD",926.7
"Cuyahoga, OH",1238.4
"Dade, GA",1390.9
"Dade, MO",1226.9
"Daggett, UT",906.2
"Dakota, MN",662.2
"Dakota, NE",905.2
"Dale, AL",1200.4
"Dallam, TX",974.9
"Dallas, AL",1656.2
"Dallas, AR",1320.5
"Dallas, IA",867.3
"Dallas, MO",1106.1
"Dallas, TX",995.9
"Dane, WI",823.5
"Daniels, MT",1170.8
"Dare, NC",958.9
"Darke, OH",1360.4
"Darlington, SC",1353.1
"Dauphin, PA",1086.1
"Davidson, NC",1032.9
"Davidson, TN",1101.2
"Davie, NC",939.2
"Daviess, IN",1145.6
"Daviess, KY",1175.4
"Daviess, MO",1256.3
"Davis, IA",1166.2
"Davis, UT",1096.6
"Davison, SD",930.0
"Dawes, NE",1013.0
"Dawson, GA",975.0
"Dawson, MT",617.1
"Dawson, NE",1088.2
"Dawson, TX",1209.5
"Day, SD",912.2
"De Baca, NM",1128.6
"De Soto, LA",1079.2
"De Witt, IL",1106.8
"DeKalb, AL",1466.4
"DeKalb, GA",769.5
"DeKalb, IL",1012.8
"DeKalb, IN",1109.3
"DeKalb, MO",1228.4
"DeKalb, TN",1205.8
"DeSoto, FL",633.9
"DeSoto, MS",1242.5
"DeWitt, TX",1182.2
"Deaf Smith, TX",1206.9
"Dearborn, IN",1072.5
"Decatur, GA",1534.8
"Decatur, IA",1245.8
"Decatur, IN",1251.2
"Decatur, KS",1059.3
"Decatur, TN",1428.2
"Deer Lodge, MT",1243.6
"Defiance, OH",1098.8
"Del Norte, CA",961.4
"Delaware, IA",1028.6
"Delaware, IN",1138.5
"Delaware, NY",1220.9
"Delaware, OH",998.8
"Delaware, OK",1318.1
"Delaware, PA",1082.6
"Delta, CO",1061.6
"Delta, MI",1077.8
"Delta, TX",1433.5
"Dent, MO",973.0
"Denton, TX",832.6
"Denver, CO",848.2
"Des Moines, IA",1097.8
"Deschutes, OR",892.2
"Desha, AR",1891.7
"Deuel, NE",717.5
"Deuel, SD",958.9
"Dewey, OK",1422.3
"Dewey, SD",1092.6
"Dickens, TX",1201.8
"Dickenson, VA",1302.5
"Dickey, ND",1026.2
"Dickinson, IA",1039.3
"Dickinson, KS",1043.4
"Dickinson, MI",1046.0
"Dickson, TN",1627.4
"Dillon, SC",1184.9
"Dimmit, TX",949.8
"Dinwiddie, VA",944.1
"Divide, ND",592.3
"Dixie, FL",1010.8
"Dixon, NE",1115.2
"Doddridge, WV",1042.9
"Dodge, GA",1131.5
"Dodge, MN",1065.7
"Dodge, NE",880.7
"Dodge, WI",1148.3
"Dolores, CO",728.0
"Dona Ana, NM",
"Doniphan, KS",1252.8
"Donley, TX",1307.9
"Dooly, GA",1018.3
"Door, WI",1176.5
"Dorchester, MD",1164.1
"Dorchester, SC",922.2
"Dougherty, GA",904.5
"Douglas, CO",617.5
"Douglas, GA",1193.3
"Douglas, IL",1039.7
"Douglas, KS",878.3
"Douglas, MN",886.0
"Douglas, MO",1296.0
"Douglas, NE",867.2
"Douglas, NV",904.9
"Douglas, OR",861.0
"Douglas, SD",941.1
"Douglas, WA",867.8
"Douglas, WI",900.5
"Drew, AR",1032.5
"DuPage, IL",864.3
"Dubois, IN",1157.8
"Dubuque, IA",1018.1
"Duchesne, UT",1019.5
"Dukes, MA",837.6
"Dundy, NE",1140.9
"Dunklin, MO",1598.5
"Dunn, ND",945.2
"Dunn, WI",999.2
"Duplin, NC",1006.8
"Durham, NC",798.3
"Dutchess, NY",1143.0
"Duval, FL",999.9
"Duval, TX",967.8
"Dyer, TN",1883.2
"Eagle, CO",470.2
"Early, GA",1407.8
"East Baton Rouge, LA",1151.5
"East Carroll, LA",1451.7
"East Feliciana, LA",1872.8
"Eastland, TX",1339.5
"Eaton, MI",1153.0
"Eau Claire, WI",1056.7
"Echols, GA",908.1
"Ector, TX",1292.6
"Eddy, ND",1070.1
"Eddy, NM",1318.3
"Edgar, IL",1253.0
"Edgecombe, NC",1103.6
"Edgefield, SC",878.6
"Edmonson, KY",1117.7
"Edmunds, SD",905.2
"Edwards, IL",1269.4
"Edwards, KS",1135.6
"Edwards, TX",977.9
"Effingham, GA",1322.6
"Effingham, IL",1120.8
"El Dorado, CA",856.9
"El Paso, CO",870.4
"El Paso, TX",909.9
"Elbert, CO",812.9
"Elbert, GA",1105.9
"Elk, KS",1312.7
"Elk, PA",1163.9
"Elkhart, IN",1077.4
"Elko, NV",1104.1
"Elliott, KY",1067.8
"Ellis, KS",993.0
"Ellis, OK",1293.8
"Ellis, TX",1077.9
"Ellsworth, KS",964.1
"Elmore, AL",1618.8
"Elmore, ID",1117.9
"Emanuel, GA",1700.0
"Emery, UT",1550.8
"Emmet, IA",1247.6
"Emmet, MI",1070.5
"Emmons, ND",757.8
"Erath, TX",1216.4
"Erie, NY",1094.5
"Erie, OH",1183.4
"Erie, PA",998.8
"Escambia, AL",1338.6
"Escambia, FL",1045.5
"Esmeralda, NV",854.1
"Essex, MA",900.9
"Essex, NJ",985.9
"Essex, NY",935.4
"Essex, VA",1141.5
"Essex, VT",923.0
"Estill, KY",1344.8
"Etowah, AL",1546.3
"Eureka, NV",1188.4
"Evangeline, LA",1334.2
"Evans, GA",1081.7
"Fairfield, CT",891.9
"Fairfield, OH",1165.3
"Fairfield, SC",1037.7
"Fall River, SD",1247.8
"Fallon, MT",1047.9
"Falls, TX",1112.1
"Fannin, GA",1055.0
"Fannin, TX",1576.8
"Faribault, MN",1111.8
"Faulk, SD",941.0
"Faulkner, AR",1167.3
"Fauquier, VA",810.0
"Fayette, AL",1409.3
"Fayette, GA",850.8
"Fayette, IA",1242.1
"Fayette, IL",1036.1
"Fayette, IN",1419.9
"Fayette, KY",865.9
"Fayette, OH",1498.3
"Fayette, PA",1486.6
"Fayette, TN",1075.4
"Fayette, TX",1071.3
"Fayette, WV",1217.4
"Fentress, TN",1214.1
"Fergus, MT",1198.5
"Ferry, WA",836.6
"Fillmore, MN",1006.6
"Fillmore, NE",1087.2
"Finney, KS",776.3
"Fisher, TX",1129.5
"Flagler, FL",898.3
"Flathead, MT",974.6
"Fleming, KY",1372.1
"Florence, SC",1159.1
"Florence, WI",1160.5
"Floyd, GA",1496.8
"Floyd, IA",1169.7
"Floyd, IN",1021.7
"Floyd, KY",1458.7
"Floyd, TX",1279.2
"Floyd, VA",940.0
"Fluvanna, VA",875.8
"Foard, TX",1052.3
"Fond du Lac, WI",1039.5
"Ford, IL",1220.8
"Ford, KS",1124.4
"Forest, PA",1173.8
"Forest, WI",1239.5
"Forrest, MS",1199.8
"Forsyth, GA",840.6
"Forsyth, NC",919.4
"Fort Bend, TX",858.3
"Foster, ND",1077.6
"Fountain, IN",1182.4
"Franklin, AL",1504.0
"Franklin, AR",1346.6
"Franklin, FL",1101.7
"Franklin, GA",1355.9
"Franklin, IA",1197.2
"Franklin, ID",1060.0
"Franklin, IL",1048.0
"Franklin, IN",1038.8
"Franklin, KS",1128.6
"Franklin, KY",1138.0
"Franklin, LA",2749.7
"Franklin, MA",956.6
"Franklin, ME",885.2
"Franklin, MO",1236.7
"Franklin, MS",1354.5
"Franklin, NC",997.8
"Franklin, NE",1048.3
"Franklin, NY",1067.7
"Franklin, OH",1062.0
"Franklin, PA",1042.8
"Franklin, TN",1396.0
"Franklin, TX",1227.6
"Franklin, VA",
"Franklin, VT",1207.6
"Franklin, WA",893.1
"Frederick, MD",1005.1
"Frederick, VA",1046.7
"Freeborn, MN",910.0
"Freestone, TX",1120.5
"Fremont, CO",941.6
"Fremont, IA",911.8
"Fremont, ID",1041.5
"Fremont, WY",971.9
"Fresno, CA",1112.2
"Frio, TX",1149.4
"Frontier, NE",834.9
"Fulton, AR",1144.7
"Fulton, GA",855.0
"Fulton, IL",1096.0
"Fulton, IN",1222.9
"Fulton, KY",1628.7
"Fulton, NY",1136.8
"Fulton, OH",1310.0
"Fulton, PA",1188.9
"Furnas, NE",1003.1
"Gadsden, FL",877.9
"Gage, NE",974.9
"Gaines, TX",1305.9
"Gallatin, IL",1225.4
"Gallatin, KY",1187.9
"Gallatin, MT",995.0
"Gallia, OH",1264.6
"Galveston, TX",1050.8
"Garden, NE",1054.5
"Garfield, CO",881.2
"Garfield, MT",1126.0
"Garfield, NE",1286.9
"Garfield, OK",1265.0
"Garfield, UT",1038.3
"Garfield, WA",1025.9
"Garland, AR",1316.5
"Garrard, KY",1030.1
"Garrett, MD",1388.0
"Garvin, OK",1403.0
"Garza, TX",1254.9
"Gasconade, MO",1161.3
"Gaston, NC",1073.7
"Gates, NC",977.4
"Geary, KS",1356.7
"Geauga, OH",930.5
"Gem, ID",1277.1
"Genesee, MI",1330.5
"Genesee, NY",1124.9
"Geneva, AL",1297.3
"Gentry, MO",1077.9
"George, MS",1936.2
"Georgetown, SC",933.4
"Gibson, IN",1141.6
"Gibson, TN",1498.3
"Gila, AZ",1009.4
"Gilchrist, FL",928.9
"Giles, TN",1348.1
"Giles, VA",1165.7
"Gillespie, TX",881.2
"Gilliam, OR",777.2
"Gilmer, GA",1091.5
"Gilmer, WV",1107.6
"Gilpin, CO",808.2
"Glacier, MT",1038.3
"Glades, FL",702.3
"Gladwin, MI",1323.1
"Glascock, GA",1208.7
"Glasscock, TX",1052.6
"Glenn, CA",1004.2
"Gloucester, NJ",1309.0
"Gloucester, VA",1016.8
"Glynn, GA",976.2
"Gogebic, MI",1231.9
"Golden Valley, MT",1067.7
"Golden Valley, ND",921.8
"Goliad, TX",1075.7
"Gonzales, TX",1057.3
"Goochland, VA",917.6
"Goodhue, MN",1000.7
"Gooding, ID",1069.1
"Gordon, GA",1332.5
"Goshen, WY",938.9
"Gosper, NE",1044.1
"Gove, KS",1039.6
"Grady, GA",1056.9
"Grady, OK",1307.8
"Grafton, NH",923.0
"Graham, AZ",881.3
"Graham, KS",1138.8
"Graham, NC",978.6
"Grainger, TN",1153.1
"Grand Forks, ND",1015.4
"Grand Isle, VT",804.0
"Grand Traverse, MI",1046.3
"Grand, CO",559.9
"Grand, UT",935.9
"Granite, MT",1024.0
"Grant, AR",1212.2
"Grant, IN",1164.4
"Grant, KS",1161.7
"Grant, KY",1198.3
"Grant, LA",1335.8
"Grant, MN",909.6
"Grant, ND",962.1
"Grant, NE",1065.0
"Grant, NM",993.2
"Grant, OK",1265.2
"Grant, OR",925.9
"Grant, SD",994.4
"Grant, WA",1005.6
"Grant, WI",1000.4
"Grant, WV",1079.4
"Granville, NC",896.0
"Gratiot, MI",1376.3
"Graves, KY",1100.0
"Gray, KS",864.2
"Gray, TX",1573.7
"Grays Harbor, WA",978.0
"Grayson, KY",1076.7
"Grayson, TX",1186.7
"Grayson, VA",785.4
"Greeley, KS",1132.7
"Greeley, NE",972.4
"Green Lake, WI",1344.1
"Green, KY",1345.5
"Green, WI",968.6
"Greenbrier, WV",1176.9
"Greene, AL",1316.5
"Greene, AR",1226.0
"Greene, GA",1030.3
"Greene, IA",1101.6
"Greene, IL",1231.9
"Greene, IN",1206.9
"Greene, MO",1164.5
"Greene, MS",1608.5
"Greene, NC",1131.6
"Greene, NY",1185.8
"Greene, OH",1063.5
"Greene, PA",1441.4
"Greene, TN",1354.8
"Greene, VA",1024.0
"Greenlee, AZ",982.7
"Greensville, VA",1707.2
"Greenup, KY",1202.1
"Greenville, SC",959.5
"Greenwood, KS",1229.1
"Greenwood, SC",950.7
"Greer, OK",1326.9
"Gregg, TX",1240.4
"Gregory, SD",1083.2
"Grenada, MS",1380.6
"Griggs, ND",1051.4
"Grimes, TX",1263.9
"Grundy, IA",1228.9
"Grundy, IL",1082.4
"Grundy, MO",1043.1
"Grundy, TN",1412.8
"Guadalupe, NM",1074.2
"Guadalupe, TX",1072.2
"Guernsey, OH",1461.2
"Guilford, NC",838.4
"Gulf, FL",1105.7
"Gunnison, CO",738.1
"Guthrie, IA",1031.8
"Gwinnett, GA",818.3
"Haakon, SD",955.9
"Habersham, GA",975.0
"Hale, AL",1417.4
"Hale, TX",1279.2
"Halifax, NC",1050.7
"Halifax, VA",1037.1
"Hall, GA",880.3
"Hall, NE",982.5
"Hall, TX",1252.2
"Hamblen, TN",1256.8
"Hamilton, FL",1214.7
"Hamilton, IA",1059.7
"Hamilton, IL",1213.2
"Hamilton, IN",913.5
"Hamilton, KS",1303.4
"Hamilton, NE",1001.5
"Hamilton, NY",1072.5
"Hamilton, OH",1086.0
"Hamilton, TN",1113.1
"Hamilton, TX",1115.1
"Hamlin, SD",933.2
"Hampden, MA",976.4
"Hampshire, MA",961.7
"Hampshire, WV",1030.6
"Hampton, SC",1080.5
"Hancock, GA",989.0
"Hancock, IA",1136.9
"Hancock, IL",1008.7
"Hancock, IN",989.6
"Hancock, KY",1235.5
"Hancock, ME",842.0
"Hancock, MS",1226.6
"Hancock, OH",1148.9
"Hancock, TN",1231.7
"Hancock, WV",1426.7
"Hand, SD",941.0
"Hanover, VA",942.2
"Hansford, TX",1486.5
"Hanson, SD",1003.0
"Haralson, GA",1471.4
"Hardee, FL",861.1
"Hardeman, TN",1446.6
"Hardeman, TX",1151.0
"Hardin, IA",1201.6
"Hardin, IL",1305.5
"Hardin, KY",952.5
"Hardin, OH",1295.0
"Hardin, TN",1692.4
"Hardin, TX",1397.1
"Harding, NM",747.1
"Harding, SD",1109.2
"Hardy, WV",993.6
"Harford, MD",1082.0
"Harlan, KY",1577.4
"Harlan, NE",998.7
"Harmon, OK",1290.7
"Harnett, NC",1032.8
"Harney, OR",992.3
"Harper, KS",1015.4
"Harper, OK",1285.7
"Harris, GA",1021.7
"Harris, TX",983.8
"Harrison, IA",931.6
"Harrison, IN",998.1
"Harrison, KY",1299.2
"Harrison, MO",1210.5
"Harrison, MS",1538.8
"Harrison, OH",1430.6
"Harrison, TX",1046.0
"Harrison, WV",1237.6
"Hart, GA",1031.5
"Hart, KY",1221.3
"Hartford, CT",954.1
"Hartley, TX",1141.7
"Harvey, KS",1045.2
"Haskell, KS",967.2
"Haskell, OK",1823.9
"Haskell, TX",1223.4
"Hawaii, HI",834.0
"Hawkins, TN",1303.0
"Hayes, NE",784.2
"Hays, TX",861.5
"Haywood, NC",922.4
"Haywood, TN",1302.5
"Heard, GA",1119.2
"Hemphill, TX",1377.1
"Hempstead, AR",1365.1
"Henderson, IL",1159.5
"Henderson, KY",1113.5
"Henderson, NC",899.5
"Henderson, TN",1449.9
"Henderson, TX",1499.1
"Hendricks, IN",1097.6
"Hendry, FL",1040.6
"Hennepin, MN",655.3
"Henrico, VA",951.6
"Henry, AL",1211.0
"Henry, GA",1112.7
"Henry, IA",1129.2
"Henry, IL",1196.1
"Henry, IN",1126.3
"Henry, KY",1094.6
"Henry, MO",1584.0
"Henry, OH",1277.4
"Henry, TN",1527.1
"Henry, VA",976.7
"Herkimer, NY",1171.0
"Hernando, FL",1050.2
"Hertford, NC",923.4
"Hettinger, ND",894.3
"Hickman, KY",1265.8
"Hickman, TN",1164.8
"Hickory, MO",928.2
"Hidalgo, NM",1157.1
"Hidalgo, TX",866.1
"Highland, OH",1226.2
"Highland, VA",938.3
"Highlands, FL",777.2
"Hill, MT",1344.4
"Hill, TX",1141.5
"Hillsborough, FL",1004.2
"Hillsborough, NH",975.5
"Hillsdale, MI",1306.2
"Hinds, MS",1182.9
"Hinsdale, CO",825.8
"Hitchcock, NE",938.2
"Hocking, OH",1267.0
"Hockley, TX",1236.5
"Hodgeman, KS",1081.4
"Hoke, NC",1143.6
"Holmes, FL",1481.7
"Holmes, MS",1250.6
"Holmes, OH",1187.8
"Holt, MO",995.2
"Holt, NE",1111.4
"Honolulu, HI",718.0
"Hood River, OR",931.4
"Hood, TX",983.2
"Hooker, NE",915.7
"Hopkins, KY",1452.9
"Hopkins, TX",1429.3
"Horry, SC",984.6
"Hot Spring, AR",1281.7
"Hot Springs, WY",979.5
"Houghton, MI",1198.4
"Houston, AL",1189.0
"Houston, GA",1278.4
"Houston, MN",983.4
"Houston, TN",1513.5
"Houston, TX",1161.4
"Howard, AR",1912.8
"Howard, IA",2008.0
"Howard, IN",1321.2
"Howard, MD",780.9
"Howard, MO",1222.9
"Howard, NE",961.7
"Howard, TX",1773.8
"Howell, MO",1158.8
"Hubbard, MN",727.4
"Hudson, NJ",917.5
"Hudspeth, TX",900.9
"Huerfano, CO",814.4
"Hughes, OK",1734.7
"Hughes, SD",795.2
"Humboldt, CA",976.5
"Humboldt, IA",1348.5
"Humboldt, NV",1184.1
"Humphreys, MS",1627.7
"Humphreys, TN",1606.5
"Hunt, TX",1355.6
"Hunterdon, NJ",875.3
"Huntingdon, PA",1070.2
"Huntington, IN",1136.3
"Huron, MI",1421.7
"Huron, OH",1219.6
"Hutchinson, SD",1000.5
"Hutchinson, TX",1814.5
"Hyde, NC",1026.0
"Hyde, SD",869.0
"Iberia, LA",1481.2
"Iberville, LA",975.9
"Ida, IA",1076.2
"Idaho, ID",866.7
"Imperial, CA",804.7
"Independence, AR",1531.9
"Indian River, FL",839.6
"Indiana, PA",1119.9
"Ingham, MI",983.8
"Inyo, CA",1087.5
"Ionia, MI",1132.2
"Iosco, MI",1493.8
"Iowa, IA",1072.6
"Iowa, WI",896.2
"Iredell, NC",963.6
"Irion, TX",1035.3
"Iron, MI",1202.8
"Iron, MO",1691.4
"Iron, UT",812.4
"Iron, WI",1206.8
"Iroquois, IL",1257.3
"Irwin, GA",1336.9
"Isabella, MI",1172.9
"Isanti, MN",853.7
"Island, WA",846.2
"Isle of Wight, VA",1011.2
"Issaquena, MS",1173.9
"Itasca, MN",844.1
"Itawamba, MS",1483.3
"Izard, AR",1256.3
"Jack, TX",1314.0
"Jackson, AL",1472.8
"Jackson, AR",1401.3
"Jackson, CO",730.5
"Jackson, FL",1106.8
"Jackson, GA",1127.3
"Jackson, IA",1064.9
"Jackson, IL",970.3
"Jackson, IN",1078.5
"Jackson, KS",1260.9
"Jackson, KY",1704.6
"Jackson, LA",1207.4
"Jackson, MI",1395.9
"Jackson, MN",1007.7
"Jackson, MO",1020.6
"Jackson, MS",1193.9
"Jackson, NC",913.0
"Jackson, OH",1500.7
"Jackson, OK",1310.2
"Jackson, OR",822.5
"Jackson, SD",1084.1
"Jackson, TN",1317.2
"Jackson, TX",1234.2
"Jackson, WI",974.7
"Jackson, WV",1165.2
"James City, VA",737.9
"Jasper, GA",1106.7
"Jasper, IA",949.5
"Jasper, IL",1181.9
"Jasper, IN",1245.3
"Jasper, MO",1261.1
"Jasper, MS",1291.2
"Jasper, SC",820.0
"Jasper, TX",1517.3
"Jay, IN",1090.3
"Jeff Davis, GA",1422.1
"Jeff Davis, TX",796.5
"Jefferson Davis, LA",1514.2
"Jefferson Davis, MS",1233.2
"Jefferson, AL",1151.3
"Jefferson, AR",1344.7
"Jefferson, FL",937.0
"Jefferson, GA",1412.2
"Jefferson, IA",1216.9
"Jefferson, ID",1173.0
"Jefferson, IL",1348.9
"Jefferson, IN",1296.9
"Jefferson, KS",996.8
"Jefferson, KY",997.2
"Jefferson, LA",1077.4
"Jefferson, MO",1294.0
"Jefferson, MS",1364.3
"Jefferson, MT",1005.1
"Jefferson, NE",1120.3
"Jefferson, NY",1240.2
"Jefferson, OH",1511.7
"Jefferson, OK",1525.9
"Jefferson, OR",949.6
"Jefferson, PA",1128.8
"Jefferson, TN",1165.9
"Jefferson, TX",1387.5
"Jefferson, WA",838.3
"Jefferson, WI",1100.0
"Jefferson, WV",1051.2
"Jenkins, GA",1142.9
"Jennings, IN",1138.4
"Jerauld, SD",1040.7
"Jerome, ID",1072.2
"Jersey, IL",1351.4
"Jessamine, KY",886.1
"Jewell, KS",954.5
"Jim Hogg, TX",967.6
"Jim Wells, TX",1517.8
"Jo Daviess, IL",975.8
"Johnson, AR",1345.1
"Johnson, GA",1196.5
"Johnson, IA",890.6
"Johnson, IL",959.3
"Johnson, IN",1122.4
"Johnson, KS",875.2
"Johnson, KY",1162.4
"Johnson, MO",1347.9
"Johnson, NE",930.6
"Johnson, TN",1230.4
"Johnson, TX",1183.8
"Johnson, WY",1047.2
"Johnston, NC",1054.7
"Johnston, OK",1335.8
"Jones, GA",991.8
"Jones, IA",1000.8
"Jones, MS",1369.8
"Jones, NC",1087.3
"Jones, SD",923.2
"Jones, TX",1265.9
"Josephine, OR",873.2
"Juab, UT",1068.5
"Judith Basin, MT",925.0
"Juneau, WI",983.1
"Juniata, PA",1153.5
"Kalamazoo, MI",1058.3
"Kalkaska, MI",1404.4
"Kanabec, MN",921.0
"Kanawha, WV",1101.7
"Kandiyohi, MN",757.0
"Kane, IL",873.6
"Kane, UT",1057.4
"Kankakee, IL",1273.9
"Karnes, TX",1512.0
"Kauai, HI",748.3
"Kaufman, TX",1419.2
"Kay, OK",1337.3
"Kearney, NE",1001.3
"Kearny, KS",910.6
"Keith, NE",633.4
"Kemper, MS",1111.5
"Kendall, IL",843.9
"Kendall, TX",1011.2
"Kenedy, TX",904.6
"Kennebec, ME",938.6
"Kenosha, WI",1118.2
"Kent, DE",1079.0
"Kent, MD",1149.7
"Kent, MI",1106.6
"Kent, RI",1161.1
"Kent, TX",981.2
"Kenton, KY",1025.5
"Keokuk, IA",1110.1
"Kern, CA",1204.8
"Kerr, TX",926.4
"Kershaw, SC",939.9
"Kewaunee, WI",968.7
"Keweenaw, MI",1111.0
"Keya Paha, NE",975.3
"Kidder, ND",833.3
"Kimball, NE",910.4
"Kimble, TX",1135.3
"King George, VA",1075.5
"King William, VA",1122.2
"King and Queen, VA",1151.4
"King, TX",1061.8
"King, WA",780.5
"Kingfisher, OK",1223.3
"Kingman, KS",1405.0
"Kings, CA",1064.3
"Kings, NY",1271.4
"Kingsbury, SD",1020.6
"Kinney, TX",947.6
"Kiowa, CO",1126.3
"Kiowa, KS",1176.7
"Kiowa, OK",1623.3
"Kit Carson, CO",782.2
"Kitsap, WA",942.8
"Kittitas, WA",838.2
"Kittson, MN",929.1
"Klamath, OR",936.3
"Kleberg, TX",1400.7
"Klickitat, WA",670.7
"Knott, KY",1317.2
"Knox, IL",1169.8
"Knox, IN",1125.7
"Knox, KY",1367.5
"Knox, ME",1048.5
"Knox, MO",1214.2
"Knox, NE",1031.2
"Knox, OH",1172.4
"Knox, TN",1042.1
"Knox, TX",1098.1
"Koochiching, MN",829.3
"Kootenai, ID",1005.4
"Kosciusko, IN",1120.9
"Kossuth, IA",1278.2
"La Crosse, WI",904.1
"La Paz, AZ",994.2
"La Plata, CO",892.2
"La Salle, LA",1152.2
"La Salle, TX",992.9
"LaGrange, IN",1134.5
"LaMoure, ND",758.7
"LaPorte, IN",1350.7
"LaSalle, IL",1200.9
"Labette, KS",1354.9
"Lac qui Parle, MN",935.9
"Lackawanna, PA",1401.8
"Laclede, MO",1332.0
"Lafayette, AR",1231.8
"Lafayette, FL",1111.6
"Lafayette, LA",1253.0
"Lafayette, MO",1129.6
"Lafayette, MS",1457.7
"Lafayette, WI",924.8
"Lafourche, LA",1229.0
"Lake of the Woods, MN",1039.6
"Lake, CA",942.9
"Lake, CO",465.7
"Lake, FL",931.3
"Lake, IL",857.8
"Lake, IN",1194.1
"Lake, MI",1096.0
"Lake, MN",695.4
"Lake, MT",939.7
"Lake, OH",1160.3
"Lake, OR",951.5
"Lake, SD",1116.4
"Lake, TN",1736.2
"Lamar, AL",1255.0
"Lamar, GA",1145.1
"Lamar, MS",1187.3
"Lamar, TX",1329.3
"Lamb, TX",1271.3
"Lamoille, VT",912.3
"Lampasas, TX",1004.8
"Lancaster, NE",913.1
"Lancaster, PA",978.9
"Lancaster, SC",945.8
"Lancaster, VA",1148.7
"Lander, NV",1246.3
"Lane, KS",847.8
"Lane, OR",889.3
"Langlade, WI",1116.9
"Lanier, GA",1074.3
"Lapeer, MI",1357.2
"Laramie, WY",907.1
"Larimer, CO",772.9
"Larue, KY",1090.4
"Las Animas, CO",843.2
"Lassen, CA",1113.6
"Latah, ID",715.8
"Latimer, OK",1478.2
"Lauderdale, AL",1134.5
"Lauderdale, MS",1386.3
"Lauderdale, TN",1767.5
"Laurel, KY",1302.8
"Laurens, GA",1237.3
"Laurens, SC",1020.6
"Lavaca, TX",1135.2
"Lawrence, AL",1395.8
"Lawrence, AR",1359.6
"Lawrence, IL",1061.7
"Lawrence, IN",1013.3
"Lawrence, KY",1317.5
"Lawrence, MO",1294.3
"Lawrence, MS",1807.8
"Lawrence, OH",1281.3
"Lawrence, PA",1293.6
"Lawrence, SD",773.1
"Lawrence, TN",1313.2
"Le Flore, OK",1569.5
"Le Sueur, MN",870.5
"Lea, NM",1379.3
"Leake, MS",1176.1
"Leavenworth, KS",1073.4
"Lebanon, PA",1162.8
"Lee, AL",1040.7
"Lee, AR",1052.3
"Lee, FL",659.8
"Lee, GA",1205.3
"Lee, IA",1207.1
"Lee, IL",1139.3
"Lee, KY",1692.7
"Lee, MS",1098.5
"Lee, NC",972.5
"Lee, SC",1467.3
"Lee, TX",1096.0
"Lee, VA",1155.1
"Leelanau, MI",925.8
"Leflore, MS",1590.5
"Lehigh, PA",991.0
"Lemhi, ID",905.5
"Lenawee, MI",1394.8
"Lenoir, NC",1246.4
"Leon, FL",901.5
"Leon, TX",1192.7
"Leslie, KY",1612.7
"Letcher, KY",1380.3
"Levy, FL",1076.4
"Lewis and Clark, MT",981.4
"Lewis, ID",977.7
"Lewis, KY",1428.2
"Lewis, MO",1317.2
"Lewis, NY",1199.3
"Lewis, TN",1149.3
"Lewis, WA",1235.1
"Lewis, WV",1400.4
"Lexington, SC",991.2
"Liberty, FL",1001.3
"Liberty, GA",1001.8
"Liberty, MT",884.9
"Liberty, TX",1589.4
"Licking, OH",1115.4
"Limestone, AL",1353.6
"Limestone, TX",1212.6
"Lincoln, AR",1426.6
"Lincoln, CO",844.4
"Lincoln, GA",932.9
"Lincoln, ID",1111.5
"Lincoln, KS",937.6
"Lincoln, KY",1138.8
"Lincoln, LA",923.8
"Lincoln, ME",951.0
"Lincoln, MN",952.5
"Lincoln, MO",1069.2
"Lincoln, MS",1450.8
"Lincoln, MT",920.8
"Lincoln, NC",1010.7
"Lincoln, NE",794.5
"Lincoln, NM",911.4
"Lincoln, NV",979.1
"Lincoln, OK",1352.8
"Lincoln, OR",892.3
"Lincoln, SD",824.0
"Lincoln, TN",1511.1
"Lincoln, WA",950.2
"Lincoln, WI",1075.5
"Lincoln, WV",1111.3
"Lincoln, WY",917.8
"Linn, IA",920.3
"Linn, KS",998.9
"Linn, MO",1306.2
"Linn, OR",1009.4
"Lipscomb, TX",1340.3
"Litchfield, CT",947.6
"Little River, AR",1330.8
"Live Oak, TX",1121.6
"Livingston, IL",1190.9
"Livingston, KY",1112.0
"Livingston, LA",1262.8
"Livingston, MI",1274.3
"Livingston, MO",957.5
"Livingston, NY",929.6
"Llano, TX",792.4
"Logan, AR",1360.7
"Logan, CO",887.9
"Logan, IL",1038.4
"Logan, KS",915.7
"Logan, KY",1193.6
"Logan, ND",791.0
"Logan, NE",908.0
"Logan, OH",1272.9
"Logan, OK",1199.2
"Logan, WV",1372.7
"Long, GA",1004.3
"Lonoke, AR",1085.5
"Lorain, OH",984.5
"Los Alamos, NM",761.4
"Los Angeles, CA",952.9
"Loudon, TN",894.5
"Loudoun, VA",717.6
"Louisa, IA",1024.0
"Louisa, VA",1127.6
"Loup, NE",1281.5
"Love, OK",1123.6
"Loving, TX",
"Lowndes, AL",1266.4
"Lowndes, GA",1165.3
"Lowndes, MS",1200.1
"Lubbock, TX",1295.2
"Lucas, IA",1245.8
"Lucas, OH",1329.8
"Luce, MI",1090.0
"Lumpkin, GA",973.9
"Luna, NM",1229.1
"Lunenburg, VA",1192.7
"Luzerne, PA",1354.1
"Lycoming, PA",1049.9
"Lyman, SD",920.4
"Lynn, TX",1243.7
"Lyon, IA",912.4
"Lyon, KS",1180.4
"Lyon, KY",1020.9
"Lyon, MN",782.5
"Lyon, NV",1153.3
"Mackinac, MI",1111.0
"Macomb, MI",1285.6
"Macon, AL",1435.7
"Macon, GA",1320.5
"Macon, IL",986.3
"Macon, MO",1201.7
"Macon, NC",807.9
"Macon, TN",1380.7
"Macoupin, IL",1228.3
"Madera, CA",947.4
"Madison, AL",1235.4
"Madison, AR",1830.6
"Madison, FL",1159.3
"Madison, GA",1101.0
"Madison, IA",991.4
"Madison, ID",1639.6
"Madison, IL",1253.5
"Madison, IN",1035.5
"Madison, KY",1126.9
"Madison, LA",2035.0
"Madison, MO",1313.5
"Madison, MS",1408.0
"Madison, MT",754.1
"Madison, NC",1095.5
"Madison, NE",1081.8
"Madison, NY",881.9
"Madison, OH",1138.5
"Madison, TN",1176.6
"Madison, TX",1196.6
"Madison, VA",905.7
"Magoffin, KY",1371.0
"Mahaska, IA",1208.9
"Mahnomen, MN",900.2
"Mahoning, OH",1415.8
"Major, OK",1329.2
"Malheur, OR",1195.2
"Manatee, FL",774.5
"Manistee, MI",1021.2
"Manitowoc, WI",1076.7
"Marathon, WI",1050.3
"Marengo, AL",1602.1
"Maricopa, AZ",866.7
"Maries, MO",1136.2
"Marin, CA",624.8
"Marinette, WI",1309.0
"Marion, AL",1477.3
"Marion, AR",1306.4
"Marion, FL",1229.8
"Marion, GA",1337.6
"Marion, IA",1221.0
"Marion, IL",1401.8
"Marion, IN",1085.0
"Marion, KS",1074.4
"Marion, KY",1118.2
"Marion, MO",1200.8
"Marion, MS",1304.7
"Marion, OH",1265.8
"Marion, OR",856.0
"Marion, SC",1292.0
"Marion, TN",1351.1
"Marion, TX",1079.1
"Marion, WV",1674.8
"Mariposa, CA",1008.1
"Marlboro, SC",1560.8
"Marquette, MI",1105.8
"Marquette, WI",930.1
"Marshall, AL",1396.4
"Marshall, IA",1369.3
"Marshall, IL",1172.5
"Marshall, IN",1182.7
"Marshall, KS",945.5
"Marshall, KY",1139.8
"Marshall, MN",880.3
"Marshall, MS",1170.0
"Marshall, OK",1144.4
"Marshall, SD",917.4
"Marshall, TN",1431.8
"Marshall, WV",1196.8
"Martin, FL",734.1
"Martin, IN",1114.3
"Martin, KY",1187.3
"Martin, MN",987.9
"Martin, NC",1069.0
"Martin, TX",1175.5
"Mason, IL",1041.3
"Mason, KY",1349.0
"Mason, MI",1068.6
"Mason, TX",689.0
"Mason, WA",949.4
"Mason, WV",1111.1
"Massac, IL",1068.9
"Matagorda, TX",1272.3
"Mathews, VA",954.8
"Maury, TN",1156.1
"Maverick, TX",964.1
"Mayes, OK",1592.6
"McClain, OK",1263.5
"McCone, MT",1059.4
"McCook, SD",1105.6
"McCormick, SC",845.9
"McCracken, KY",1087.7
"McCreary, KY",1437.1
"McCulloch, TX",1363.4
"McCurtain, OK",1517.1
"McDonald, MO",1248.4
"McDonough, IL",1129.3
"McDowell, NC",992.1
"McDowell, WV",1246.5
"McDuffie, GA",1151.5
"McHenry, IL",995.9
"McHenry, ND",957.9
"McIntosh, GA",741.0
"McIntosh, ND",1162.2
"McIntosh, OK",1611.0
"McKean, PA",1300.7
"McKenzie, ND",1032.5
"McKinley, NM",893.2
"McLean, IL",1050.6
"McLean, KY",1196.4
"McLean, ND",1080.5
"McLennan, TX",1062.6
"McLeod, MN",891.6
"McMinn, TN",1293.6
"McMullen, TX",996.7
"McNairy, TN",1651.0
"McPherson, KS",1004.7
"McPherson, NE",733.7
"McPherson, SD",906.6
"Meade, KS",1186.5
"Meade, KY",1081.9
"Meade, SD",908.6
"Meagher, MT",980.2
"Mecklenburg, NC",796.4
"Mecklenburg, VA",1058.4
"Mecosta, MI",1234.4
"Medina, OH",1044.2
"Medina, TX",1164.8
"Meeker, MN",952.2
"Meigs, OH",1168.2
"Meigs, TN",1364.2
"Mellette, SD",1119.2
"Menard, IL",973.7
"Menard, TX",1149.5
"Mendocino, CA",933.3
"Menifee, KY",933.3
"Menominee, MI",1244.4
"Menominee, WI",1060.4
"Merced, CA",1013.1
"Mercer, IL",1152.2
"Mercer, KY",1267.8
"Mercer, MO",1103.0
"Mercer, ND",931.1
"Mercer, NJ",1025.7
"Mercer, OH",1741.8
"Mercer, PA",1292.7
"Mercer, WV",1227.4
"Meriwether, GA",1451.1
"Merrick, NE",980.4
"Merrimack, NH",978.5
"Mesa, CO",1076.0
"Metcalfe, KY",1379.0
"Miami, IN",1228.1
"Miami, KS",986.1
"Miami, OH",1131.6
"Miami-Dade, FL",947.5
"Middlesex, CT",946.4
"Middlesex, MA",820.1
"Middlesex, NJ",1012.6
"Middlesex, VA",896.7
"Midland, MI",962.1
"Midland, TX",1083.5
"Mifflin, PA",1047.7
"Milam, TX",976.6
"Millard, UT",846.8
"Mille Lacs, MN",902.7
"Miller, AR",1278.8
"Miller, GA",1289.8
"Miller, MO",1093.0
"Mills, IA",915.5
"Mills, TX",1083.8
"Milwaukee, WI",1144.7
"Miner, SD",1025.7
"Mineral, CO",737.4
"Mineral, MT",978.4
"Mineral, NV",1026.5
"Mineral, WV",1229.3
"Mingo, WV",1459.2
"Minidoka, ID",1110.6
"Minnehaha, SD",1117.4
"Missaukee, MI",1118.0
"Mississippi, AR",1730.9
"Mississippi, MO",1535.7
"Missoula, MT",970.6
"Mitchell, GA",1127.4
"Mitchell, IA",1543.7
"Mitchell, KS",1243.4
"Mitchell, NC",1185.9
"Mitchell, TX",1290.6
"Mobile, AL",1319.6
"Modoc, CA",1091.4
"Moffat, CO",908.7
"Mohave, AZ",1187.9
"Moniteau, MO",1029.7
"Monmouth, NJ",1070.1
"Mono, CA",789.4
"Monona, IA",1419.4
"Monongalia, WV",1156.3
"Monroe, AL",1153.3
"Monroe, AR",1714.9
"Monroe, FL",777.6
"Monroe, GA",1106.9
"Monroe, IA",1230.2
"Monroe, IL",1105.8
"Monroe, IN",958.8
"Monroe, KY",1637.8
"Monroe, MI",1266.5
"Monroe, MO",1113.3
"Monroe, MS",1139.8
"Monroe, NY",874.7
"Monroe, OH",1068.5
"Monroe, PA",1185.0
"Monroe, TN",1139.3
"Monroe, WI",990.4
"Monroe, WV",1144.1
"Montague, TX",1230.1
"Montcalm, MI",1139.8
"Monterey, CA",732.5
"Montezuma, CO",867.1
"Montgomery, AL",1025.0
"Montgomery, AR",1247.0
"Montgomery, GA",1382.7
"Montgomery, IA",1384.0
"Montgomery, IL",1070.5
"Montgomery, IN",1478.6
"Montgomery, KS",1566.9
"Montgomery, KY",1482.5
"Montgomery, MD",658.8
"Montgomery, MO",1369.8
"Montgomery, MS",1366.4
"Montgomery, NC",1090.2
"Montgomery, NY",1130.3
"Montgomery, OH",1046.2
"Montgomery, PA",1003.7
"Montgomery, TN",1196.4
"Montgomery, TX",1105.5
"Montgomery, VA",917.7
"Montmorency, MI",1496.9
"Montour, PA",840.9
"Montrose, CO",942.2
"Moody, SD",1088.0
"Moore, NC",732.4
"Moore, TN",1453.1
"Moore, TX",1328.3
"Mora, NM",696.7
"Morehouse, LA",1628.5
"Morgan, AL",1457.6
"Morgan, CO",843.0
"Morgan, GA",1121.7
"Morgan, IL",1563.8
"Morgan, IN",1222.5
"Morgan, KY",955.8
"Morgan, MO",1113.9
"Morgan, OH",1025.6
"Morgan, TN",1063.4
"Morgan, UT",1063.3
"Morgan, WV",1110.9
"Morrill, NE",1075.7
"Morris, KS",1143.6
"Morris, NJ",982.3
"Morris, TX",1336.3
"Morrison, MN",717.5
"Morrow, OH",1151.8
"Morrow, OR",858.1
"Morton, KS",1272.5
"Morton, ND",895.4
"Motley, TX",1182.1
"Moultrie, IL",1022.9
"Mountrail, ND",1474.3
"Mower, MN",1001.3
"Muhlenberg, KY",1440.6
"Multnomah, OR",872.0
"Murray, GA",1210.0
"Murray, MN",801.9
"Murray, OK",1425.0
"Muscatine, IA",1034.4
"Muscogee, GA",1372.9
"Muskegon, MI",1021.6
"Muskingum, OH",1137.6
"Muskogee, OK",1914.4
"Musselshell, MT",1089.9
"Nacogdoches, TX",1143.9
"Nance, NE",1117.2
"Nantucket, MA",866.2
"Napa, CA",872.4
"Nash, NC",1141.3
"Nassau, FL",943.3
"Nassau, NY",1270.5
"Natchitoches, LA",1238.1
"Natrona, WY",961.1
"Navajo, AZ",885.5
"Navarro, TX",1235.2
"Nelson, KY",1015.1
"Nelson, ND",1051.6
"Nelson, VA",993.4
"Nemaha, KS",909.7
"Nemaha, NE",981.3
"Neosho, KS",1278.2
"Neshoba, MS",2051.2
"Ness, KS",1016.1
"Nevada, AR",1361.8
"Nevada, CA",886.9
"New Castle, DE",945.4
"New Hanover, NC",895.2
"New Haven, CT",947.0
"New Kent, VA",1104.1
"New London, CT",929.0
"New Madrid, MO",1398.9
"New York, NY",882.2
"Newaygo, MI",1096.1
"Newberry, SC",994.9
"Newport, RI",851.1
"Newton, AR",1761.4
"Newton, GA",1128.8
"Newton, IN",1227.3
"Newton, MO",1335.0
"Newton, MS",1337.9
"Newton, TX",1547.7
"Nez Perce, ID",1038.1
"Niagara, NY",1303.0
"Nicholas, KY",1398.1
"Nicholas, WV",1119.3
"Nicollet, MN",791.7
"Niobrara, WY",899.9
"Noble, IN",1080.7
"Noble, OH",849.4
"Noble, OK",1334.0
"Nobles, MN",850.0
"Nodaway, MO",1227.4
"Nolan, TX",1261.8
"Norfolk, MA",819.1
"Norman, MN",899.0
"Northampton, NC",875.2
"Northampton, PA",1025.7
"Northampton, VA",955.8
"Northumberland, PA",1283.4
"Northumberland, VA",892.4
"Norton, KS",1008.7
"Nottoway, VA",1383.9
"Nowata, OK",1534.4
"Noxubee, MS",1635.1
"Nuckolls, NE",1093.4
"Nueces, TX",936.5
"Nye, NV",1568.8
"O'Brien, IA",1173.4
"Oakland, MI",1229.7
"Obion, TN",1420.0
"Ocean, NJ",1349.7
"Oceana, MI",1046.5
"Ochiltree, TX",1636.9
"Oconee, GA",1090.8
"Oconee, SC",1039.2
"Oconto, WI",1262.5
"Ogemaw, MI",1480.7
"Ogle, IL",1044.0
"Oglethorpe, GA",1098.5
"Ohio, IN",883.9
"Ohio, KY",1364.7
"Ohio, WV",1117.1
"Okaloosa, FL",928.9
"Okanogan, WA",920.9
"Okeechobee, FL",1085.6
"Okfuskee, OK",1552.4
"Oklahoma, OK",1252.5
"Okmulgee, OK",1528.4
"Oktibbeha, MS",959.5
"Oldham, KY",936.5
"Oldham, TX",1306.4
"Oliver, ND",819.8
"Olmsted, MN",889.0
"Oneida, ID",1160.5
"Oneida, NY",1164.9
"Oneida, WI",1056.1
"Onondaga, NY",946.3
"Onslow, NC",1063.9
"Ontario, NY",884.7
"Ontonagon, MI",1242.2
"Orange, CA",888.9
"Orange, FL",931.5
"Orange, IN",1080.9
"Orange, NC",672.9
"Orange, NY",1058.5
"Orange, TX",1639.3
"Orange, VA",956.2
"Orange, VT",1013.5
"Orangeburg, SC",892.6
"Oregon, MO",1309.7
"Orleans, LA",1005.9
"Orleans, NY",1169.8
"Orleans, VT",1118.1
"Osage, KS",928.9
"Osage, MO",1041.0
"Osage, OK",1253.4
"Osborne, KS",1118.7
"Osceola, FL",1026.6
"Osceola, IA",1004.5
"Osceola, MI",1122.8
"Oscoda, MI",1228.9
"Oswego, NY",1232.7
"Otero, CO",1240.4
"Otero, NM",987.8
"Otoe, NE",949.8
"Otsego, MI",1083.0
"Otsego, NY",1134.6
"Ottawa, KS",1050.0
"Ottawa, MI",985.5
"Ottawa, OH",1231.2
"Ottawa, OK",1898.1
"Otter Tail, MN",932.2
"Ouachita, AR",1300.5
"Ouachita, LA",1001.3
"Ouray, CO",591.4
"Outagamie, WI",1028.6
"Overton, TN",1233.6
"Owen, IN",1202.0
"Owen, KY",1304.5
"Owsley, KY",1756.0
"Owyhee, ID",1070.8
"Oxford, ME",891.7
"Ozark, MO",985.5
"Ozaukee, WI",1004.6
"Pacific, WA",1527.1
"Page, IA",1275.4
"Page, VA",1126.2
"Palm Beach, FL",793.2
"Palo Alto, IA",1058.3
"Palo Pinto, TX",1300.1
"Pamlico, NC",1011.7
"Panola, MS",1799.7
"Panola, TX",1044.5
"Park, CO",668.3
"Park, MT",820.9
"Park, WY",964.0
"Parke, IN",1173.2
"Parker, TX",1067.9
"Parmer, TX",1197.7
"Pasco, FL",922.8
"Pasquotank, NC",1443.2
"Passaic, NJ",1020.4
"Patrick, VA",1258.4
"Paulding, GA",1203.4
"Paulding, OH",1062.1
"Pawnee, KS",1012.3
"Pawnee, NE",978.0
"Pawnee, OK",1522.4
"Payette, ID",1172.8
"Payne, OK",1243.5
"Peach, GA",1354.1
"Pearl River, MS",1300.8
"Pecos, TX",940.9
"Pembina, ND",818.0
"Pemiscot, MO",1739.9
"Pend Oreille, WA",908.2
"Pender, NC",1013.2
"Pendleton, KY",1046.1
"Pendleton, WV",974.2
"Pennington, MN",1107.7
"Pennington, SD",987.7
"Penobscot, ME",1035.8
"Peoria, IL",1000.1
"Pepin, WI",1005.8
"Perkins, NE",869.4
"Perkins, SD",930.1
"Perquimans, NC",1092.2
"Perry, AL",1287.4
"Perry, AR",1187.7
"Perry, IL",1154.5
"Perry, IN",1207.4
"Perry, KY",1633.8
"Perry, MO",1183.1
"Perry, MS",1145.8
"Perry, OH",1539.4
"Perry, PA",1124.7
"Perry, TN",1376.1
"Pershing, NV",1228.9
"Person, NC",954.0
"Petroleum, MT",1221.4
"Pettis, MO",1188.5
"Phelps, MO",1115.4
"Phelps, NE",1006.4
"Philadelphia, PA",1164.7
"Phillips, AR",977.1
"Phillips, CO",891.4
"Phillips, KS",1032.3
"Phillips, MT",1210.8
"Piatt, IL",998.5
"Pickaway, OH",1315.7
"Pickens, AL",1410.4
"Pickens, GA",1130.1
"Pickens, SC",1239.8
"Pickett, TN",1222.4
"Pierce, GA",1252.3
"Pierce, ND",1008.6
"Pierce, NE",1013.9
"Pierce, WA",1009.6
"Pierce, WI",931.3
"Pike, AL",1245.8
"Pike, AR",1530.5
"Pike, GA",1015.9
"Pike, IL",1004.8
"Pike, IN",1150.8
"Pike, KY",1361.1
"Pike, MO",1147.7
"Pike, MS",1325.8
"Pike, OH",1265.0
"Pike, PA",1029.7
"Pima, AZ",858.8
"Pinal, AZ",731.6
"Pine, MN",886.9
"Pinellas, FL",843.7
"Pipestone, MN",977.5
"Piscataquis, ME",1026.2
"Pitkin, CO",325.7
"Pitt, NC",1025.9
"Pittsburg, OK",1554.0
"Pittsylvania, VA",975.7
"Piute, UT",981.6
"Placer, CA",846.3
"Plaquemines, LA",1042.1
"Platte, MO",900.5
"Platte, NE",1060.4
"Platte, WY",924.3
"Pleasants, WV",1335.0
"Plumas, CA",1003.4
"Plymouth, IA",726.5
"Plymouth, MA",906.8
"Pocahontas, IA",1312.7
"Pocahontas, WV",1095.3
"Poinsett, AR",1492.8
"Pointe Coupee, LA",1437.2
"Polk, AR",1538.1
"Polk, FL",942.3
"Polk, GA",1581.2
"Polk, IA",1062.3
"Polk, MN",1005.2
"Polk, MO",1221.3
"Polk, NC",995.6
"Polk, NE",1030.8
"Polk, OR",788.4
"Polk, TN",1295.9
"Polk, TX",1734.8
"Polk, WI",1104.9
"Pondera, MT",1002.1
"Pontotoc, MS",1125.6
"Pontotoc, OK",1487.1
"Pope, AR",1187.1
"Pope, IL",1006.9
"Pope, MN",780.9
"Portage, OH",1396.7
"Portage, WI",1002.6
"Porter, IN",1148.2
"Posey, IN",988.6
"Pottawatomie, KS",1022.0
"Pottawatomie, OK",1501.9
"Pottawattamie, IA",985.4
"Potter, PA",1006.5
"Potter, SD",876.6
"Potter, TX",1616.3
"Powder River, MT",1098.8
"Powell, KY",1519.7
"Powell, MT",995.7
"Power, ID",1003.8
"Poweshiek, IA",1058.4
"Powhatan, VA",945.1
"Prairie, AR",1206.6
"Prairie, MT",913.8
"Pratt, KS",1151.1
"Preble, OH",1136.2
"Prentiss, MS",1437.6
"Presidio, TX",719.7
"Presque Isle, MI",1290.8
"Preston, WV",1207.1
"Price, WI",1207.4
"Prince Edward, VA",1128.8
"Prince George's, MD",1007.6
"Prince George, VA",839.5
"Providence, RI",1077.4
"Prowers, CO",790.2
"Pueblo, CO",777.7
"Pulaski, AR",1068.1
"Pulaski, GA",1255.2
"Pulaski, IL",1237.5
"Pulaski, IN",1320.3
"Pulaski, KY",1279.5
"Pulaski, MO",1192.1
"Pulaski, VA",1175.1
"Pushmataha, OK",1536.4
"Putnam, FL",957.6
"Putnam, GA",1015.8
"Putnam, IL",1191.9
"Putnam, IN",1117.4
"Putnam, MO",1096.0
"Putnam, NY",1093.1
"Putnam, OH",1198.7
"Putnam, TN",1126.9
"Putnam, WV",1254.1
"Quay, NM",1335.9
"Queen Anne's, MD",1027.3
"Queens, NY",1168.8
"Quitman, GA",1153.6
"Quitman, MS",1522.8
"Rabun, GA",965.2
"Racine, WI",1145.9
"Rains, TX",1328.5
"Raleigh, WV",1420.0
"Ralls, MO",1033.7
"Ramsey, MN",701.2
"Ramsey, ND",1070.4
"Randall, TX",1211.0
"Randolph, AL",1648.2
"Randolph, AR",1253.9
"Randolph, GA",963.0
"Randolph, IL",1126.1
"Randolph, IN",1225.0
"Randolph, MO",1226.1
"Randolph, NC",1157.6
"Randolph, WV",1085.5
"Rankin, MS",909.3
"Ransom, ND",1044.2
"Rapides, LA",1676.2
"Rappahannock, VA",810.0
"Ravalli, MT",975.7
"Rawlins, KS",1071.1
"Ray, MO",1137.0
"Reagan, TX",1028.4
"Real, TX",1080.7
"Red Lake, MN",1037.7
"Red River, LA",1032.3
"Red River, TX",1457.2
"Red Willow, NE",999.4
"Redwood, MN",875.6
"Reeves, TX",1160.3
"Refugio, TX",991.5
"Reno, KS",930.9
"Rensselaer, NY",1104.6
"Renville, MN",783.9
"Renville, ND",1003.0
"Republic, KS",1018.0
"Reynolds, MO",1374.5
"Rhea, TN",1340.9
"Rice, KS",984.7
"Rice, MN",911.2
"Rich, UT",902.8
"Richardson, NE",956.7
"Richland, IL",1114.4
"Richland, LA",1588.4
"Richland, MT",1098.1
"Richland, ND",931.2
"Richland, OH",1214.6
"Richland, SC",1017.3
"Richland, WI",999.8
"Richmond, GA",1257.1
"Richmond, NC",1428.5
"Richmond, NY",1619.2
"Richmond, VA",
"Richmond, VA",
"Riley, KS",903.6
"Ringgold, IA",1264.8
"Rio Arriba, NM",822.2
"Rio Blanco, CO",884.3
"Rio Grande, CO",912.0
"Ripley, IN",1201.7
"Ripley, MO",1283.1
"Ritchie, WV",1157.4
"Riverside, CA",1145.3
"Roane, TN",1233.3
"Roane, WV",1114.1
"Roanoke, VA",
"Roanoke, VA",
"Roberts, SD",978.3
"Roberts, TX",1582.4
"Robertson, KY",1377.6
"Robertson, TN",1277.8
"Robertson, TX",1358.4
"Robeson, NC",1282.1
"Rock Island, IL",1146.9
"Rock, MN",980.0
"Rock, NE",1434.4
"Rock, WI",1077.3
"Rockbridge, VA",850.2
"Rockcastle, KY",1334.0
"Rockdale, GA",961.6
"Rockingham, NC",1051.3
"Rockingham, NH",971.4
"Rockingham, VA",958.2
"Rockland, NY",959.0
"Rockwall, TX",1073.8
"Roger Mills, OK",1349.3
"Rogers, OK",1581.1
"Rolette, ND",1303.7
"Rooks, KS",1087.9
"Roosevelt, MT",1219.5
"Roosevelt, NM",1239.2
"Roscommon, MI",1329.6
"Roseau, MN",1132.1
"Rosebud, MT",1080.1
"Ross, OH",1142.7
"Routt, CO",399.7
"Rowan, KY",1120.9
"Rowan, NC",1120.6
"Runnels, TX",1174.3
"Rush, IN",1268.9
"Rush, KS",966.3
"Rusk, TX",1260.1
"Rusk, WI",1074.0
"Russell, AL",1085.9
"Russell, KS",982.6
"Russell, KY",1378.6
"Russell, VA",1210.6
"Rutherford, NC",1111.8
"Rutherford, TN",1099.5
"Rutland, VT",1226.8
"Sabine, LA",1136.1
"Sabine, TX",1186.2
"Sac, IA",1080.3
"Sacramento, CA",949.3
"Sagadahoc, ME",962.7
"Saginaw, MI",1087.9
"Saguache, CO",682.3
"Salem, NJ",1294.5
"Saline, AR",1235.2
"Saline, IL",1040.5
"Saline, KS",953.8
"Saline, MO",1215.8
"Saline, NE",1092.1
"Salt Lake, UT",980.3
"Saluda, SC",982.5
"Sampson, NC",1098.3
"San Augustine, TX",1111.2
"San Benito, CA",832.8
"San Bernardino, CA",1229.0
"San Diego, CA",844.6
"San Francisco, CA",722.5
"San Jacinto, TX",1133.1
"San Joaquin, CA",970.5
"San Juan, CO",781.7
"San Juan, NM",843.6
"San Juan, UT",670.8
"San Juan, WA",522.0
"San Luis Obispo, CA",794.3
"San Mateo, CA",728.8
"San Miguel, CO",338.0
"San Miguel, NM",956.0
"San Patricio, TX",1174.3
"San Saba, TX",1008.8
"Sanborn, SD",993.3
"Sanders, MT",937.8
"Sandoval, NM",924.5
"Sandusky, OH",1205.6
"Sangamon, IL",1033.4
"Sanilac, MI",1438.7
"Sanpete, UT",994.9
"Santa Barbara, CA",863.6
"Santa Clara, CA",646.5
"Santa Cruz, AZ",774.7
"Santa Cruz, CA",734.8
"Santa Fe, NM",679.4
"Santa Rosa, FL",995.2
"Sarasota, FL",620.1
"Saratoga, NY",1020.6
"Sargent, ND",946.3
"Sarpy, NE",894.9
"Sauk, WI",991.0
"Saunders, NE",913.2
"Sawyer, WI",1065.6
"Schenectady, NY",1123.6
"Schleicher, TX",1202.1
"Schley, GA",1052.3
"Schoharie, NY",1005.3
"Schoolcraft, MI",1051.6
"Schuyler, IL",1043.8
"Schuyler, MO",1027.5
"Schuyler, NY",1136.2
"Schuylkill, PA",1534.9
"Scioto, OH",1613.3
"Scotland, MO",1104.7
"Scotland, NC",1161.6
"Scott, AR",1351.7
"Scott, IA",1034.1
"Scott, IL",1296.2
"Scott, IN",1171.8
"Scott, KS",804.0
"Scott, KY",1379.8
"Scott, MN",685.7
"Scott, MO",1194.2
"Scott, MS",1535.8
"Scott, TN",1242.2
"Scott, VA",1117.6
"Scotts Bluff, NE",996.7
"Screven, GA",1123.4
"Scurry, TX",924.4
"Searcy, AR",1078.6
"Sebastian, AR",1264.9
"Sedgwick, CO",1089.7
"Sedgwick, KS",988.3
"Seminole, FL",892.6
"Seminole, GA",1392.7
"Seminole, OK",1676.6
"Seneca, NY",977.5
"Seneca, OH",1447.7
"Sequatchie, TN",1146.4
"Sequoyah, OK",1489.2
"Sevier, AR",1314.6
"Sevier, TN",1136.8
"Sevier, UT",1102.3
"Seward, KS",1210.7
"Seward, NE",990.3
"Shackelford, TX",1276.2
"Shannon, MO",1148.2
"Shannon, SD",
"Sharkey, MS",1086.5
"Sharp, AR",1419.4
"Shasta, CA",1256.1
"Shawano, WI",1043.5
"Shawnee, KS",993.9
"Sheboygan, WI",1051.2
"Shelby, AL",979.4
"Shelby, IA",959.4
"Shelby, IL",1068.1
"Shelby, IN",1033.0
"Shelby, KY",976.2
"Shelby, MO",1253.6
"Shelby, OH",1244.3
"Shelby, TN",1125.0
"Shelby, TX",1178.4
"Shenandoah, VA",980.4
"Sherburne, MN",722.0
"Sheridan, KS",979.4
"Sheridan, MT",735.1
"Sheridan, ND",773.4
"Sheridan, NE",1026.4
"Sheridan, WY",998.2
"Sherman, KS",952.8
"Sherman, NE",988.7
"Sherman, OR",925.3
"Sherman, TX",1385.4
"Shiawassee, MI",1312.5
"Shoshone, ID",1050.3
"Sibley, MN",780.0
"Sierra, CA",1086.3
"Sierra, NM",1207.6
"Silver Bow, MT",1523.2
"Simpson, KY",1265.0
"Simpson, MS",1433.0
"Sioux, IA",724.0
"Sioux, ND",1140.9
"Sioux, NE",927.4
"Siskiyou, CA",1031.6
"Skagit, WA",870.4
"Skamania, WA",799.7
"Slope, ND",893.7
"Smith, KS",1123.9
"Smith, MS",1138.5
"Smith, TN",1040.8
"Smith, TX",1374.8
"Smyth, VA",1247.5
"Snohomish, WA",843.7
"Snyder, PA",1078.9
"Socorro, NM",1008.4
"Solano, CA",750.2
"Somerset, MD",1719.2
"Somerset, ME",1084.0
"Somerset, NJ",938.6
"Somerset, PA",1181.9
"Somervell, TX",947.0
"Sonoma, CA",837.3
"Spalding, GA",1072.7
"Spartanburg, SC",1042.6
"Spencer, IN",1192.7
"Spencer, KY",1007.0
"Spink, SD",902.6
"Spokane, WA",896.1
"Spotsylvania, VA",951.9
"St. Bernard, LA",1000.1
"St. Charles, LA",1263.3
"St. Charles, MO",1006.1
"St. Clair, AL",1282.3
"St. Clair, IL",1181.9
"St. Clair, MI",1447.0
"St. Clair, MO",1191.0
"St. Croix, WI",862.7
"St. Francis, AR",1361.8
"St. Francois, MO",1426.0
"St. Helena, LA",1216.3
"St. James, LA",1215.1
"St. John the Baptist, LA",1538.0
"St. Johns, FL",759.3
"St. Joseph, IN",1080.7
"St. Joseph, MI",1224.4
"St. Landry, LA",1557.8
"St. Lawrence, NY",1204.0
"St. Louis, MN",840.1
"St. Louis, MO",
"St. Louis, MO",
"St. Lucie, FL",839.2
"St. Martin, LA",1336.2
"St. Mary's, MD",1055.1
"St. Mary, LA",1305.7
"St. Tammany, LA",1141.7
"Stafford, KS",978.5
"Stafford, VA",1032.4
"Stanislaus, CA",1135.5
"Stanley, SD",632.0
"Stanly, NC",1255.9
"Stanton, KS",975.3
"Stanton, NE",969.8
"Stark, IL",1103.2
"Stark, ND",884.6
"Stark, OH",1109.6
"Starke, IN",1400.3
"Starr, TX",922.8
"Ste. Genevieve, MO",1287.0
"Stearns, MN",671.3
"Steele, MN",929.8
"Steele, ND",884.9
"Stephens, GA",1285.8
"Stephens, OK",1454.1
"Stephens, TX",1369.6
"Stephenson, IL",926.0
"Sterling, TX",1278.8
"Steuben, IN",1073.7
"Steuben, NY",1185.0
"Stevens, KS",1037.5
"Stevens, MN",940.0
"Stevens, WA",990.8
"Stewart, GA",1094.2
"Stewart, TN",1206.2
"Stillwater, MT",983.9
"Stoddard, MO",1338.9
"Stokes, NC",1049.2
"Stone, AR",1073.3
"Stone, MO",1354.4
"Stone, MS",1460.5
"Stonewall, TX",1162.4
"Storey, NV",1088.4
"Story, IA",889.6
"Strafford, NH",968.2
"Stutsman, ND",1125.8
"Sublette, WY",812.7
"Suffolk, MA",730.6
"Suffolk, NY",1203.9
"Sullivan, IN",1357.2
"Sullivan, MO",1224.2
"Sullivan, NH",961.5
"Sullivan, NY",1052.5
"Sullivan, PA",1197.0
"Sullivan, TN",1238.9
"Sully, SD",759.3
"Summers, WV",1288.1
"Summit, CO",272.4
"Summit, OH",1151.4
"Summit, UT",865.9
"Sumner, KS",1052.8
"Sumner, TN",1066.8
"Sumter, AL",1320.9
"Sumter, FL",751.8
"Sumter, GA",1217.9
"Sumter, SC",912.3
"Sunflower, MS",1302.1
"Surry, NC",1010.4
"Surry, VA",955.9
"Susquehanna, PA",1187.6
"Sussex, DE",1045.6
"Sussex, NJ",1163.0
"Sussex, VA",1213.3
"Sutter, CA",943.8
"Sutton, TX",965.9
"Suwannee, FL",1181.3
"Swain, NC",1061.1
"Sweet Grass, MT",765.8
"Sweetwater, WY",1024.6
"Swift, MN",862.6
"Swisher, TX",1176.2
"Switzerland, IN",992.2
"Talbot, GA",1221.5
"Talbot, MD",915.5
"Taliaferro, GA",1083.6
"Talladega, AL",1584.3
"Tallahatchie, MS",1074.4
"Tallapoosa, AL",1476.9
"Tama, IA",1098.9
"Taney, MO",1640.3
"Tangipahoa, LA",1473.2
"Taos, NM",664.0
"Tarrant, TX",979.9
"Tate, MS",1542.1
"Tattnall, GA",1364.8
"Taylor, FL",990.1
"Taylor, GA",1282.0
"Taylor, IA",1321.5
"Taylor, KY",1286.5
"Taylor, TX",1258.4
"Taylor, WI",1134.1
"Taylor, WV",1190.1
"Tazewell, IL",1034.8
"Tazewell, VA",1243.8
"Tehama, CA",1105.9
"Telfair, GA",800.6
"Teller, CO",835.1
"Tensas, LA",1443.3
"Terrebonne, LA",1241.2
"Terrell, GA",1016.6
"Terrell, TX",840.8
"Terry, TX",1354.1
"Teton, ID",759.5
"Teton, MT",964.7
"Teton, WY",636.5
"Texas, MO",1290.9
"Texas, OK",1755.7
"Thayer, NE",1162.0
"Thomas, GA",1015.1
"Thomas, KS",997.9
"Thomas, NE",890.4
"Throckmorton, TX",1237.8
"Thurston, NE",1342.6
"Thurston, WA",871.8
"Tift, GA",1394.5
"Tillamook, OR",866.9
"Tillman, OK",1322.5
"Tioga, NY",1010.3
"Tioga, PA",1103.4
"Tippah, MS",1462.0
"Tippecanoe, IN",989.3
"Tipton, IN",1060.3
"Tipton, TN",1406.1
"Tishomingo, MS",1893.0
"Titus, TX",1296.3
"Todd, KY",1264.6
"Todd, MN",740.8
"Todd, SD",1133.1
"Tolland, CT",1028.9
"Tom Green, TX",1082.9
"Tompkins, NY",891.6
"Tooele, UT",1132.4
"Toole, MT",1192.3
"Toombs, GA",1323.0
"Torrance, NM",898.8
"Towner, ND",936.7
"Towns, GA",955.3
"Traill, ND",928.5
"Transylvania, NC",782.0
"Traverse, MN",1111.5
"Travis, TX",763.6
"Treasure, MT",1071.6
"Trego, KS",1137.7
"Trempealeau, WI",1078.0
"Treutlen, GA",1274.4
"Trigg, KY",1247.6
"Trimble, KY",1267.5
"Trinity, CA",1059.4
"Trinity, TX",1257.6
"Tripp, SD",995.1
"Troup, GA",1409.2
"Trousdale, TN",1004.3
"Trumbull, OH",1308.0
"Tucker, WV",1225.3
"Tulare, CA",1182.8
"Tulsa, OK",1496.5
"Tunica, MS",2034.9
"Tuolumne, CA",937.3
"Turner, GA",1583.3
"Turner, SD",1052.2
"Tuscaloosa, AL",1323.8
"Tuscarawas, OH",1240.7
"Tuscola, MI",1328.3
"Twiggs, GA",1370.6
"Twin Falls, ID",1084.8
"Tyler, TX",1501.3
"Tyler, WV",1176.9
"Tyrrell, NC",1134.2
"Uinta, WY",1148.5
"Uintah, UT",1277.0
"Ulster, NY",1075.1
"Umatilla, OR",881.6
"Unicoi, TN",1275.3
"Union, AR",1133.6
"Union, FL",1502.2
"Union, GA",980.0
"Union, IA",1245.8
"Union, IL",1207.6
"Union, IN",1151.5
"Union, KY",1222.2
"Union, LA",870.1
"Union, MS",1447.6
"Union, NC",851.0
"Union, NJ",953.7
"Union, NM",1114.1
"Union, OH",1194.0
"Union, OR",961.8
"Union, PA",938.2
"Union, SC",1183.9
"Union, SD",785.6
"Union, TN",1223.8
"Upshur, TX",1289.1
"Upshur, WV",1087.4
"Upson, GA",1502.2
"Upton, TX",1311.6
"Utah, UT",1072.7
"Uvalde, TX",1071.6
"Val Verde, TX",1071.5
"Valencia, NM",996.8
"Valley, ID",491.9
"Valley, MT",1247.5
"Valley, NE",1128.6
"Van Buren, AR",1066.3
"Van Buren, IA",1225.3
"Van Buren, MI",1331.7
"Van Buren, TN",1052.4
"Van Wert, OH",1103.8
"Van Zandt, TX",1368.2
"Vance, NC",995.5
"Vanderburgh, IN",1030.9
"Venango, PA",1201.3
"Ventura, CA",913.3
"Vermilion, IL",1213.8
"Vermilion, LA",1536.4
"Vermillion, IN",1397.0
"Vernon, LA",1663.5
"Vernon, MO",1203.4
"Vernon, WI",1010.3
"Victoria, TX",1026.8
"Vigo, IN",1452.0
"Vilas, WI",1099.6
"Vinton, OH",1089.4
"Volusia, FL",1093.7
"Wabash, IL",972.2
"Wabash, IN",1135.7
"Wabasha, MN",934.9
"Wabaunsee, KS",962.7
"Wadena, MN",920.2
"Wagoner, OK",1365.5
"Wahkiakum, WA",1029.3
"Wake, NC",798.3
"Wakulla, FL",1067.6
"Waldo, ME",1110.1
"Walker, AL",2123.5
"Walker, GA",1516.9
"Walker, TX",1097.2
"Walla Walla, WA",870.5
"Wallace, KS",834.1
"Waller, TX",1116.6
"Wallowa, OR",965.3
"Walsh, ND",1014.4
"Walthall, MS",1517.7
"Walton, FL",888.6
"Walton, GA",1188.3
"Walworth, SD",781.0
"Walworth, WI",1119.9
"Wapello, IA",1222.2
"Ward, ND",831.9
"Ward, TX",1233.5
"Ware, GA",1374.3
"Warren, GA",1120.1
"Warren, IA",1224.7
"Warren, IL",1185.6
"Warren, IN",1079.7
"Warren, KY",1174.6
"Warren, MO",1041.9
"Warren, MS",1200.6
"Warren, NC",1017.8
"Warren, NJ",1152.3
"Warren, NY",1010.5
"Warren, OH",1037.5
"Warren, PA",1152.2
"Warren, TN",1188.4
"Warren, VA",1084.0
"Warrick, IN",1137.5
"Wasatch, UT",966.2
"Wasco, OR",920.2
"Waseca, MN",922.7
"Washakie, WY",1001.1
"Washburn, WI",1071.9
"Washington, AL",1273.6
"Washington, AR",2242.8
"Washington, CO",794.8
"Washington, FL",1577.2
"Washington, GA",1180.9
"Washington, IA",982.9
"Washington, ID",1194.4
"Washington, IL",1203.5
"Washington, IN",1081.0
"Washington, KS",996.3
"Washington, KY",1042.6
"Washington, LA",1301.4
"Washington, MD",1148.4
"Washington, ME",1093.6
"Washington, MN",691.7
"Washington, MO",1567.9
"Washington, MS",1238.2
"Washington, NC",1059.9
"Washington, NE",888.5
"Washington, NY",1097.7
"Washington, OH",948.7
"Washington, OK",1532.3
"Washington, OR",752.0
"Washington, PA",1130.1
"Washington, RI",1003.3
"Washington, TN",1166.3
"Washington, TX",899.5
"Washington, UT",717.1
"Washington, VA",997.8
"Washington, VT",974.3
"Washington, WI",1007.1
"Washita, OK",1484.5
"Washoe, NV",1212.2
"Washtenaw, MI",1078.4
"Watauga, NC",830.8
"Watonwan, MN",879.0
"Waukesha, WI",859.3
"Waupaca, WI",1147.6
"Waushara, WI",1185.9
"Wayne, GA",1141.9
"Wayne, IA",1161.3
"Wayne, IL",1303.9
"Wayne, IN",1431.8
"Wayne, KY",1204.6
"Wayne, MI",1417.3
"Wayne, MO",1092.8
"Wayne, MS",1467.1
"Wayne, NC",1238.0
"Wayne, NE",1064.5
"Wayne, NY",944.6
"Wayne, OH",1189.7
"Wayne, PA",1176.8
"Wayne, TN",1229.4
"Wayne, UT",775.4
"Wayne, WV",1021.4
"Weakley, TN",1102.0
"Webb, TX",940.3
"Weber, UT",1171.6
"Webster, GA",932.0
"Webster, IA",1488.5
"Webster, KY",1361.6
"Webster, LA",1244.6
"Webster, MO",1306.0
"Webster, MS",1895.8
"Webster, NE",1090.2
"Webster, WV",1199.0
"Wells, IN",1027.5
"Wells, ND",1051.5
"West Baton Rouge, LA",958.9
"West Carroll, LA",1568.9
"West Feliciana, LA",1038.6
"Westchester, NY",955.5
"Westmoreland, PA",1135.7
"Westmoreland, VA",1115.7
"Weston, WY",956.9
"Wetzel, WV",1242.0
"Wexford, MI",1005.0
"Wharton, TX",1227.7
"Whatcom, WA",858.5
"Wheatland, MT",1361.2
"Wheeler, GA",1096.5
"Wheeler, NE",1052.2
"Wheeler, OR",980.3
"Wheeler, TX",1401.5
"White Pine, NV",1089.3
"White, AR",1457.2
"White, GA",903.8
"White, IL",1268.8
"White, IN",1138.6
"White, TN",1145.5
"Whiteside, IL",1260.4
"Whitfield, GA",1175.9
"Whitley, IN",1034.8
"Whitley, KY",1636.6
"Whitman, WA",1008.4
"Wibaux, MT",909.7
"Wichita, KS",833.1
"Wichita, TX",1110.3
"Wicomico, MD",1440.9
"Wilbarger, TX",1120.3
"Wilcox, AL",1630.8
"Wilcox, GA",1063.3
"Wilkes, GA",1149.5
"Wilkes, NC",967.2
"Wilkin, MN",1046.0
"Wilkinson, GA",1416.0
"Wilkinson, MS",1306.9
"Will, IL",1067.9
"Willacy, TX",866.6
"Williams, ND",1035.6
"Williams, OH",1187.9
"Williamsburg, SC",883.6
"Williamson, IL",980.3
"Williamson, TN",992.8
"Williamson, TX",801.2
"Wilson, KS",1233.2
"Wilson, NC",1130.0
"Wilson, TN",1012.9
"Wilson, TX",1073.0
"Windham, CT",1076.9
"Windham, VT",947.6
"Windsor, VT",931.0
"Winkler, TX",1336.4
"Winn, LA",1640.0
"Winnebago, IA",1106.7
"Winnebago, IL",1115.4
"Winnebago, WI",876.6
"Winneshiek, IA",1002.8
"Winona, MN",968.9
"Winston, AL",1320.5
"Winston, MS",1284.7
"Wirt, WV",1234.4
"Wise, TX",1245.1
"Wise, VA",1296.5
"Wolfe, KY",1924.3
"Wood, OH",1409.1
"Wood, TX",1281.7
"Wood, WI",958.9
"Wood, WV",1271.2
"Woodbury, IA",1041.5
"Woodford, IL",1062.1
"Woodford, KY",999.5
"Woodruff, AR",1418.6
"Woods, OK",1321.8
"Woodson, KS",1201.6
"Woodward, OK",1392.5
"Worcester, MA",964.1
"Worcester, MD",1154.0
"Worth, GA",952.9
"Worth, IA",952.5
"Worth, MO",1231.2
"Wright, IA",1243.4
"Wright, MN",864.9
"Wright, MO",1688.4
"Wyandot, OH",1247.2
"Wyandotte, KS",1065.5
"Wyoming, NY",1142.7
"Wyoming, PA",1339.1
"Wyoming, WV",1362.8
"Wythe, VA",1267.6
"Yadkin, NC",950.5
"Yakima, WA",1240.0
"Yalobusha, MS",1851.5
"Yamhill, OR",937.6
"Yancey, NC",1022.2
"Yankton, SD",1048.2
"Yates, NY",986.3
"Yavapai, AZ",873.4
"Yazoo, MS",1048.5
"Yell, AR",1430.1
"Yellow Medicine, MN",909.1
"Yellowstone, MT",1061.6
"Yoakum, TX",1338.8
"Yolo, CA",857.2
"York, ME",870.5
"York, NE",1079.4
"York, PA",967.4
"York, SC",901.4
"York, VA",811.4
"Young, TX",1426.8
"Yuba, CA",1138.4
"Yuma, AZ",842.6
"Yuma, CO",817.0
"Zapata, TX",859.1
"Zavala, TX",1316.1
"Ziebach, SD",896.5
