county_state,alc_any_2008,alc_heavy_2008,alc_binge_2008
"Autauga, AL",41.2,6.0,13.1
"Baldwin, AL",55.1,9.1,17.7
"Barbour, AL",37.0,5.6,12.0
"Bibb, AL",34.2,5.2,11.6
"Blount, AL",34.1,4.8,10.8
"Bullock, AL",36.5,5.8,12.8
"Butler, AL",35.6,5.7,11.9
"Calhoun, AL",38.9,4.9,12.3
"Chambers, AL",36.7,5.7,13.2
"Cherokee, AL",31.9,4.6,10.5
"Chilton, AL",31.6,4.7,10.7
"Choctaw, AL",31.5,4.9,10.9
"Clarke, AL",34.6,5.1,11.9
"Clay, AL",29.8,3.9,9.6
"Cleburne, AL",30.8,5.0,11.0
"Coffee, AL",40.2,5.7,12.7
"Colbert, AL",36.2,5.0,12.2
"Conecuh, AL",36.5,6.1,13.1
"Coosa, AL",34.7,5.5,12.3
"Covington, AL",35.8,5.8,12.7
"Crenshaw, AL",31.5,4.9,10.5
"Cullman, AL",32.9,4.1,10.2
"Dale, AL",40.4,5.6,13.1
"Dallas, AL",39.7,5.1,13.3
"DeKalb, AL",31.0,4.3,10.0
"Elmore, AL",42.9,6.2,13.3
"Escambia, AL",35.9,5.6,12.1
"Etowah, AL",38.5,5.0,13.0
"Fayette, AL",28.7,4.2,10.2
"Franklin, AL",28.6,3.9,9.4
"Geneva, AL",33.1,5.5,11.6
"Greene, AL",36.2,6.3,12.4
"Hale, AL",35.8,5.9,12.5
"Henry, AL",34.3,5.4,11.9
"Houston, AL",42.8,5.6,13.8
"Jackson, AL",31.4,4.6,10.4
"Jefferson, AL",49.9,7.0,15.9
"Lamar, AL",27.9,3.8,9.3
"Lauderdale, AL",35.7,4.9,11.2
"Lawrence, AL",28.8,3.7,9.1
"Lee, AL",49.9,7.3,16.0
"Limestone, AL",36.5,4.7,10.8
"Lowndes, AL",37.1,6.1,13.2
"Macon, AL",42.5,6.6,13.2
"Madison, AL",48.6,6.4,14.0
"Marengo, AL",37.7,5.5,12.5
"Marion, AL",27.4,4.0,9.7
"Marshall, AL",36.8,5.4,12.3
"Mobile, AL",47.8,7.7,16.7
"Monroe, AL",34.3,4.9,11.0
"Montgomery, AL",48.8,7.4,15.7
"Morgan, AL",39.3,5.4,12.3
"Perry, AL",35.9,5.9,13.2
"Pickens, AL",30.6,4.3,9.8
"Pike, AL",39.6,6.6,13.4
"Randolph, AL",35.7,5.7,11.9
"Russell, AL",38.3,4.7,11.7
"Shelby, AL",51.3,6.9,13.8
"St. Clair, AL",38.8,5.3,12.3
"Sumter, AL",36.7,6.1,13.5
"Talladega, AL",37.2,5.3,12.0
"Tallapoosa, AL",37.8,5.5,12.3
"Tuscaloosa, AL",44.6,6.8,14.5
"Walker, AL",31.3,4.3,11.1
"Washington, AL",31.7,4.7,10.0
"Wilcox, AL",35.0,6.1,14.5
"Winston, AL",29.4,4.4,11.0
"Aleutians East , AK",52.3,13.0,25.8
"Aleutians West Cens, AK",52.4,13.0,22.3
"Anchorage Munic, AK",59.6,7.5,17.5
"Bethel Cens, AK",35.7,7.2,17.1
"Bristol Bay , AK",62.4,11.2,21.5
"Denali Borough, Yukon-Koyukuk Cens, AK",47.3,9.2,21.0
"Dillingham Cens, AK",41.9,7.8,18.9
"Fairbanks North Star , AK",59.0,8.7,18.0
"Haines , AK",62.6,11.5,22.2
"Hoonah-Angoon Census Area, Skagway Municipality, Yakutat City and , AK",60.5,11.9,22.2
"Juneau City and , AK",61.6,9.5,20.4
"Kenai Peninsula , AK",59.0,9.2,18.2
"Ketchikan Gateway Borough, Petersburg Census Area, Prince of Wales-Hyder Census Area, Wrangell City and , AK",58.3,10.3,22.2
"Kodiak Island , AK",58.4,10.3,20.2
"Lake and Peninsula , AK",46.6,9.3,18.9
"Matanuska-Susitna , AK",55.3,8.8,17.4
"Nome Cens, AK",39.1,7.3,19.4
"North Slope , AK",43.8,8.7,20.3
"Northwest Arctic , AK",34.5,5.4,16.0
"Sitka City and , AK",60.0,9.6,20.3
"Southeast Fairbanks Cens, AK",54.3,9.3,17.7
"Valdez-Cordova Cens, AK",59.5,10.5,21.2
"Wade Hampton Cens, AK",27.6,6.1,15.3
"Apache, AZ",34.7,6.3,15.8
"Cochise, AZ",53.6,7.8,16.8
"Coconino, AZ",58.4,8.9,17.4
"Gila, AZ",53.1,9.3,19.2
"Graham, AZ",36.0,5.6,14.5
"Greenlee, AZ",45.4,8.1,17.4
"La Paz, AZ",53.4,10.6,21.6
"Maricopa, AZ",59.4,8.5,17.9
"Mohave, AZ",60.4,11.0,20.7
"Navajo, AZ",41.8,6.4,14.3
"Pima, AZ",59.7,8.7,17.4
"Pinal, AZ",56.4,9.3,18.4
"Santa Cruz, AZ",55.6,8.8,21.3
"Yavapai, AZ",60.2,9.8,17.1
"Yuma, AZ",54.4,9.3,18.9
"Arkansas, AR",42.8,5.3,13.4
"Ashley, AR",36.0,5.0,11.4
"Baxter, AR",50.0,8.0,16.4
"Benton, AR",51.5,6.4,14.0
"Boone, AR",39.6,5.9,12.5
"Bradley, AR",33.6,4.2,11.0
"Calhoun, AR",39.3,8.0,15.7
"Carroll, AR",46.3,7.4,15.8
"Chicot, AR",36.8,5.8,12.3
"Clark, AR",38.8,5.0,11.7
"Clay, AR",38.5,5.6,13.0
"Cleburne, AR",44.7,6.2,14.0
"Cleveland, AR",38.6,6.1,13.5
"Columbia, AR",40.6,5.3,12.3
"Conway, AR",46.4,9.6,18.0
"Craighead, AR",39.7,5.6,12.1
"Crawford, AR",40.8,5.8,12.7
"Crittenden, AR",42.6,5.8,12.4
"Cross, AR",38.0,5.6,12.4
"Dallas, AR",42.4,7.6,15.2
"Desha, AR",38.2,5.9,12.9
"Drew, AR",39.0,5.1,12.2
"Faulkner, AR",45.9,6.3,13.1
"Franklin, AR",43.9,7.5,16.4
"Fulton, AR",40.0,5.9,12.8
"Garland, AR",52.4,7.2,16.2
"Grant, AR",40.2,5.7,12.1
"Greene, AR",39.8,6.3,13.6
"Hempstead, AR",39.6,5.5,12.3
"Hot Spring, AR",40.3,6.1,13.0
"Howard, AR",36.2,5.3,11.8
"Independence, AR",40.4,5.4,13.1
"Izard, AR",40.3,5.6,13.0
"Jackson, AR",37.8,7.0,14.5
"Jefferson, AR",43.7,6.7,14.0
"Johnson, AR",38.7,6.5,13.9
"Lafayette, AR",36.1,5.2,11.7
"Lawrence, AR",36.2,5.4,12.3
"Lee, AR",36.2,6.5,12.9
"Lincoln, AR",34.4,5.9,12.4
"Little River, AR",38.2,5.5,12.0
"Logan, AR",38.4,5.5,13.1
"Lonoke, AR",43.8,6.4,13.5
"Madison, AR",40.1,6.5,13.4
"Marion, AR",47.7,7.7,14.7
"Miller, AR",43.1,7.4,15.2
"Mississippi, AR",34.0,5.7,12.0
"Monroe, AR",36.6,5.3,12.7
"Montgomery, AR",38.6,5.9,12.9
"Nevada, AR",39.6,5.7,12.1
"Newton, AR",39.4,6.6,13.0
"Ouachita, AR",38.7,6.2,13.5
"Perry, AR",40.3,7.1,14.1
"Phillips, AR",39.1,6.2,12.5
"Pike, AR",35.8,5.5,12.8
"Poinsett, AR",34.4,6.1,13.3
"Polk, AR",39.3,6.1,13.4
"Pope, AR",44.6,6.0,13.6
"Prairie, AR",38.6,5.4,13.4
"Pulaski, AR",53.4,7.6,14.9
"Randolph, AR",35.7,6.1,13.0
"Saline, AR",48.6,6.6,13.3
"Scott, AR",35.8,5.9,12.4
"Searcy, AR",38.8,7.0,13.9
"Sebastian, AR",44.6,6.2,14.5
"Sevier, AR",34.2,4.8,12.2
"Sharp, AR",38.3,5.4,12.9
"St. Francis, AR",36.2,6.0,12.7
"Stone, AR",38.5,5.9,13.0
"Union, AR",38.7,5.3,12.3
"Van Buren, AR",42.9,5.9,13.8
"Washington, AR",50.0,6.9,15.6
"White, AR",38.0,5.7,12.4
"Woodruff, AR",37.6,6.4,14.1
"Yell, AR",37.5,5.6,13.1
"Alameda, CA",59.8,9.9,19.0
"Alpine, CA",57.1,13.2,18.9
"Amador, CA",62.4,13.0,19.8
"Butte, CA",56.7,10.2,17.6
"Calaveras, CA",61.5,13.2,19.9
"Colusa, CA",53.2,9.2,17.0
"Contra Costa, CA",63.2,9.9,18.6
"Del Norte, CA",51.8,8.7,16.4
"El Dorado, CA",65.4,11.9,19.4
"Fresno, CA",47.1,6.9,15.6
"Glenn, CA",53.0,9.1,17.1
"Humboldt, CA",60.2,11.1,19.1
"Imperial, CA",42.7,7.5,15.0
"Inyo, CA",57.8,10.8,18.6
"Kern, CA",47.0,7.4,15.5
"Kings, CA",48.5,8.4,16.2
"Lake, CA",57.7,11.2,18.8
"Lassen, CA",55.2,10.4,17.0
"Los Angeles, CA",52.5,7.5,16.4
"Madera, CA",49.8,8.2,16.3
"Marin, CA",72.8,13.0,20.3
"Mariposa, CA",60.5,12.9,19.8
"Mendocino, CA",60.5,11.0,18.7
"Merced, CA",47.3,7.3,15.7
"Modoc, CA",58.0,11.0,18.1
"Mono, CA",63.3,13.4,20.5
"Monterey, CA",54.3,9.1,17.1
"Napa, CA",64.3,10.3,19.0
"Nevada, CA",66.5,11.2,19.1
"Orange, CA",58.6,8.6,17.8
"Placer, CA",63.0,9.9,17.3
"Plumas, CA",62.9,13.5,20.4
"Riverside, CA",54.0,8.5,16.5
"Sacramento, CA",57.6,9.4,17.8
"San Benito, CA",54.7,9.1,17.2
"San Bernardino, CA",50.3,7.6,16.4
"San Diego, CA",58.8,9.0,18.1
"San Francisco, CA",64.9,13.5,23.3
"San Joaquin, CA",52.0,8.4,16.5
"San Luis Obispo, CA",62.5,11.6,18.9
"San Mateo, CA",63.3,11.2,20.0
"Santa Barbara, CA",60.4,9.6,18.5
"Santa Clara, CA",59.0,8.9,17.8
"Santa Cruz, CA",64.2,10.6,18.8
"Shasta, CA",55.6,9.2,16.6
"Sierra, CA",60.0,14.4,21.7
"Siskiyou, CA",58.5,10.2,17.9
"Solano, CA",58.8,9.4,18.0
"Sonoma, CA",66.8,11.6,20.1
"Stanislaus, CA",51.9,7.5,16.5
"Sutter, CA",52.0,8.2,15.7
"Tehama, CA",56.6,10.5,17.9
"Trinity, CA",59.0,13.0,19.4
"Tulare, CA",46.7,7.5,15.5
"Tuolumne, CA",58.8,10.8,18.1
"Ventura, CA",60.0,8.7,17.8
"Yolo, CA",62.5,10.5,19.2
"Yuba, CA",54.0,9.9,17.4
"Adams County, Boulder County, Broomfield County, Jefferson County, Weld, CO",66.2,8.4,17.4
"Alamosa, CO",49.0,6.4,15.2
"Arapahoe, CO",65.8,7.9,17.7
"Archuleta, CO",66.8,10.6,18.9
"Baca, CO",56.6,7.3,15.0
"Bent, CO",54.1,7.0,16.9
"Chaffee, CO",66.8,10.5,18.3
"Cheyenne, CO",61.4,7.8,18.6
"Clear Creek, CO",75.3,14.0,22.6
"Conejos, CO",38.5,5.7,12.1
"Costilla, CO",47.7,6.7,15.7
"Crowley, CO",46.2,5.5,15.0
"Custer, CO",66.7,9.8,18.6
"Delta, CO",62.4,9.8,18.4
"Denver, CO",64.8,9.9,21.5
"Dolores, CO",67.6,13.2,20.6
"Douglas, CO",72.0,7.9,15.2
"Eagle, CO",74.9,12.5,22.3
"El Paso, CO",61.4,6.7,14.5
"Elbert, CO",64.3,8.2,15.4
"Fremont, CO",58.5,7.7,16.2
"Garfield, CO",67.6,11.5,21.9
"Gilpin, CO",75.1,13.6,21.9
"Grand, CO",74.2,14.0,23.8
"Gunnison, CO",72.7,12.8,23.8
"Hinsdale, CO",75.5,16.6,28.6
"Huerfano, CO",59.6,9.1,19.4
"Jackson, CO",69.3,12.0,23.6
"Kiowa, CO",38.4,3.1,9.0
"Kit Carson, CO",54.9,5.6,15.1
"La Plata, CO",70.6,11.7,20.7
"Lake, CO",67.1,13.1,23.6
"Larimer, CO",68.4,8.2,18.4
"Las Animas, CO",56.0,7.5,17.7
"Lincoln, CO",56.3,5.7,15.0
"Logan, CO",60.8,7.2,17.5
"Mesa, CO",61.2,9.4,17.9
"Mineral, CO",56.1,8.1,17.7
"Moffat, CO",63.2,11.5,21.1
"Montezuma, CO",58.4,9.8,17.5
"Montrose, CO",61.6,10.1,18.6
"Morgan, CO",54.4,6.7,16.3
"Otero, CO",52.0,6.2,16.8
"Ouray, CO",73.1,13.7,21.6
"Park, CO",71.6,12.9,19.7
"Phillips, CO",51.2,6.0,13.9
"Pitkin, CO",80.5,16.1,24.2
"Prowers, CO",53.6,7.0,16.4
"Pueblo, CO",57.5,7.3,17.0
"Rio Blanco, CO",62.0,10.3,20.0
"Rio Grande, CO",56.6,8.3,18.6
"Routt, CO",78.4,13.4,22.8
"Saguache, CO",51.9,7.6,16.4
"San Juan, CO",67.8,15.0,27.9
"San Miguel, CO",75.8,16.3,25.1
"Sedgwick, CO",52.9,6.8,15.4
"Summit, CO",79.8,15.6,25.2
"Teller, CO",67.6,10.2,18.3
"Washington, CO",62.5,7.6,16.8
"Yuma, CO",60.3,7.4,17.8
"Conn, CT",66.0,8.1,17.7
"Fairfield, CT",67.8,8.5,18.1
"Hartford, CT",64.8,7.2,16.9
"Litchfield, CT",68.9,9.9,19.5
"Middlesex, CT",69.7,9.7,19.2
"New Haven, CT",63.7,7.5,16.8
"New London, CT",66.7,9.2,18.3
"Tolland, CT",69.5,9.3,19.0
"Windham, CT",61.1,8.2,17.7
"D, DE",59.5,8.3,19.0
"Kent, DE",53.4,6.8,16.3
"New Castle, DE",61.9,8.7,19.8
"Sussex, DE",57.3,8.3,18.6
"Alachua, FL",58.0,9.6,17.2
"Baker, FL",39.2,6.4,14.1
"Bay, FL",52.5,9.4,18.4
"Bradford, FL",38.9,7.1,14.2
"Brevard, FL",58.8,10.8,19.9
"Broward, FL",56.0,7.2,15.8
"Calhoun, FL",38.5,6.8,14.0
"Charlotte, FL",61.3,10.8,19.6
"Citrus, FL",56.2,9.2,18.0
"Clay, FL",54.9,8.6,17.0
"Collier, FL",63.1,9.4,17.9
"Columbia, FL",43.7,7.1,14.7
"DeSoto, FL",42.9,7.4,14.9
"Dixie, FL",40.1,7.4,14.7
"Duval, FL",52.5,8.2,16.8
"Escambia, FL",49.6,8.9,15.8
"Flagler, FL",61.1,9.3,19.2
"Franklin, FL",55.5,15.2,22.1
"Gadsden, FL",40.4,6.5,13.0
"Gilchrist, FL",39.5,6.6,13.8
"Glades, FL",42.0,6.6,13.4
"Gulf, FL",44.5,9.1,16.8
"Hamilton, FL",36.8,6.6,13.2
"Hardee, FL",34.8,5.1,11.7
"Hendry, FL",40.5,5.9,14.3
"Hernando, FL",56.1,9.5,18.0
"Highlands, FL",49.6,7.8,15.3
"Hillsborough, FL",53.9,8.4,17.3
"Holmes, FL",36.9,7.1,14.2
"Indian River, FL",62.6,10.8,18.6
"Jackson, FL",38.7,6.4,13.0
"Jefferson, FL",43.3,8.1,14.4
"Lafayette, FL",36.5,6.1,12.2
"Lake, FL",56.5,8.4,16.4
"Lee, FL",60.8,9.6,18.1
"Leon, FL",57.4,9.1,17.2
"Levy, FL",43.0,7.2,14.3
"Liberty, FL",32.0,5.4,12.1
"Madison, FL",37.4,5.9,12.2
"Manatee, FL",58.9,9.5,18.5
"Marion, FL",53.9,7.7,16.3
"Martin, FL",64.7,10.5,18.9
"Miami-Dade, FL",50.6,5.8,15.0
"Monroe, FL",66.4,14.9,24.4
"Nassau, FL",52.4,8.5,16.1
"Okaloosa, FL",56.6,10.0,17.9
"Okeechobee, FL",44.5,7.4,15.1
"Orange, FL",54.4,8.2,16.6
"Osceola, FL",48.3,6.6,14.9
"Palm Beach, FL",59.3,8.2,16.6
"Pasco, FL",56.3,10.2,18.5
"Pinellas, FL",61.5,12.6,20.0
"Polk, FL",49.6,7.8,15.6
"Putnam, FL",42.1,7.1,15.1
"Santa Rosa, FL",54.6,9.0,16.1
"Sarasota, FL",65.2,11.6,19.8
"Seminole, FL",58.2,9.3,18.5
"St. Johns, FL",67.1,12.1,20.9
"St. Lucie, FL",55.5,8.8,17.1
"Sumter, FL",57.6,8.7,16.8
"Suwannee, FL",38.6,6.0,12.5
"Taylor, FL",39.7,6.7,13.1
"Union, FL",37.3,6.7,14.0
"Volusia, FL",57.0,9.6,19.0
"Wakulla, FL",50.3,8.8,17.0
"Walton, FL",53.5,10.1,17.5
"Washington, FL",35.2,5.7,11.9
"Appling, GA",29.7,4.8,11.2
"Atkinson, GA",29.9,4.9,12.1
"Bacon, GA",29.4,4.6,10.9
"Baker, GA",38.3,7.0,13.4
"Baldwin, GA",44.4,6.4,14.2
"Banks, GA",33.1,4.5,10.2
"Barrow, GA",46.5,5.8,14.2
"Bartow, GA",41.7,5.6,13.8
"Ben Hill, GA",33.2,5.2,11.7
"Berrien, GA",39.8,6.8,15.0
"Bibb, GA",44.5,6.0,13.6
"Bleckley, GA",32.8,4.7,11.4
"Brantley, GA",32.8,5.6,12.2
"Brooks, GA",39.1,5.7,12.0
"Bryan, GA",52.1,7.7,16.7
"Bulloch, GA",45.3,6.5,14.6
"Burke, GA",34.0,4.5,11.5
"Butts, GA",37.3,4.7,11.7
"Calhoun, GA",30.3,5.0,10.6
"Camden, GA",49.4,7.0,14.9
"Candler, GA",39.2,6.5,14.8
"Carroll, GA",41.8,5.9,13.4
"Catoosa, GA",38.9,5.8,14.1
"Charlton, GA",37.6,6.5,13.7
"Chatham, GA",55.0,8.9,17.7
"Chattahoochee, GA",44.3,5.0,13.3
"Chattooga, GA",31.8,4.6,11.8
"Cherokee, GA",54.7,6.5,15.2
"Clarke, GA",53.2,8.9,16.3
"Clay, GA",32.2,5.5,11.2
"Clayton, GA",43.7,4.6,11.8
"Clinch, GA",35.9,5.6,12.2
"Cobb, GA",59.6,6.8,15.8
"Coffee, GA",33.1,5.2,12.3
"Colquitt, GA",34.9,5.5,12.2
"Columbia, GA",55.8,6.9,15.8
"Cook, GA",35.8,5.4,12.1
"Coweta, GA",48.3,5.7,13.8
"Crawford, GA",41.2,6.0,13.7
"Crisp, GA",38.4,6.0,13.5
"Dade, GA",38.6,5.8,13.3
"Dawson, GA",44.4,6.1,13.7
"Decatur, GA",38.0,5.9,12.7
"DeKalb, GA",57.2,6.4,15.7
"Dodge, GA",29.8,4.6,10.2
"Dooly, GA",32.8,5.1,11.4
"Dougherty, GA",44.2,6.6,13.5
"Douglas, GA",46.4,5.7,13.3
"Early, GA",38.1,6.7,13.2
"Echols, GA",34.6,5.7,11.9
"Effingham, GA",44.5,6.4,14.9
"Elbert, GA",37.7,5.1,12.2
"Emanuel, GA",35.6,5.4,12.7
"Evans, GA",38.9,6.2,14.1
"Fannin, GA",35.8,4.7,10.7
"Fayette, GA",57.1,6.4,14.5
"Floyd, GA",38.7,5.3,12.7
"Forsyth, GA",59.0,7.1,16.1
"Franklin, GA",35.6,5.7,12.1
"Fulton, GA",60.5,8.6,17.3
"Gilmer, GA",40.6,5.7,13.1
"Glascock, GA",33.8,4.4,10.8
"Glynn, GA",53.8,8.9,17.7
"Gordon, GA",37.5,4.7,12.4
"Grady, GA",36.6,5.8,12.2
"Greene, GA",45.9,6.9,14.3
"Gwinnett, GA",54.5,5.8,14.0
"Habersham, GA",38.9,4.8,11.4
"Hall, GA",45.3,5.4,13.1
"Hancock, GA",33.0,4.6,11.5
"Haralson, GA",34.0,5.2,12.3
"Harris, GA",46.7,6.5,14.0
"Hart, GA",37.7,4.9,11.6
"Heard, GA",34.4,5.2,12.2
"Henry, GA",47.0,5.3,13.2
"Houston, GA",48.2,6.9,15.3
"Irwin, GA",33.8,5.3,11.9
"Jackson, GA",44.1,5.2,12.7
"Jasper, GA",41.6,6.2,14.0
"Jeff Davis, GA",28.8,3.9,10.3
"Jefferson, GA",35.0,5.2,12.3
"Jenkins, GA",31.5,4.4,11.7
"Johnson, GA",31.5,5.0,11.7
"Jones, GA",42.2,5.3,12.4
"Lamar, GA",37.6,5.3,12.3
"Lanier, GA",38.4,6.3,13.5
"Laurens, GA",36.8,5.6,12.6
"Lee, GA",46.4,6.5,14.3
"Liberty, GA",45.4,6.2,15.0
"Lincoln, GA",37.6,5.2,11.7
"Long, GA",35.4,5.1,12.3
"Lowndes, GA",45.9,7.3,14.8
"Lumpkin, GA",47.0,6.2,13.9
"Macon, GA",37.4,5.8,13.3
"Madison, GA",37.6,5.3,12.0
"Marion, GA",36.5,6.0,13.0
"McDuffie, GA",38.7,5.3,12.9
"McIntosh, GA",43.5,7.2,16.5
"Meriwether, GA",39.0,5.7,13.3
"Miller, GA",39.0,7.4,13.3
"Mitchell, GA",34.4,5.5,11.9
"Monroe, GA",43.4,5.8,13.0
"Montgomery, GA",32.6,5.2,11.5
"Morgan, GA",46.5,7.1,14.5
"Murray, GA",32.7,4.7,12.0
"Muscogee, GA",48.9,7.9,15.6
"Newton, GA",44.5,5.6,13.6
"Oconee, GA",54.1,6.5,13.9
"Oglethorpe, GA",39.9,5.3,12.2
"Paulding, GA",46.8,5.8,14.3
"Peach, GA",42.2,5.7,13.2
"Pickens, GA",49.9,7.0,15.1
"Pierce, GA",32.0,5.4,12.1
"Pike, GA",38.7,5.4,12.6
"Polk, GA",34.5,4.8,11.8
"Pulaski, GA",37.4,6.5,13.7
"Putnam, GA",45.1,5.6,13.4
"Quitman, GA",34.1,4.9,11.4
"Rabun, GA",47.3,6.8,13.7
"Randolph, GA",33.9,4.8,11.1
"Richmond, GA",47.5,6.5,14.5
"Rockdale, GA",47.3,5.6,13.8
"Schley, GA",40.1,7.0,14.6
"Screven, GA",39.6,6.0,13.8
"Seminole, GA",41.2,8.1,15.3
"Spalding, GA",41.6,5.9,13.4
"Stephens, GA",37.0,5.0,11.3
"Stewart, GA",33.1,4.8,11.7
"Sumter, GA",37.5,5.6,12.3
"Talbot, GA",35.9,5.4,11.6
"Taliaferro, GA",30.1,4.1,10.0
"Tattnall, GA",35.0,5.5,12.8
"Taylor, GA",30.9,4.6,10.7
"Telfair, GA",32.1,5.5,12.9
"Terrell, GA",35.0,5.5,11.8
"Thomas, GA",42.1,6.8,13.5
"Tift, GA",36.6,5.3,11.9
"Toombs, GA",33.7,5.0,11.6
"Towns, GA",44.3,6.2,12.8
"Treutlen, GA",32.3,4.5,11.2
"Troup, GA",43.9,6.2,14.4
"Turner, GA",29.8,4.6,10.6
"Twiggs, GA",29.4,4.5,10.7
"Union, GA",42.0,5.1,11.0
"Upson, GA",34.8,4.7,11.6
"Walker, GA",34.0,4.7,11.8
"Walton, GA",43.3,5.6,12.9
"Ware, GA",36.5,5.9,12.7
"Warren, GA",29.5,4.2,10.6
"Washington, GA",37.8,5.4,12.8
"Wayne, GA",33.8,5.4,12.4
"Webster, GA",33.5,5.0,11.2
"Wheeler, GA",28.8,5.0,10.9
"White, GA",47.8,6.9,14.2
"Whitfield, GA",36.2,4.8,13.2
"Wilcox, GA",26.9,4.4,9.8
"Wilkes, GA",39.6,5.6,13.2
"Wilkinson, GA",34.1,4.8,11.4
"Worth, GA",35.7,5.7,12.3
"Hawaii, HI",55.3,11.5,20.6
"Honolulu, HI",49.9,8.8,19.3
"Kalawao County, Maui, HI",55.4,12.4,22.0
"Kauai, HI",53.7,11.1,19.7
"Ada, ID",61.5,7.8,16.8
"Adams, ID",65.1,11.7,20.4
"Bannock, ID",40.4,5.9,13.7
"Bear Lake, ID",20.1,3.5,7.5
"Benewah, ID",62.0,11.3,21.3
"Bingham, ID",29.7,4.7,11.0
"Blaine, ID",69.8,12.3,22.0
"Boise, ID",61.3,10.3,18.4
"Bonner, ID",65.8,12.1,20.3
"Bonneville, ID",38.1,5.2,10.8
"Boundary, ID",59.9,9.6,18.4
"Butte, ID",33.0,5.6,12.1
"Camas, ID",59.4,10.7,18.2
"Canyon, ID",49.4,7.4,15.1
"Caribou, ID",26.6,4.5,9.7
"Cassia, ID",28.8,4.9,11.7
"Clark, ID",41.1,6.7,15.1
"Clearwater, ID",61.2,11.3,21.3
"Custer, ID",51.6,8.9,16.5
"Elmore, ID",55.2,9.1,18.7
"Franklin, ID",18.7,3.5,7.5
"Fremont, ID",26.8,4.2,9.2
"Gem, ID",52.9,7.9,15.9
"Gooding, ID",46.6,8.1,17.5
"Idaho, ID",60.1,10.3,20.5
"Jefferson, ID",23.9,4.1,8.7
"Jerome, ID",48.8,8.1,18.0
"Kootenai, ID",62.5,9.1,17.2
"Latah, ID",63.9,8.9,19.7
"Lemhi, ID",54.8,9.3,18.4
"Lewis, ID",54.9,8.6,19.1
"Lincoln, ID",47.9,8.5,16.7
"Madison, ID",11.3,2.3,5.5
"Minidoka, ID",37.6,5.7,13.9
"Nez Perce, ID",61.1,9.9,20.9
"Oneida, ID",21.1,4.6,9.4
"Owyhee, ID",48.9,9.5,19.6
"Payette, ID",52.0,8.0,16.8
"Power, ID",38.7,5.4,13.8
"Shoshone, ID",63.2,14.5,25.2
"Teton, ID",48.5,7.4,14.1
"Twin Falls, ID",50.1,7.4,16.8
"Valley, ID",68.2,12.3,20.9
"Washington, ID",52.7,9.2,18.7
"Adams, IL",57.3,9.6,21.6
"Alexander, IL",39.8,6.6,16.8
"Bond, IL",53.0,8.4,18.7
"Boone, IL",62.9,8.9,20.7
"Brown, IL",56.6,10.2,22.3
"Bureau, IL",57.5,9.4,21.4
"Calhoun, IL",63.8,15.7,31.4
"Carroll, IL",59.6,10.4,22.9
"Cass, IL",53.6,7.8,20.9
"Champaign, IL",61.0,9.0,19.1
"Christian, IL",53.4,9.3,20.9
"Clark, IL",46.2,6.3,16.2
"Clay, IL",47.6,7.2,18.2
"Clinton, IL",67.4,15.3,29.6
"Coles, IL",54.1,8.7,19.4
"Cook, IL",63.9,9.5,21.5
"Crawford, IL",48.0,6.8,17.1
"Cumberland, IL",47.5,7.4,17.5
"De Witt, IL",53.9,8.4,19.3
"DeKalb, IL",64.7,8.9,20.7
"Douglas, IL",50.8,7.8,19.5
"DuPage, IL",70.3,9.6,22.0
"Edgar, IL",49.7,7.7,18.5
"Edwards, IL",42.2,5.8,15.3
"Effingham, IL",58.3,8.2,21.3
"Fayette, IL",46.3,6.2,16.3
"Ford, IL",55.5,8.0,19.9
"Franklin, IL",46.7,7.4,17.6
"Fulton, IL",49.9,9.2,20.2
"Gallatin, IL",46.5,8.2,19.5
"Greene, IL",51.0,9.5,21.3
"Grundy, IL",60.8,10.0,22.4
"Hamilton, IL",47.1,5.8,15.9
"Hancock, IL",49.4,11.8,22.1
"Hardin, IL",43.0,7.3,17.7
"Henderson, IL",53.4,10.6,22.6
"Henry, IL",58.9,8.7,20.4
"Iroquois, IL",53.3,7.5,18.6
"Jackson, IL",52.3,8.1,18.5
"Jasper, IL",55.8,9.5,21.7
"Jefferson, IL",44.6,6.2,15.6
"Jersey, IL",60.4,10.8,24.9
"Jo Daviess, IL",71.0,13.6,29.1
"Johnson, IL",41.5,6.8,15.3
"Kane, IL",66.9,8.1,20.7
"Kankakee, IL",57.9,8.6,20.4
"Kendall, IL",66.1,8.8,20.3
"Knox, IL",55.2,9.4,20.8
"Lake, IL",68.1,9.5,20.1
"LaSalle, IL",62.7,11.2,24.7
"Lawrence, IL",43.6,5.4,15.4
"Lee, IL",61.2,10.6,23.5
"Livingston, IL",54.3,8.7,20.8
"Logan, IL",53.5,8.5,19.5
"Macon, IL",55.3,8.2,19.4
"Macoupin, IL",54.6,9.9,22.0
"Madison, IL",58.6,9.6,21.7
"Marion, IL",47.3,6.9,17.3
"Marshall, IL",57.8,10.3,23.0
"Mason, IL",51.5,9.3,20.8
"Massac, IL",44.3,6.4,16.1
"McDonough, IL",53.7,8.6,18.8
"McHenry, IL",70.1,10.1,22.2
"McLean, IL",59.8,8.3,19.2
"Menard, IL",55.6,8.9,20.0
"Mercer, IL",55.6,9.9,21.6
"Monroe, IL",64.5,10.6,23.2
"Montgomery, IL",49.0,8.7,19.2
"Morgan, IL",52.7,9.2,20.3
"Moultrie, IL",50.1,6.9,17.3
"Ogle, IL",60.3,9.4,21.3
"Peoria, IL",58.6,9.1,20.2
"Perry, IL",48.1,7.6,18.1
"Piatt, IL",55.4,9.0,20.0
"Pike, IL",47.7,8.1,18.3
"Pope, IL",41.0,7.1,15.8
"Pulaski, IL",34.9,5.5,14.0
"Putnam, IL",61.2,12.7,25.3
"Randolph, IL",53.6,8.5,20.2
"Richland, IL",47.5,7.2,17.8
"Rock Island, IL",59.5,9.3,20.8
"Saline, IL",42.5,5.5,15.1
"Sangamon, IL",60.0,9.0,20.9
"Schuyler, IL",51.4,7.3,18.1
"Scott, IL",48.9,8.4,19.8
"Shelby, IL",51.0,8.1,18.9
"St. Clair, IL",57.0,9.2,20.7
"Stark, IL",53.2,9.3,20.1
"Stephenson, IL",59.2,8.3,19.9
"Tazewell, IL",58.2,8.9,20.0
"Union, IL",43.1,6.3,16.0
"Vermilion, IL",50.1,7.2,17.5
"Wabash, IL",50.2,6.8,18.1
"Warren, IL",54.6,8.0,19.4
"Washington, IL",58.7,10.8,23.9
"Wayne, IL",44.5,5.4,14.7
"White, IL",46.0,6.4,16.2
"Whiteside, IL",57.3,8.9,21.4
"Will, IL",65.8,8.9,21.7
"Williamson, IL",48.4,7.1,17.1
"Winnebago, IL",62.0,8.8,20.5
"Woodford, IL",58.9,8.2,19.1
"Adams, IN",45.6,5.6,15.0
"Allen, IN",58.3,7.0,17.5
"Bartholomew, IN",53.0,7.0,16.5
"Benton, IN",52.0,7.4,20.0
"Blackford, IN",46.8,6.7,16.6
"Boone, IN",57.0,6.8,16.9
"Brown, IN",51.1,7.3,16.7
"Carroll, IN",49.8,7.4,17.7
"Cass, IN",47.4,7.0,17.5
"Clark, IN",51.7,6.7,16.8
"Clay, IN",45.0,6.6,16.2
"Clinton, IN",49.4,6.8,17.5
"Crawford, IN",37.3,7.2,15.2
"Daviess, IN",46.6,5.8,16.4
"Dearborn, IN",57.5,8.8,19.3
"Decatur, IN",51.6,7.9,18.9
"DeKalb, IN",53.2,7.5,17.9
"Delaware, IN",48.4,6.8,15.4
"Dubois, IN",60.8,10.2,24.1
"Elkhart, IN",50.9,6.0,14.9
"Fayette, IN",43.0,7.1,16.1
"Floyd, IN",50.9,7.3,17.5
"Fountain, IN",47.7,7.3,17.3
"Franklin, IN",54.0,8.3,19.0
"Fulton, IN",49.1,7.6,17.8
"Gibson, IN",51.3,8.4,19.1
"Grant, IN",44.3,6.7,15.4
"Greene, IN",44.0,6.6,16.6
"Hamilton, IN",64.8,7.1,17.5
"Hancock, IN",54.8,7.0,16.1
"Harrison, IN",49.0,7.5,17.3
"Hendricks, IN",54.9,6.8,16.6
"Henry, IN",44.8,6.3,14.9
"Howard, IN",48.9,6.5,16.2
"Huntington, IN",50.4,8.2,18.9
"Jackson, IN",47.3,5.5,15.1
"Jasper, IN",53.2,7.8,18.3
"Jay, IN",46.2,6.7,16.2
"Jefferson, IN",50.0,6.7,17.0
"Jennings, IN",44.7,7.2,16.2
"Johnson, IN",53.9,6.8,16.2
"Knox, IN",49.8,7.8,18.9
"Kosciusko, IN",52.3,6.7,16.2
"LaGrange, IN",43.2,4.7,13.6
"Lake, IN",56.0,6.6,17.7
"LaPorte, IN",58.3,8.5,19.5
"Lawrence, IN",43.2,6.6,15.3
"Madison, IN",48.7,6.6,15.8
"Marion, IN",56.0,7.0,16.9
"Marshall, IN",49.4,6.8,16.4
"Martin, IN",50.5,7.4,18.7
"Miami, IN",43.6,7.2,16.2
"Monroe, IN",57.3,8.3,17.4
"Montgomery, IN",48.8,7.2,17.8
"Morgan, IN",48.1,6.8,16.2
"Newton, IN",53.7,8.8,19.9
"Noble, IN",48.2,6.8,16.5
"Ohio, IN",48.7,6.9,16.8
"Orange, IN",43.7,5.8,15.4
"Owen, IN",44.7,7.6,17.1
"Parke, IN",43.7,6.8,16.4
"Perry, IN",53.2,9.3,20.7
"Pike, IN",45.1,6.6,16.5
"Porter, IN",61.5,8.3,19.0
"Posey, IN",52.5,8.8,20.3
"Pulaski, IN",50.0,6.9,16.8
"Putnam, IN",46.2,6.9,15.9
"Randolph, IN",43.7,6.2,15.3
"Ripley, IN",53.0,9.5,21.0
"Rush, IN",47.7,7.0,16.4
"Scott, IN",43.6,6.0,15.2
"Shelby, IN",49.9,8.6,18.0
"Spencer, IN",52.0,7.5,19.0
"St. Joseph, IN",59.7,8.6,19.9
"Starke, IN",49.9,8.3,18.9
"Steuben, IN",54.5,7.9,17.8
"Sullivan, IN",44.0,6.6,16.4
"Switzerland, IN",47.0,7.4,17.6
"Tippecanoe, IN",55.8,7.9,17.7
"Tipton, IN",49.5,7.0,16.5
"Union, IN",47.7,6.2,16.0
"Vanderburgh, IN",52.9,7.2,18.5
"Vermillion, IN",45.5,9.5,19.5
"Vigo, IN",50.7,7.4,17.4
"Wabash, IN",47.8,6.6,16.1
"Warren, IN",46.4,6.3,16.1
"Warrick, IN",54.8,7.5,18.0
"Washington, IN",43.3,6.1,15.2
"Wayne, IN",46.6,6.9,16.0
"Wells, IN",49.8,6.0,15.1
"White, IN",49.9,6.4,16.7
"Whitley, IN",51.7,7.6,17.0
"Adair, IA",56.6,8.3,20.5
"Adams, IA",55.9,9.4,22.4
"Allamakee, IA",64.8,9.9,26.3
"Appanoose, IA",50.3,8.2,19.7
"Audubon, IA",57.6,8.1,21.8
"Benton, IA",62.6,9.8,23.4
"Black Hawk, IA",63.5,10.3,24.0
"Boone, IA",59.9,9.1,22.9
"Bremer, IA",66.2,9.2,24.3
"Buchanan, IA",64.7,10.5,25.5
"Buena Vista, IA",56.4,7.2,19.3
"Butler, IA",59.5,8.7,23.2
"Calhoun, IA",58.9,8.5,22.1
"Carroll, IA",66.9,11.1,25.6
"Cass, IA",57.2,8.3,20.8
"Cedar, IA",63.3,10.5,25.1
"Cerro Gordo, IA",63.7,8.7,23.0
"Cherokee, IA",62.6,8.6,22.7
"Chickasaw, IA",64.5,10.0,25.6
"Clarke, IA",51.5,8.2,19.8
"Clay, IA",62.4,8.1,21.8
"Clayton, IA",63.5,10.6,27.3
"Clinton, IA",65.3,11.8,28.0
"Crawford, IA",56.8,8.2,20.5
"Dallas, IA",63.9,8.1,21.4
"Davis, IA",47.9,7.3,18.2
"Decatur, IA",48.1,8.3,18.3
"Delaware, IA",66.0,12.2,27.4
"Des Moines, IA",55.6,9.2,22.4
"Dickinson, IA",68.8,10.3,27.0
"Dubuque, IA",71.0,12.3,29.5
"Emmet, IA",61.6,7.8,22.0
"Fayette, IA",62.0,9.6,25.4
"Floyd, IA",61.2,9.0,23.3
"Franklin, IA",58.0,8.0,21.6
"Fremont, IA",58.5,9.9,24.4
"Greene, IA",59.6,8.1,21.5
"Grundy, IA",61.7,9.2,23.4
"Guthrie, IA",58.2,8.9,21.6
"Hamilton, IA",59.5,8.4,22.0
"Hancock, IA",58.8,8.0,21.3
"Hardin, IA",60.6,8.1,21.4
"Harrison, IA",57.3,9.0,21.3
"Henry, IA",54.5,8.8,21.8
"Howard, IA",66.2,10.6,26.3
"Humboldt, IA",62.9,8.7,23.6
"Ida, IA",58.4,7.5,20.9
"Iowa, IA",60.5,9.5,22.2
"Jackson, IA",65.6,12.0,27.6
"Jasper, IA",54.7,8.8,21.5
"Jefferson, IA",52.7,8.0,18.8
"Johnson, IA",68.0,10.6,22.0
"Jones, IA",63.4,10.8,25.3
"Keokuk, IA",54.5,9.4,21.7
"Kossuth, IA",62.5,9.5,23.3
"Lee, IA",57.9,10.1,24.3
"Linn, IA",65.4,9.4,22.7
"Louisa, IA",52.6,8.9,21.1
"Lucas, IA",55.0,9.1,21.1
"Lyon, IA",60.0,7.7,21.1
"Madison, IA",57.6,8.8,21.4
"Mahaska, IA",54.9,8.1,19.4
"Marion, IA",58.8,8.1,20.5
"Marshall, IA",57.4,8.6,22.1
"Mills, IA",56.6,8.5,20.0
"Mitchell, IA",64.0,9.0,22.8
"Monona, IA",59.1,9.3,24.1
"Monroe, IA",59.1,10.2,24.5
"Montgomery, IA",57.7,8.1,22.3
"Muscatine, IA",59.9,9.2,22.5
"O'Brien, IA",61.7,7.6,20.9
"Osceola, IA",60.7,7.6,21.4
"Page, IA",55.0,7.6,19.3
"Palo Alto, IA",61.0,8.7,22.2
"Plymouth, IA",65.3,9.7,24.9
"Pocahontas, IA",61.7,10.0,24.9
"Polk, IA",64.2,8.8,22.0
"Pottawattamie, IA",59.0,9.5,22.9
"Poweshiek, IA",61.2,9.9,23.4
"Ringgold, IA",54.5,8.3,20.9
"Sac, IA",60.6,9.3,23.0
"Scott, IA",67.8,11.6,25.5
"Shelby, IA",64.2,10.0,24.3
"Sioux, IA",60.4,6.4,18.4
"Story, IA",63.9,8.6,20.4
"Tama, IA",59.5,9.8,24.0
"Taylor, IA",51.1,8.3,20.1
"Union, IA",57.9,9.0,22.5
"Van Buren, IA",51.3,9.0,20.8
"Wapello, IA",50.7,8.4,20.0
"Warren, IA",63.0,9.2,22.1
"Washington, IA",57.7,9.1,21.3
"Wayne, IA",50.8,8.6,20.3
"Webster, IA",60.0,9.3,23.5
"Winnebago, IA",61.6,8.2,23.7
"Winneshiek, IA",71.2,11.1,29.1
"Woodbury, IA",58.7,8.3,21.1
"Worth, IA",59.0,7.8,22.2
"Wright, IA",61.8,9.1,25.0
"Allen, KS",45.6,6.7,16.3
"Anderson, KS",49.2,6.8,16.1
"Atchison, KS",54.0,7.4,18.7
"Barber, KS",49.7,6.7,16.1
"Barton, KS",49.7,6.7,17.2
"Bourbon, KS",47.4,6.6,16.1
"Brown, KS",51.3,8.2,20.0
"Butler, KS",51.5,6.0,15.1
"Chase, KS",47.6,6.2,14.3
"Chautauqua, KS",42.3,6.3,14.8
"Cherokee, KS",45.4,7.4,16.8
"Cheyenne, KS",50.5,6.9,18.1
"Clark, KS",45.6,6.3,15.2
"Clay, KS",55.9,6.8,18.7
"Cloud, KS",54.3,7.8,19.4
"Coffey, KS",50.6,6.5,16.6
"Comanche, KS",49.7,7.2,18.8
"Cowley, KS",44.9,5.8,13.5
"Crawford, KS",50.5,7.1,16.9
"Decatur, KS",53.0,7.2,19.2
"Dickinson, KS",52.1,6.8,17.7
"Doniphan, KS",51.4,7.6,19.0
"Douglas, KS",61.1,8.0,19.4
"Edwards, KS",51.1,7.8,18.6
"Elk, KS",44.1,6.7,16.2
"Ellis, KS",58.7,8.5,20.8
"Ellsworth, KS",52.2,7.1,17.1
"Finney, KS",45.3,6.2,15.6
"Ford, KS",45.6,5.9,15.3
"Franklin, KS",51.6,6.8,17.6
"Geary, KS",52.3,6.9,15.2
"Gove, KS",51.5,7.8,18.4
"Graham, KS",54.0,8.4,20.0
"Grant, KS",46.6,5.9,15.3
"Gray, KS",43.6,5.6,14.2
"Greeley, KS",50.5,7.4,19.2
"Greenwood, KS",47.5,6.3,15.8
"Hamilton, KS",46.1,6.9,17.4
"Harper, KS",47.1,6.8,16.0
"Harvey, KS",48.2,5.3,14.6
"Haskell, KS",42.0,5.8,14.3
"Hodgeman, KS",47.7,6.1,15.5
"Jackson, KS",51.1,7.3,17.7
"Jefferson, KS",54.7,8.1,19.6
"Jewell, KS",52.3,7.1,18.6
"Johnson, KS",64.8,7.1,18.2
"Kearny, KS",44.7,6.4,16.1
"Kingman, KS",52.0,6.6,16.4
"Kiowa, KS",48.8,6.3,16.3
"Labette, KS",44.5,6.3,15.3
"Lane, KS",53.7,7.2,19.7
"Leavenworth, KS",55.6,7.2,16.9
"Lincoln, KS",47.8,6.3,15.4
"Linn, KS",45.0,6.8,16.3
"Logan, KS",50.3,6.4,16.0
"Lyon, KS",50.4,6.7,16.6
"Marion, KS",47.0,5.4,13.9
"Marshall, KS",56.5,8.1,20.0
"McPherson, KS",48.6,5.4,15.0
"Meade, KS",47.0,6.0,15.7
"Miami, KS",54.0,7.3,17.9
"Mitchell, KS",57.1,7.5,18.5
"Montgomery, KS",44.7,6.5,15.1
"Morris, KS",49.7,7.0,17.6
"Morton, KS",46.5,6.7,16.3
"Nemaha, KS",59.0,8.8,20.3
"Neosho, KS",47.6,7.1,17.2
"Ness, KS",55.1,8.4,20.4
"Norton, KS",53.0,6.8,17.2
"Osage, KS",49.5,6.5,16.8
"Osborne, KS",48.8,6.7,16.3
"Ottawa, KS",50.5,7.1,17.9
"Pawnee, KS",50.9,6.7,17.1
"Phillips, KS",51.5,6.6,18.1
"Pottawatomie, KS",56.7,7.1,17.7
"Pratt, KS",52.0,6.5,17.3
"Rawlins, KS",54.9,8.5,21.2
"Reno, KS",48.1,5.8,15.0
"Republic, KS",57.2,8.7,21.4
"Rice, KS",48.8,6.0,16.1
"Riley, KS",57.2,7.1,17.5
"Rooks, KS",53.0,7.7,19.2
"Rush, KS",51.8,7.7,20.4
"Russell, KS",54.1,6.9,18.7
"Saline, KS",51.7,6.1,16.5
"Scott, KS",52.4,6.0,16.3
"Sedgwick, KS",52.0,5.8,14.8
"Seward, KS",42.6,5.9,15.0
"Shawnee, KS",53.5,6.3,16.7
"Sheridan, KS",54.9,8.1,19.6
"Sherman, KS",54.1,6.9,18.5
"Smith, KS",49.9,6.2,16.8
"Stafford, KS",44.8,6.1,15.4
"Stanton, KS",41.8,6.0,15.8
"Stevens, KS",46.2,5.4,14.4
"Sumner, KS",50.6,6.9,16.7
"Thomas, KS",55.0,7.6,19.2
"Trego, KS",53.5,7.9,18.7
"Wabaunsee, KS",51.7,6.9,16.9
"Wallace, KS",47.4,6.6,17.1
"Washington, KS",58.0,8.3,20.7
"Wichita, KS",46.8,6.6,16.3
"Wilson, KS",43.1,6.5,16.1
"Woodson, KS",44.4,7.1,16.0
"Wyandotte, KS",47.2,6.8,16.4
"Adair, KY",30.0,5.0,10.5
"Allen, KY",30.9,4.7,10.8
"Anderson, KY",42.1,5.5,13.0
"Ballard, KY",28.7,3.7,9.1
"Barren, KY",32.4,4.1,10.1
"Bath, KY",27.5,4.5,9.1
"Bell, KY",22.0,3.5,9.0
"Boone, KY",56.9,8.4,18.0
"Bourbon, KY",40.8,6.3,13.1
"Boyd, KY",34.9,5.5,12.3
"Boyle, KY",38.8,4.5,11.9
"Bracken, KY",38.2,7.1,15.8
"Breathitt, KY",23.9,5.2,10.5
"Breckinridge, KY",32.0,5.4,11.8
"Bullitt, KY",42.8,5.6,13.1
"Butler, KY",24.1,3.3,8.4
"Caldwell, KY",28.5,3.3,8.8
"Calloway, KY",38.0,4.9,11.3
"Campbell, KY",61.5,11.2,25.1
"Carlisle, KY",30.1,4.3,9.7
"Carroll, KY",40.6,5.5,13.9
"Carter, KY",27.3,4.4,10.1
"Casey, KY",28.1,5.0,10.1
"Christian, KY",37.2,5.0,12.1
"Clark, KY",39.0,5.3,11.9
"Clay, KY",19.9,3.8,8.9
"Clinton, KY",26.9,5.0,10.5
"Crittenden, KY",30.0,4.0,10.0
"Cumberland, KY",29.9,5.5,11.3
"Daviess, KY",44.0,6.8,15.5
"Edmonson, KY",28.8,4.5,10.0
"Elliott, KY",26.3,5.3,10.8
"Estill, KY",26.4,4.4,10.1
"Fayette, KY",54.3,8.0,16.6
"Fleming, KY",31.6,5.4,11.1
"Floyd, KY",24.8,4.7,9.9
"Franklin, KY",48.1,6.7,14.6
"Fulton, KY",34.3,6.1,13.0
"Gallatin, KY",34.5,5.5,11.7
"Garrard, KY",32.2,4.5,10.4
"Grant, KY",34.2,4.4,10.4
"Graves, KY",29.6,4.0,10.3
"Grayson, KY",30.0,4.4,10.8
"Green, KY",24.7,3.3,8.5
"Greenup, KY",32.7,4.7,10.9
"Hancock, KY",30.0,4.0,9.9
"Hardin, KY",40.0,4.6,11.5
"Harlan, KY",22.8,4.0,9.5
"Harrison, KY",39.0,6.3,13.1
"Hart, KY",28.4,4.2,10.0
"Henderson, KY",40.4,6.0,13.3
"Henry, KY",37.0,5.6,11.7
"Hickman, KY",26.1,3.6,9.3
"Hopkins, KY",33.7,5.2,11.5
"Jackson, KY",23.7,3.8,9.6
"Jefferson, KY",53.9,7.5,17.4
"Jessamine, KY",43.0,6.0,12.3
"Johnson, KY",26.2,4.5,9.9
"Kenton, KY",61.6,11.0,23.4
"Knott, KY",23.8,4.4,9.7
"Knox, KY",21.8,3.8,9.0
"Larue, KY",31.3,4.1,9.9
"Laurel, KY",27.5,3.9,9.8
"Lawrence, KY",25.0,4.4,9.8
"Lee, KY",23.8,4.7,9.6
"Leslie, KY",23.1,4.2,9.2
"Letcher, KY",23.0,4.3,9.2
"Lewis, KY",27.5,4.6,11.7
"Lincoln, KY",27.3,3.7,9.1
"Livingston, KY",31.2,4.8,10.2
"Logan, KY",30.8,4.1,10.5
"Lyon, KY",32.3,4.7,10.4
"Madison, KY",41.2,6.0,13.3
"Magoffin, KY",21.6,4.0,9.0
"Marion, KY",47.3,8.5,18.0
"Marshall, KY",36.2,5.1,11.4
"Martin, KY",21.3,4.3,8.9
"Mason, KY",42.4,7.7,16.7
"McCracken, KY",44.2,5.7,13.9
"McCreary, KY",24.5,3.9,9.1
"McLean, KY",28.8,4.5,10.1
"Meade, KY",40.3,5.1,13.4
"Menifee, KY",26.3,4.4,10.1
"Mercer, KY",34.8,4.2,10.1
"Metcalfe, KY",24.4,3.5,8.3
"Monroe, KY",25.2,4.0,8.9
"Montgomery, KY",36.0,6.0,12.8
"Morgan, KY",25.5,4.8,10.2
"Muhlenberg, KY",26.2,3.7,9.3
"Nelson, KY",49.7,7.7,18.1
"Nicholas, KY",33.5,6.0,12.1
"Ohio, KY",27.4,3.9,9.5
"Oldham, KY",54.2,6.9,14.5
"Owen, KY",31.5,4.2,9.6
"Owsley, KY",22.9,4.7,9.4
"Pendleton, KY",32.7,4.7,11.0
"Perry, KY",27.9,5.2,11.4
"Pike, KY",23.2,4.2,9.2
"Powell, KY",26.8,4.4,10.2
"Pulaski, KY",28.6,3.9,9.4
"Robertson, KY",30.3,6.1,11.2
"Rockcastle, KY",23.2,3.5,8.5
"Rowan, KY",34.3,5.8,12.2
"Russell, KY",28.6,4.6,10.0
"Scott, KY",44.5,5.7,12.4
"Shelby, KY",42.9,5.3,11.9
"Simpson, KY",35.1,4.5,11.8
"Spencer, KY",37.5,4.9,11.3
"Taylor, KY",32.9,4.6,10.8
"Todd, KY",25.1,3.3,8.5
"Trigg, KY",33.9,4.3,10.9
"Trimble, KY",34.5,4.5,10.3
"Union, KY",41.1,6.5,14.4
"Warren, KY",43.2,6.0,14.6
"Washington, KY",41.9,6.3,14.7
"Wayne, KY",23.7,3.2,8.5
"Webster, KY",30.0,4.9,10.4
"Whitley, KY",24.2,3.4,8.4
"Wolfe, KY",26.2,5.9,12.2
"Woodford, KY",49.3,7.2,14.9
"Acadia, LA",46.9,8.3,17.3
"Allen, LA",41.0,7.0,14.5
"Ascension, LA",54.3,9.4,18.3
"Assumption, LA",49.6,8.7,18.8
"Avoyelles, LA",46.0,8.1,17.2
"Beauregard, LA",40.5,5.6,12.7
"Bienville, LA",36.9,5.2,11.7
"Bossier, LA",45.9,6.4,14.1
"Caddo, LA",46.6,6.8,14.4
"Calcasieu, LA",48.4,8.0,16.5
"Caldwell, LA",34.3,5.5,11.8
"Cameron, LA",49.1,9.2,20.8
"Catahoula, LA",35.9,6.1,12.2
"Claiborne, LA",38.9,5.8,12.6
"Concordia, LA",39.9,6.0,12.7
"De Soto, LA",39.5,6.4,13.4
"East Baton Rouge, LA",55.0,6.5,14.9
"East Carroll, LA",33.5,5.1,11.5
"East Feliciana, LA",40.3,5.2,12.1
"Evangeline, LA",45.9,7.8,17.4
"Franklin, LA",30.9,4.8,11.3
"Grant, LA",35.8,5.9,12.4
"Iberia, LA",50.5,8.2,17.7
"Iberville, LA",43.3,6.5,14.8
"Jackson, LA",36.2,5.5,11.8
"Jefferson Davis, LA",48.7,8.5,18.7
"Jefferson, LA",55.5,8.2,18.7
"La Salle, LA",34.0,5.0,10.8
"Lafayette, LA",57.8,9.0,19.9
"Lafourche, LA",50.4,8.4,19.9
"Lincoln, LA",44.6,5.6,12.7
"Livingston, LA",45.4,6.3,14.0
"Madison, LA",42.1,7.8,15.3
"Morehouse, LA",36.6,5.8,12.1
"Natchitoches, LA",40.5,6.2,12.8
"Orleans, LA",60.2,9.2,21.3
"Ouachita, LA",43.9,6.0,12.7
"Plaquemines, LA",53.4,8.0,18.9
"Pointe Coupee, LA",52.1,9.0,19.4
"Rapides, LA",43.1,6.2,13.5
"Red River, LA",38.5,7.3,13.8
"Richland, LA",34.5,4.7,10.3
"Sabine, LA",35.0,6.0,12.6
"St. Bernard, LA",53.0,9.0,20.0
"St. Charles, LA",55.7,8.3,18.4
"St. Helena, LA",40.0,5.8,13.1
"St. James, LA",54.1,9.1,20.7
"St. John the Baptist, LA",51.4,7.9,16.2
"St. Landry, LA",50.5,8.8,18.6
"St. Martin, LA",51.3,10.1,20.2
"St. Mary, LA",49.1,8.6,19.0
"St. Tammany, LA",58.8,7.3,17.0
"Tangipahoa, LA",43.7,6.3,14.0
"Tensas, LA",36.4,5.9,12.5
"Terrebonne, LA",50.9,8.9,19.6
"Union, LA",33.5,5.4,11.5
"Vermilion, LA",53.1,9.4,20.8
"Vernon, LA",40.4,6.9,13.6
"Washington, LA",37.2,5.3,12.3
"Webster, LA",39.4,5.6,12.5
"West Baton Rouge, LA",50.4,8.7,18.6
"West Carroll, LA",30.2,4.5,11.3
"West Feliciana, LA",42.5,5.7,13.8
"Winn, LA",34.2,5.6,11.7
"Androscoggin, ME",59.9,8.6,17.9
"Aroostook, ME",54.6,8.3,17.2
"Cumberland, ME",69.0,10.8,19.9
"Franklin, ME",60.8,9.0,17.9
"Hancock, ME",64.0,10.9,17.8
"Kennebec, ME",61.2,9.0,16.8
"Knox, ME",63.0,10.2,16.9
"Lincoln, ME",65.4,11.0,17.3
#VALUE!,62.6,9.7,18.3
"Oxford, ME",60.4,10.0,18.1
"Penobscot, ME",57.5,8.5,16.9
"Piscataquis, ME",56.7,8.8,16.5
"Sagadahoc, ME",65.9,10.1,17.7
"Somerset, ME",55.4,9.1,17.4
"Waldo, ME",60.3,9.6,16.9
"Washington, ME",55.3,10.2,18.8
"York, ME",65.8,10.2,19.8
"Allegany, MD",49.5,7.5,16.8
"Anne Arundel, MD",64.1,7.2,18.6
"Baltimo, MD",56.9,8.3,19.5
"Baltimore, MD",61.0,7.2,17.2
"Calvert, MD",62.2,7.7,17.7
"Caroline, MD",50.9,6.1,15.7
"Carroll, MD",60.8,6.8,16.7
"Cecil, MD",55.3,8.0,18.3
"Charles, MD",56.7,6.8,15.7
"Dorchester, MD",49.7,6.2,15.2
"Frederick, MD",60.2,6.6,16.2
"Garrett, MD",44.7,6.3,13.7
"Harford, MD",61.5,6.9,17.4
"Howard, MD",67.8,7.3,16.4
"Kent, MD",62.0,9.6,19.2
"Montgomery, MD",65.0,6.1,14.6
"Prince George's, MD",52.9,5.0,13.2
"Queen Anne's, MD",65.6,10.1,21.1
"Somerset, MD",48.4,6.3,14.8
"St. Mary's, MD",60.0,7.4,18.2
"Talbot, MD",64.1,9.1,17.8
"Washington, MD",51.8,6.3,15.8
"Wicomico, MD",54.6,6.3,15.9
"Worcester, MD",63.9,9.9,20.7
"Barnstable, MA",72.9,11.8,21.4
"Berkshire, MA",67.7,11.5,21.7
"Bristol, MA",63.1,9.2,19.7
"Dukes, MA",70.8,15.6,23.4
"Essex, MA",65.8,9.0,20.1
"Franklin, MA",66.6,10.5,19.7
"Hampden, MA",60.5,8.5,19.6
"Hampshire, MA",69.3,10.1,20.3
"Middlesex, MA",68.2,9.1,19.2
"Nantucket, MA",72.6,16.6,23.8
"Norfolk, MA",70.5,9.7,20.3
"Plymouth, MA",66.6,10.1,20.1
"Suffolk, MA",61.2,10.3,20.2
"Worcester, MA",64.2,9.5,19.9
"Alcona, MI",59.2,11.9,24.2
"Alger, MI",61.5,12.4,25.1
"Allegan, MI",59.3,8.0,19.2
"Alpena, MI",63.0,11.0,23.8
"Antrim, MI",61.8,10.4,22.1
"Arenac, MI",58.9,10.3,23.5
"Baraga, MI",52.1,10.6,23.8
"Barry, MI",57.4,8.9,19.2
"Bay, MI",64.6,11.2,25.1
"Benzie, MI",60.4,9.6,20.6
"Berrien, MI",55.5,7.4,17.8
"Branch, MI",53.1,9.0,19.3
"Calhoun, MI",55.3,7.9,18.3
"Cass, MI",55.0,8.3,18.6
"Charlevoix, MI",64.5,10.0,22.4
"Cheboygan, MI",61.3,10.8,23.7
"Chippewa, MI",60.4,10.9,25.4
"Clare, MI",54.6,10.3,21.6
"Clinton, MI",63.7,9.5,21.4
"Crawford, MI",60.4,12.0,23.3
"Delta, MI",66.5,13.9,28.5
"Dickinson, MI",68.6,13.0,27.5
"Eaton, MI",57.6,7.6,18.2
"Emmet, MI",67.1,11.5,23.4
"Genesee, MI",53.7,8.2,18.6
"Gladwin, MI",56.4,10.2,21.4
"Gogebic, MI",64.4,12.3,26.0
"Grand Traverse, MI",66.9,9.4,22.2
"Gratiot, MI",54.7,8.3,19.1
"Hillsdale, MI",50.9,8.3,18.1
"Houghton, MI",65.0,12.3,25.7
"Huron, MI",59.5,10.5,23.7
"Ingham, MI",61.2,8.9,20.1
"Ionia, MI",56.0,9.5,20.6
"Iosco, MI",58.8,10.2,22.4
"Iron, MI",64.9,13.9,28.0
"Isabella, MI",58.4,9.3,20.9
"Jackson, MI",56.7,8.9,20.2
"Kalamazoo, MI",62.6,7.9,19.1
"Kalkaska, MI",58.0,11.2,22.5
"Kent, MI",63.4,7.7,19.0
"Keweenaw, MI",63.0,14.8,27.5
"Lake, MI",52.8,10.2,21.4
"Lapeer, MI",56.7,9.1,20.2
"Leelanau, MI",68.6,10.3,22.7
"Lenawee, MI",53.1,8.6,18.6
"Livingston, MI",66.0,9.8,21.2
"Luce, MI",55.8,10.2,21.9
"Mackinac, MI",65.1,11.9,28.1
"Macomb, MI",63.5,9.4,22.4
"Manistee, MI",61.4,10.8,23.6
"Marquette, MI",67.5,13.1,26.6
"Mason, MI",59.7,9.7,22.5
"Mecosta, MI",57.8,10.2,21.6
"Menominee, MI",65.4,13.0,27.0
"Midland, MI",61.5,9.0,20.4
"Missaukee, MI",54.5,8.3,19.6
"Monroe, MI",60.1,9.1,20.9
"Montcalm, MI",53.9,9.3,20.4
"Montmorency, MI",55.6,10.8,22.2
"Muskegon, MI",57.4,8.8,20.7
"Newaygo, MI",53.6,8.4,19.3
"Oakland, MI",64.9,8.4,19.1
"Oceana, MI",55.1,10.0,22.4
"Ogemaw, MI",56.4,11.1,22.6
"Ontonagon, MI",65.8,17.8,31.5
"Osceola, MI",53.4,8.5,19.8
"Oscoda, MI",54.8,9.9,21.4
"Otsego, MI",64.9,12.5,24.5
"Ottawa, MI",62.9,8.0,19.8
"Presque Isle, MI",62.5,12.4,25.9
"Roscommon, MI",59.3,10.7,23.0
"Saginaw, MI",58.3,8.5,20.9
"Sanilac, MI",55.4,9.8,22.1
"Schoolcraft, MI",62.7,12.9,27.2
"Shiawassee, MI",57.6,9.8,21.1
"St. Clair, MI",61.2,10.2,23.6
"St. Joseph, MI",53.6,8.5,19.1
"Tuscola, MI",52.7,8.5,19.9
"Van Buren, MI",55.8,8.5,19.4
"Washtenaw, MI",66.4,8.6,17.7
"Wayne, MI",56.4,7.3,18.2
"Wexford, MI",56.8,9.2,20.4
"Aitkin, MN",59.4,9.3,22.9
"Anoka, MN",65.9,8.5,21.3
"Becker, MN",62.3,9.1,22.7
"Beltrami, MN",59.4,9.1,21.7
"Benton, MN",64.9,9.1,22.1
"Big Stone, MN",61.4,8.7,22.4
"Blue Earth, MN",66.1,9.2,22.8
"Brown, MN",66.9,9.3,24.6
"Carlton, MN",63.3,10.1,24.2
"Carver, MN",71.4,8.6,21.9
"Cass, MN",59.1,9.1,21.4
"Chippewa, MN",63.3,7.4,22.8
"Chisago, MN",63.0,8.8,21.1
"Clay, MN",65.5,8.9,23.2
"Clearwater, MN",53.9,8.2,22.5
"Cook, MN",60.1,9.0,19.9
"Cottonwood, MN",60.1,7.7,20.8
"Crow Wing, MN",65.0,9.2,22.9
"Dakota, MN",69.0,8.6,21.3
"Dodge, MN",64.6,8.2,22.4
"Douglas, MN",67.1,8.2,21.4
"Faribault, MN",63.7,9.6,25.4
"Fillmore, MN",62.3,8.3,22.7
"Freeborn, MN",61.3,7.9,23.0
"Goodhue, MN",67.3,8.6,23.3
"Grant, MN",61.7,7.7,22.1
"Hennepin, MN",69.1,9.4,20.5
"Houston, MN",68.5,9.5,25.1
"Hubbard, MN",62.0,8.7,22.5
"Isanti, MN",61.6,8.9,22.0
"Itasca, MN",61.6,9.2,22.4
"Jackson, MN",61.0,7.7,20.0
"Kanabec, MN",55.6,8.0,20.7
"Kandiyohi, MN",60.9,6.3,18.5
"Kittson, MN",59.1,7.5,20.8
"Koochiching, MN",62.6,10.3,24.9
"Lac qui Parle, MN",62.0,7.7,22.0
"Lake, MN",63.8,9.4,23.3
"Lake of the Woods, MN",59.8,8.2,20.9
"Le Sueur, MN",64.2,9.3,23.7
"Lincoln, MN",61.2,8.7,22.4
"Lyon, MN",63.1,8.8,21.7
"Mahnomen, MN",54.4,11.7,24.4
"Marshall, MN",61.8,8.8,25.7
"Martin, MN",60.7,7.7,20.9
"McLeod, MN",64.2,7.2,19.2
"Meeker, MN",61.8,8.0,21.7
"Mille Lacs, MN",58.9,8.5,21.8
"Morrison, MN",66.4,11.5,27.5
"Mower, MN",63.7,8.9,23.4
"Murray, MN",62.4,9.1,23.3
"Nicollet, MN",68.8,8.8,22.4
"Nobles, MN",56.9,7.5,18.8
"Norman, MN",61.7,8.8,24.6
"Olmsted, MN",66.5,8.1,19.7
"Otter Tail, MN",63.6,8.5,22.1
"Pennington, MN",61.4,7.2,21.9
"Pine, MN",56.8,9.6,21.9
"Pipestone, MN",57.5,7.1,18.8
"Polk, MN",63.5,8.7,23.2
"Pope, MN",64.8,9.1,24.9
"Ramsey, MN",67.3,9.1,19.7
"Red Lake, MN",63.8,10.3,27.4
"Redwood, MN",62.6,8.8,22.7
"Renville, MN",61.6,8.9,22.8
"Rice, MN",65.5,8.2,21.9
"Rock, MN",61.0,7.1,20.1
"Roseau, MN",61.3,9.2,22.6
"Scott, MN",68.8,8.7,22.3
"Sherburne, MN",66.0,8.3,20.7
"Sibley, MN",61.7,8.5,21.8
"St. Louis, MN",64.3,10.7,24.5
"Stearns, MN",68.6,9.6,23.6
"Steele, MN",65.8,8.5,22.5
"Stevens, MN",64.5,8.2,22.3
"Swift, MN",63.1,8.4,22.6
"Todd, MN",61.6,8.5,20.9
"Traverse, MN",61.4,8.4,21.4
"Wabasha, MN",67.9,10.1,23.4
"Wadena, MN",58.6,8.0,20.3
"Waseca, MN",62.9,8.4,23.0
"Washington, MN",70.9,8.4,20.8
"Watonwan, MN",56.4,7.0,19.6
"Wilkin, MN",68.9,9.9,26.4
"Winona, MN",68.7,10.3,24.8
"Wright, MN",65.7,8.1,21.1
"Yellow Medicine, MN",61.0,7.5,21.0
"Adams, MS",47.6,7.0,16.9
"Alcorn, MS",29.4,3.7,9.8
"Amite, MS",33.6,5.4,10.9
"Attala, MS",34.2,4.5,10.6
"Benton, MS",25.4,3.4,8.9
"Bolivar, MS",42.8,6.2,13.7
"Calhoun, MS",27.5,3.7,9.4
"Carroll, MS",37.9,5.5,11.6
"Chickasaw, MS",30.3,3.7,9.7
"Choctaw, MS",31.6,4.5,9.9
"Claiborne, MS",44.4,7.5,15.0
"Clarke, MS",30.7,4.2,10.0
"Clay, MS",38.0,4.2,11.4
"Coahoma, MS",44.4,6.2,14.7
"Copiah, MS",37.6,5.5,11.3
"Covington, MS",32.5,4.9,10.0
"DeSoto, MS",48.4,5.8,14.2
"Forrest, MS",45.7,7.1,15.2
"Franklin, MS",33.9,5.2,11.1
"George, MS",31.2,4.9,10.5
"Greene, MS",30.4,5.5,11.1
"Grenada, MS",40.6,5.8,13.0
"Hancock, MS",54.1,9.8,18.3
"Harrison, MS",55.1,9.5,18.4
"Hinds, MS",50.3,6.8,14.9
"Holmes, MS",36.5,5.7,13.1
"Humphreys, MS",39.0,5.7,12.5
"Issaquena, MS",32.9,5.6,10.8
"Itawamba, MS",31.3,4.6,10.7
"Jackson, MS",50.3,8.5,17.5
"Jasper, MS",34.5,5.1,11.2
"Jefferson, MS",37.6,6.8,12.7
"Jefferson Davis, MS",35.2,5.5,11.8
"Jones, MS",33.7,5.0,11.4
"Kemper, MS",37.4,6.9,12.9
"Lafayette, MS",49.8,8.3,16.3
"Lamar, MS",43.9,5.9,12.4
"Lauderdale, MS",40.9,5.6,12.3
"Lawrence, MS",32.2,4.3,10.4
"Leake, MS",32.7,4.7,10.5
"Lee, MS",39.7,5.4,11.9
"Leflore, MS",41.7,6.6,14.1
"Lincoln, MS",34.5,4.6,10.5
"Lowndes, MS",41.3,5.0,12.4
"Madison, MS",54.5,7.6,14.5
"Marion, MS",33.2,4.8,10.9
"Marshall, MS",37.3,5.8,12.6
"Monroe, MS",34.6,4.8,11.4
"Montgomery, MS",36.9,4.8,11.7
"Neshoba, MS",35.0,5.3,10.7
"Newton, MS",31.8,4.1,9.6
"Noxubee, MS",34.6,5.5,13.2
"Oktibbeha, MS",44.8,6.4,14.0
"Panola, MS",39.2,6.3,13.8
"Pearl River, MS",39.9,5.3,11.9
"Perry, MS",32.3,5.3,11.5
"Pike, MS",39.2,5.8,13.0
"Pontotoc, MS",31.0,4.3,10.3
"Prentiss, MS",27.8,4.0,9.7
"Quitman, MS",36.4,6.3,12.9
"Rankin, MS",46.3,5.7,12.5
"Scott, MS",33.9,4.8,11.2
"Sharkey, MS",37.1,5.9,12.0
"Simpson, MS",30.6,4.0,9.5
"Smith, MS",31.3,5.2,11.1
"Stone, MS",37.4,6.1,11.8
"Sunflower, MS",41.5,6.2,13.9
"Tallahatchie, MS",36.4,5.7,13.1
"Tate, MS",37.1,4.8,11.3
"Tippah, MS",27.2,3.7,9.5
"Tishomingo, MS",29.1,4.1,10.0
"Tunica, MS",40.3,5.5,13.8
"Union, MS",30.7,4.0,10.0
"Walthall, MS",33.2,5.1,10.9
"Warren, MS",47.7,6.4,13.4
"Washington, MS",45.6,5.7,13.4
"Wayne, MS",30.7,4.8,10.5
"Webster, MS",31.7,4.1,10.5
"Wilkinson, MS",38.5,6.7,13.3
"Winston, MS",34.1,4.6,10.9
"Yalobusha, MS",31.8,3.8,10.6
"Yazoo, MS",40.1,5.3,12.4
"Adair, MO",47.4,7.7,18.1
"Andrew, MO",53.8,7.4,18.3
"Atchison, MO",53.9,7.8,20.2
"Audrain, MO",49.9,7.4,17.5
"Barry, MO",44.3,6.4,14.4
"Barton, MO",43.1,5.8,14.7
"Bates, MO",44.2,6.0,15.6
"Benton, MO",48.2,7.2,17.6
"Bollinger, MO",44.8,7.8,18.3
"Boone, MO",60.4,7.9,18.7
"Buchanan, MO",52.3,7.4,18.4
"Butler, MO",45.3,7.6,17.5
"Caldwell, MO",46.6,7.0,17.3
"Callaway, MO",55.1,7.9,19.1
"Camden, MO",53.5,8.0,18.6
"Cape Girardeau, MO",55.6,7.1,17.5
"Carroll, MO",48.5,6.0,16.0
"Carter, MO",40.5,7.6,16.5
"Cass, MO",54.7,6.7,17.5
"Cedar, MO",43.4,7.0,15.4
"Chariton, MO",52.8,8.3,20.1
"Christian, MO",51.8,5.9,14.1
"Clark, MO",47.4,7.4,18.3
"Clay, MO",58.4,7.2,18.7
"Clinton, MO",50.5,7.4,18.0
"Cole, MO",61.3,8.4,19.4
"Cooper, MO",53.6,7.7,18.4
"Crawford, MO",46.9,7.7,19.0
"Dade, MO",35.5,6.4,12.6
"Dallas, MO",43.0,6.8,15.6
"Daviess, MO",44.7,6.9,16.3
"DeKalb, MO",46.9,7.3,16.4
"Dent, MO",43.5,6.4,15.8
"Douglas, MO",39.7,7.6,15.8
"Dunklin, MO",39.0,6.4,14.7
"Franklin, MO",57.6,9.0,21.8
"Gasconade, MO",52.1,8.0,20.3
"Gentry, MO",46.2,7.3,17.2
"Greene, MO",52.0,6.2,15.4
"Grundy, MO",47.6,6.4,16.0
"Harrison, MO",48.0,7.2,17.7
"Henry, MO",48.9,6.7,16.7
"Hickory, MO",42.2,7.0,16.5
"Holt, MO",50.2,7.0,18.3
"Howard, MO",52.0,7.6,18.7
"Howell, MO",42.6,7.1,14.9
"Iron, MO",44.3,7.1,17.0
"Jackson, MO",56.5,7.3,16.9
"Jasper, MO",46.5,5.9,14.2
"Jefferson, MO",57.5,8.8,22.2
"Johnson, MO",55.1,7.5,18.5
"Knox, MO",47.3,7.8,18.1
"Laclede, MO",44.3,6.0,14.8
"Lafayette, MO",49.8,6.8,17.2
"Lawrence, MO",44.4,6.1,14.2
"Lewis, MO",47.5,7.5,16.9
"Lincoln, MO",52.4,8.8,20.2
"Linn, MO",50.0,7.5,19.4
"Livingston, MO",49.9,6.5,16.6
"Macon, MO",48.2,6.5,16.0
"Madison, MO",44.9,7.0,16.7
"Maries, MO",47.8,7.8,18.0
"Marion, MO",51.7,7.1,17.4
"McDonald, MO",40.7,6.9,14.4
"Mercer, MO",47.4,6.8,16.1
"Miller, MO",49.4,7.8,18.2
"Mississippi, MO",40.1,6.4,13.4
"Moniteau, MO",51.3,7.0,16.6
"Monroe, MO",49.8,7.6,18.7
"Montgomery, MO",50.1,7.8,19.6
"Morgan, MO",47.7,7.2,17.5
"New Madrid, MO",42.1,6.6,14.8
"Newton, MO",44.9,6.2,14.5
"Nodaway, MO",53.2,8.5,19.5
"Oregon, MO",41.2,7.2,15.3
"Osage, MO",56.0,10.2,22.9
"Ozark, MO",41.4,7.5,15.9
"Pemiscot, MO",37.8,6.4,13.3
"Perry, MO",57.6,9.3,21.9
"Pettis, MO",50.2,6.8,16.8
"Phelps, MO",51.8,7.3,17.8
"Pike, MO",51.8,7.2,16.3
"Platte, MO",60.5,7.6,19.4
"Polk, MO",44.5,6.6,15.6
"Pulaski, MO",47.8,7.0,15.6
"Putnam, MO",46.7,7.5,16.5
"Ralls, MO",52.6,8.1,19.1
"Randolph, MO",48.8,7.4,17.5
"Ray, MO",51.3,7.1,18.0
"Reynolds, MO",39.9,7.0,16.1
"Ripley, MO",40.2,7.9,17.0
"Saline, MO",49.6,6.8,17.1
"Schuyler, MO",45.1,7.5,17.4
"Scotland, MO",45.9,7.3,17.1
"Scott, MO",46.4,7.3,16.7
"Shannon, MO",38.2,7.5,15.7
"Shelby, MO",48.7,7.4,17.4
"St. Charles, MO",66.2,9.1,21.9
"St. Clair, MO",42.6,6.3,14.9
"St. Francois, MO",46.1,7.0,17.3
"St. Lou, MO",62.7,10.6,22.7
"St. Louis, MO",66.8,9.7,22.1
"Ste. Genevieve, MO",54.6,9.2,21.5
"Stoddard, MO",43.9,7.1,17.4
"Stone, MO",47.0,7.4,16.7
"Sullivan, MO",43.1,7.0,16.9
"Taney, MO",46.8,6.8,15.3
"Texas, MO",38.5,6.3,13.4
"Vernon, MO",43.8,6.5,15.3
"Warren, MO",53.3,8.3,19.9
"Washington, MO",41.2,8.2,18.9
"Wayne, MO",40.7,7.7,17.2
"Webster, MO",43.3,6.2,13.6
"Worth, MO",47.7,6.6,15.7
"Wright, MO",38.6,6.2,13.8
"Beaverhead, MT",62.2,10.8,22.1
"Big Horn, MT",46.6,6.7,18.8
"Blaine, MT",53.9,8.2,22.7
"Broadwater, MT",60.1,11.3,21.7
"Carbon, MT",68.7,13.7,26.4
"Carter, MT",56.6,9.0,19.4
"Cascade, MT",62.6,10.1,20.5
"Chouteau, MT",60.3,9.0,24.6
"Custer, MT",59.3,7.8,19.3
"Daniels, MT",49.3,7.9,19.0
"Dawson, MT",57.8,8.5,19.8
"Deer Lodge, MT",61.9,13.1,26.7
"Fallon, MT",61.2,6.9,21.4
"Fergus, MT",62.9,9.3,21.0
"Flathead, MT",64.8,10.1,19.9
"Gallatin, MT",69.8,10.2,20.9
"Garfield, MT",60.1,11.9,25.1
"Glacier, MT",52.3,7.9,22.2
"Golden Valley, MT",62.5,13.7,25.9
"Granite, MT",65.2,14.3,24.4
"Hill, MT",58.8,8.3,22.2
"Jefferson, MT",67.9,12.4,22.0
"Judith Basin, MT",67.6,13.5,27.6
"Lake, MT",60.0,8.9,20.7
"Lewis and Clark, MT",65.7,9.2,19.9
"Liberty, MT",57.3,12.0,26.1
"Lincoln, MT",61.6,10.3,20.6
"Madison, MT",69.4,14.8,27.2
"McCone, MT",62.9,6.3,18.8
"Meagher, MT",63.1,14.5,27.2
"Mineral, MT",61.1,14.5,26.7
"Missoula, MT",65.9,9.7,20.9
"Musselshell, MT",58.6,10.1,20.6
"Park, MT",68.7,13.9,24.2
"Petroleum, MT",65.0,15.4,27.2
"Phillips, MT",62.6,11.0,27.8
"Pondera, MT",54.6,7.3,18.3
"Powder River, MT",62.5,10.1,21.3
"Powell, MT",63.7,13.1,24.3
"Prairie, MT",61.6,10.7,24.0
"Ravalli, MT",63.0,9.2,18.3
"Richland, MT",59.4,7.9,21.1
"Roosevelt, MT",49.1,6.6,21.6
"Rosebud, MT",50.1,8.7,19.7
"Sanders, MT",62.3,11.2,20.9
"Sheridan, MT",53.9,6.1,20.5
"Silver Bow, MT",63.6,11.2,23.9
"Stillwater, MT",66.3,12.2,22.8
"Sweet Grass, MT",64.6,8.5,18.8
"Teton, MT",58.9,8.2,21.3
"Toole, MT",66.1,11.7,28.5
"Treasure, MT",61.5,11.6,23.7
"Valley, MT",62.3,10.0,25.2
"Wheatland, MT",59.0,9.4,22.6
"Wibaux, MT",58.9,8.3,22.0
"Yellowstone, MT",62.4,8.8,19.8
"Adams, NE",60.0,8.1,20.9
"Antelope, NE",58.9,8.9,21.8
"Arthur, NE",55.9,7.0,21.3
"Banner, NE",54.1,7.0,16.9
"Blaine, NE",49.6,6.0,16.2
"Boone, NE",63.0,9.9,25.2
"Box Butte, NE",58.6,7.6,20.1
"Boyd, NE",58.2,8.6,20.9
"Brown, NE",58.8,8.8,22.0
"Buffalo, NE",62.2,8.1,21.7
"Burt, NE",60.3,8.7,22.6
"Butler, NE",67.4,11.8,28.6
"Cass, NE",63.4,9.7,23.2
"Cedar, NE",63.8,10.7,25.9
"Chase, NE",52.8,7.5,18.0
"Cherry, NE",58.8,8.2,19.7
"Cheyenne, NE",61.2,8.0,21.8
"Clay, NE",55.0,7.7,20.5
"Colfax, NE",60.5,8.5,22.4
"Cuming, NE",64.3,9.0,23.1
"Custer, NE",57.8,7.6,19.9
"Dakota, NE",53.0,7.7,22.0
"Dawes, NE",59.4,8.5,20.3
"Dawson, NE",52.6,6.6,18.5
"Deuel, NE",53.0,6.7,18.3
"Dixon, NE",57.1,8.3,22.6
"Dodge, NE",63.2,8.0,22.6
"Douglas, NE",65.4,9.1,22.5
"Dundy, NE",55.8,8.4,20.4
"Fillmore, NE",63.0,9.7,25.5
"Franklin, NE",56.6,7.8,22.0
"Frontier, NE",53.7,7.4,19.8
"Furnas, NE",54.9,7.6,20.8
"Gage, NE",62.1,7.9,22.3
"Garden, NE",54.2,7.3,19.0
"Garfield, NE",61.3,10.2,25.0
"Gosper, NE",53.8,6.9,17.7
"Grant, NE",52.1,7.4,18.4
"Greeley, NE",64.3,12.4,29.0
"Hall, NE",57.8,7.6,20.5
"Hamilton, NE",60.8,7.9,21.9
"Harlan, NE",55.2,8.2,20.0
"Hayes, NE",53.7,9.4,22.1
"Hitchcock, NE",51.1,7.5,18.5
"Holt, NE",61.7,9.5,23.3
"Hooker, NE",56.3,7.5,18.5
"Howard, NE",58.9,9.2,22.4
"Jefferson, NE",60.9,8.3,22.9
"Johnson, NE",54.8,8.5,18.5
"Kearney, NE",61.1,7.9,21.6
"Keith, NE",59.5,8.0,20.7
"Keya Paha, NE",48.5,6.2,14.7
"Kimball, NE",53.5,7.1,18.7
"Knox, NE",62.1,10.5,25.7
"Lancaster, NE",66.1,8.8,22.2
"Lincoln, NE",57.8,7.9,20.8
"Logan, NE",61.8,10.4,23.1
"Loup, NE",51.6,8.1,19.7
"Madison, NE",62.9,8.7,23.6
"McPherson, NE",53.2,7.4,17.8
"Merrick, NE",59.9,7.8,22.0
"Morrill, NE",51.6,7.0,17.6
"Nance, NE",63.7,11.9,29.3
"Nemaha, NE",61.9,8.6,22.2
"Nuckolls, NE",58.5,9.4,23.1
"Otoe, NE",61.0,9.2,23.4
"Pawnee, NE",62.1,11.2,26.8
"Perkins, NE",55.2,7.2,18.7
"Phelps, NE",57.2,6.9,18.7
"Pierce, NE",59.7,8.2,21.3
"Platte, NE",67.6,9.3,26.4
"Polk, NE",61.6,9.3,24.3
"Red Willow, NE",58.3,8.0,20.3
"Richardson, NE",57.1,8.6,20.9
"Rock, NE",55.9,8.1,20.7
"Saline, NE",59.6,9.7,23.2
"Sarpy, NE",65.7,8.8,20.7
"Saunders, NE",66.3,10.2,25.3
"Scotts Bluff, NE",52.8,5.9,16.4
"Seward, NE",63.7,7.9,20.9
"Sheridan, NE",55.6,9.2,21.1
"Sherman, NE",56.9,9.3,22.0
"Sioux, NE",58.5,8.8,21.4
"Stanton, NE",60.3,8.7,22.0
"Thayer, NE",56.9,7.5,20.3
"Thomas, NE",53.8,6.9,17.8
"Thurston, NE",37.8,11.3,20.5
"Valley, NE",61.0,9.8,24.4
"Washington, NE",67.1,10.3,23.8
"Wayne, NE",63.3,8.6,23.3
"Webster, NE",53.5,7.8,19.9
"Wheeler, NE",57.7,8.5,20.2
"York, NE",58.9,6.7,19.9
"Cars, NV",66.4,10.8,22.0
"Churchill, NV",57.7,9.7,20.0
"Clark, NV",58.1,9.0,18.9
"Douglas, NV",71.0,12.4,21.3
"Elko, NV",56.4,10.2,20.4
"Esmeralda, NV",64.7,18.3,29.8
"Eureka, NV",57.7,9.6,18.1
"Humboldt, NV",59.9,10.4,20.9
"Lander, NV",51.9,9.5,19.6
"Lincoln, NV",39.5,7.8,15.9
"Lyon, NV",63.5,11.6,21.0
"Mineral, NV",55.2,9.7,20.5
"Nye, NV",58.3,11.4,21.2
"Pershing, NV",58.6,10.3,20.3
"Storey, NV",72.7,17.2,26.3
"Washoe, NV",66.4,11.3,21.4
"White Pine, NV",49.2,8.5,18.8
"Belknap, NH",66.0,9.9,18.7
"Carroll, NH",68.3,11.1,18.9
"Cheshire, NH",65.7,10.2,18.3
"Coos, NH",64.1,10.2,20.1
"Grafton, NH",68.4,10.6,18.1
"Hillsborough, NH",67.7,8.6,17.4
"Merrimack, NH",68.1,9.5,17.3
"Rockingham, NH",70.9,10.0,20.5
"Strafford, NH",64.9,9.2,18.3
"Sullivan, NH",65.4,9.0,17.3
"Atlantic, NJ",58.5,7.7,17.3
"Bergen, NJ",66.1,7.0,17.0
"Burlington, NJ",62.2,7.2,16.7
"Camden, NJ",59.0,7.3,17.0
"Cape May, NJ",65.4,9.6,20.1
"Cumberland, NJ",48.9,6.5,14.8
"Essex, NJ",55.8,6.8,15.5
"Gloucester, NJ",61.2,7.1,17.2
"Hudson, NJ",54.0,6.5,17.8
"Hunterdon, NJ",70.0,8.7,18.4
"Mercer, NJ",61.0,6.9,16.1
"Middlesex, NJ",58.5,5.9,15.3
"Monmouth, NJ",67.3,8.7,19.7
"Morris, NJ",67.9,7.6,18.0
"Ocean, NJ",64.4,7.8,18.0
"Passaic, NJ",56.4,6.8,17.1
"Salem, NJ",55.3,7.7,16.9
"Somerset, NJ",65.1,6.3,15.1
"Sussex, NJ",66.7,8.4,18.4
"Union, NJ",58.3,6.1,16.1
"Warren, NJ",61.9,7.7,17.7
"Bernalillo, NM",57.3,6.7,14.7
"Catron, NM",49.8,9.0,16.5
"Chaves, NM",46.7,6.8,15.1
"Cibola, NM",41.0,6.7,16.3
"Colfax, NM",53.5,6.8,15.9
"Curry, NM",44.0,5.5,13.2
"De Baca, NM",40.0,4.2,11.1
"Dona Ana, NM",52.5,7.1,17.7
"Eddy, NM",45.1,5.9,14.1
"Grant, NM",54.5,9.0,18.8
"Guadalupe, NM",47.7,6.6,17.2
"Harding, NM",47.9,5.3,13.2
"Hidalgo, NM",46.9,7.6,17.6
"Lea, NM",42.2,5.7,15.1
"Lincoln, NM",56.8,8.4,16.2
"Los Alamos, NM",64.2,4.8,11.1
"Luna, NM",46.2,7.8,17.1
"McKinley, NM",35.1,6.1,15.4
"Mora, NM",49.4,7.7,15.5
"Otero, NM",49.2,7.0,14.8
"Quay, NM",38.1,4.8,12.1
"Rio Arriba, NM",49.9,6.9,15.9
"Roosevelt, NM",40.5,5.5,13.5
"San Juan, NM",42.6,6.1,12.9
"San Miguel, NM",50.6,6.7,15.8
"Sandoval, NM",58.6,7.3,14.7
"Santa Fe, NM",64.0,7.9,15.4
"Sierra, NM",52.3,8.8,16.3
"Socorro, NM",46.4,7.2,16.7
"Taos, NM",59.1,8.1,17.5
"Torrance, NM",49.0,7.3,15.7
"Union, NM",54.2,6.2,16.3
"Valencia, NM",49.6,7.1,14.8
"Albany, NY",65.7,8.9,19.0
"Allegany, NY",56.4,8.2,17.9
"Bronx, NY",45.2,4.6,14.2
"Broome, NY",62.2,8.6,20.0
"Cattaraugus, NY",59.0,9.1,19.5
"Cayuga, NY",61.1,8.3,19.3
"Chautauqua, NY",57.9,8.4,19.4
"Chemung, NY",58.8,8.0,18.7
"Chenango, NY",59.8,8.8,18.9
"Clinton, NY",63.7,9.4,19.9
"Columbia, NY",64.2,9.6,19.2
"Cortland, NY",61.5,9.8,20.7
"Delaware, NY",59.4,8.8,17.9
"Dutchess, NY",65.4,7.9,17.8
"Erie, NY",65.4,8.1,20.4
"Essex, NY",65.6,10.1,18.8
"Franklin, NY",61.0,8.9,19.6
"Fulton, NY",61.2,8.9,18.7
"Genesee, NY",62.2,8.0,18.9
"Greene, NY",60.4,9.0,18.3
"Hamilton, NY",59.8,8.7,18.9
"Herkimer, NY",62.9,9.7,21.1
"Jefferson, NY",60.5,8.3,18.1
"Kings, NY",51.8,5.6,14.4
"Lewis, NY",55.1,8.1,18.5
"Livingston, NY",63.2,8.8,19.5
"Madison, NY",62.5,8.5,18.6
"Monroe, NY",64.8,7.4,17.1
"Montgomery, NY",59.8,7.5,18.9
"Nassau, NY",65.9,6.8,17.6
"New York, NY",64.2,9.6,20.7
"Niagara, NY",61.6,8.0,18.7
"Oneida, NY",60.8,8.3,19.0
"Onondaga, NY",64.0,8.2,19.3
"Ontario, NY",64.5,8.3,19.0
"Orange, NY",61.9,7.0,17.1
"Orleans, NY",57.2,6.9,16.9
"Oswego, NY",59.2,9.2,20.4
"Otsego, NY",61.9,9.8,20.5
"Putnam, NY",68.4,8.5,19.4
"Queens, NY",53.1,5.4,14.2
"Rensselaer, NY",65.1,8.3,18.8
"Richmond, NY",61.3,6.4,17.2
"Rockland, NY",62.7,6.4,15.9
"Saratoga, NY",67.3,9.1,19.0
"Schenectady, NY",64.1,7.8,17.9
"Schoharie, NY",61.1,8.9,18.6
"Schuyler, NY",59.9,8.8,19.8
"Seneca, NY",60.5,8.5,17.5
"St. Lawrence, NY",60.8,9.2,19.8
"Steuben, NY",58.1,7.9,17.7
"Suffolk, NY",66.1,7.4,18.6
"Sullivan, NY",59.5,8.6,18.2
"Tioga, NY",60.4,8.0,17.5
"Tompkins, NY",66.3,9.8,19.0
"Ulster, NY",64.0,8.7,19.0
"Warren, NY",66.5,10.8,20.4
"Washington, NY",61.0,8.3,17.8
"Wayne, NY",60.9,8.1,18.1
"Westchester, NY",65.1,6.5,16.7
"Wyoming, NY",60.7,8.1,18.9
"Yates, NY",62.5,10.8,20.3
"Alamance, NC",48.5,5.5,13.7
"Alexander, NC",36.9,5.0,11.8
"Alleghany, NC",37.0,4.9,12.5
"Anson, NC",33.1,4.2,10.7
"Ashe, NC",38.0,4.7,11.1
"Avery, NC",41.6,6.0,12.3
"Beaufort, NC",42.0,6.0,13.6
"Bertie, NC",33.2,4.1,10.5
"Bladen, NC",31.7,4.3,10.8
"Brunswick, NC",57.0,8.0,17.6
"Buncombe, NC",52.5,7.0,13.9
"Burke, NC",38.3,5.0,11.8
"Cabarrus, NC",48.8,5.9,15.1
"Caldwell, NC",37.6,5.2,12.1
"Camden, NC",50.9,7.6,16.9
"Carteret, NC",55.4,8.7,18.4
"Caswell, NC",40.9,5.1,12.7
"Catawba, NC",46.4,6.2,13.6
"Chatham, NC",52.3,6.1,14.1
"Cherokee, NC",43.0,5.5,12.2
"Chowan, NC",41.7,5.0,12.9
"Clay, NC",38.9,5.5,11.3
"Cleveland, NC",38.1,4.9,12.0
"Columbus, NC",34.7,4.7,11.4
"Craven, NC",49.3,6.2,14.5
"Cumberland, NC",43.5,5.1,12.5
"Currituck, NC",51.7,8.2,17.7
"Dare, NC",61.2,9.5,20.6
"Davidson, NC",41.9,5.4,13.9
"Davie, NC",46.2,5.8,13.4
"Duplin, NC",34.9,4.6,12.1
"Durham, NC",56.0,6.2,14.1
"Edgecombe, NC",35.4,4.2,11.2
"Forsyth, NC",51.5,5.6,13.6
"Franklin, NC",40.4,4.5,11.7
"Gaston, NC",42.9,5.5,13.7
"Gates, NC",40.6,5.8,13.2
"Graham, NC",38.7,4.8,11.5
"Granville, NC",41.2,4.4,11.7
"Greene, NC",35.0,4.8,11.9
"Guilford, NC",52.7,6.0,14.3
"Halifax, NC",37.4,4.5,11.5
"Harnett, NC",42.1,4.8,12.3
"Haywood, NC",46.4,6.2,12.6
"Henderson, NC",50.3,6.1,13.4
"Hertford, NC",37.6,4.7,11.7
"Hoke, NC",40.5,4.4,12.1
"Hyde, NC",47.7,8.9,17.8
"Iredell, NC",48.9,6.4,14.8
"Jackson, NC",46.2,6.2,12.9
"Johnston, NC",42.8,4.8,13.1
"Jones, NC",43.6,7.1,15.8
"Lee, NC",44.0,5.1,12.5
"Lenoir, NC",37.6,4.9,11.9
"Lincoln, NC",44.7,5.9,13.8
"Macon, NC",47.7,6.0,13.1
"Madison, NC",36.8,4.8,10.2
"Martin, NC",35.7,4.8,11.6
"McDowell, NC",37.5,5.1,11.6
"Mecklenburg, NC",58.9,7.4,16.9
"Mitchell, NC",34.3,4.6,10.0
"Montgomery, NC",36.8,4.7,12.2
"Moore, NC",52.8,6.5,14.4
"Nash, NC",43.6,5.2,12.8
"New Hanover, NC",60.7,9.5,18.7
"Northampton, NC",38.6,5.3,12.5
"Onslow, NC",48.2,6.0,14.9
"Orange, NC",63.1,7.9,16.6
"Pamlico, NC",46.2,6.8,14.6
"Pasquotank, NC",43.9,5.3,13.4
"Pender, NC",48.0,6.5,15.4
"Perquimans, NC",44.3,5.8,13.3
"Person, NC",44.4,5.1,12.6
"Pitt, NC",47.2,6.1,14.2
"Polk, NC",46.8,6.5,13.3
"Randolph, NC",39.6,5.3,13.2
"Richmond, NC",35.8,4.7,12.0
"Robeson, NC",31.1,4.2,10.9
"Rockingham, NC",39.4,4.7,12.1
"Rowan, NC",42.7,5.4,13.1
"Rutherford, NC",36.6,5.0,11.1
"Sampson, NC",33.0,4.3,11.0
"Scotland, NC",37.0,4.7,11.9
"Stanly, NC",39.8,5.4,12.7
"Stokes, NC",39.4,5.1,12.6
"Surry, NC",34.6,4.2,11.0
"Swain, NC",41.6,5.4,12.5
"Transylvania, NC",49.7,6.4,13.5
"Tyrrell, NC",36.5,5.5,13.0
"Union, NC",49.1,5.8,13.9
"Vance, NC",36.4,4.2,10.9
"Wake, NC",60.6,6.8,15.5
"Warren, NC",38.5,4.6,11.3
"Washington, NC",35.2,4.6,11.5
"Watauga, NC",51.6,7.4,14.1
"Wayne, NC",39.0,4.8,12.2
"Wilkes, NC",30.8,4.0,10.0
"Wilson, NC",40.1,5.0,12.9
"Yadkin, NC",36.0,4.7,11.6
"Yancey, NC",37.0,5.0,10.9
"Adams, ND",64.3,9.0,26.6
"Barnes, ND",67.2,9.1,25.9
"Benson, ND",52.0,14.0,27.7
"Billings, ND",62.8,11.3,27.3
"Bottineau, ND",63.3,9.2,26.1
"Bowman, ND",70.0,10.8,29.8
"Burke, ND",66.8,10.4,30.7
"Burleigh, ND",67.2,7.6,23.0
"Cass, ND",69.2,8.6,23.9
"Cavalier, ND",68.9,11.5,29.6
"Dickey, ND",60.5,8.0,21.7
"Divide, ND",63.6,10.5,28.8
"Dunn, ND",65.2,11.9,29.2
"Eddy, ND",62.0,9.6,26.5
"Emmons, ND",65.5,11.0,28.0
"Foster, ND",64.3,7.4,22.7
"Golden Valley, ND",63.2,9.5,23.1
"Grand Forks, ND",65.3,8.5,23.6
"Grant, ND",60.9,9.1,24.1
"Griggs, ND",61.8,8.5,23.8
"Hettinger, ND",66.9,11.0,29.0
"Kidder, ND",61.5,8.5,26.0
"LaMoure, ND",67.3,10.2,28.3
"Logan, ND",65.2,10.3,28.6
"McHenry, ND",60.7,9.0,26.7
"McIntosh, ND",63.8,9.0,25.7
"McKenzie, ND",56.4,8.6,23.1
"McLean, ND",63.9,9.6,27.5
"Mercer, ND",64.6,8.6,24.9
"Morton, ND",67.6,9.0,25.7
"Mountrail, ND",55.7,11.1,25.6
"Nelson, ND",67.4,10.2,30.7
"Oliver, ND",63.1,9.2,25.4
"Pembina, ND",64.1,9.9,26.1
"Pierce, ND",64.3,9.8,26.4
"Ramsey, ND",65.3,10.0,26.8
"Ransom, ND",66.1,9.5,27.3
"Renville, ND",67.8,9.8,30.3
"Richland, ND",67.9,10.8,26.9
"Rolette, ND",50.1,17.9,29.3
"Sargent, ND",68.9,11.4,31.9
"Sheridan, ND",56.0,6.6,20.0
"Sioux, ND",38.6,17.3,24.6
"Slope, ND",58.4,7.1,19.7
"Stark, ND",67.4,9.4,24.5
"Steele, ND",69.7,11.0,31.5
"Stutsman, ND",63.2,8.0,22.8
"Towner, ND",65.3,11.1,28.6
"Traill, ND",68.7,11.0,30.3
"Walsh, ND",66.1,10.9,29.7
"Ward, ND",63.8,7.9,23.7
"Wells, ND",59.8,7.9,21.3
"Williams, ND",62.6,9.3,26.8
"Adams, OH",36.5,6.6,15.3
"Allen, OH",54.5,7.8,18.0
"Ashland, OH",50.4,6.9,15.7
"Ashtabula, OH",53.6,7.8,17.4
"Athens, OH",49.0,7.6,16.7
"Auglaize, OH",55.0,9.4,20.3
"Belmont, OH",51.6,7.5,18.5
"Brown, OH",44.0,7.5,16.1
"Butler, OH",56.1,7.6,18.1
"Carroll, OH",49.8,7.9,16.8
"Champaign, OH",49.6,6.6,16.6
"Clark, OH",51.5,7.0,17.1
"Clermont, OH",56.9,8.0,17.6
"Clinton, OH",48.0,7.2,16.3
"Columbiana, OH",50.6,7.8,16.9
"Coshocton, OH",47.9,6.9,16.5
"Crawford, OH",50.3,8.4,18.9
"Cuyahoga, OH",61.6,8.1,18.9
"Darke, OH",51.3,7.6,17.7
"Defiance, OH",54.0,7.6,18.8
"Delaware, OH",64.1,8.0,17.4
"Erie, OH",63.5,9.5,21.2
"Fairfield, OH",54.8,8.5,17.6
"Fayette, OH",47.7,6.8,16.1
"Franklin, OH",59.6,8.1,18.0
"Fulton, OH",54.2,8.1,19.1
"Gallia, OH",41.9,6.6,15.2
"Geauga, OH",64.9,8.6,19.0
"Greene, OH",56.6,7.7,17.3
"Guernsey, OH",47.0,6.6,16.0
"Hamilton, OH",63.1,9.4,21.0
"Hancock, OH",56.1,8.2,18.4
"Hardin, OH",48.2,7.9,17.4
"Harrison, OH",48.5,7.6,16.9
"Henry, OH",52.2,7.9,19.0
"Highland, OH",42.9,6.9,15.5
"Hocking, OH",46.4,6.7,15.7
"Holmes, OH",42.4,4.4,12.4
"Huron, OH",55.3,8.9,19.8
"Jackson, OH",39.1,6.7,15.7
"Jefferson, OH",53.0,9.8,19.9
"Knox, OH",51.1,7.1,16.2
"Lake, OH",64.7,9.7,20.4
"Lawrence, OH",42.2,6.1,15.5
"Licking, OH",54.5,8.0,17.3
"Logan, OH",49.0,7.4,17.1
"Lorain, OH",62.8,8.9,20.2
"Lucas, OH",60.1,8.6,20.7
"Madison, OH",49.4,7.0,16.0
"Mahoning, OH",58.6,8.6,19.5
"Marion, OH",46.7,7.8,17.3
"Medina, OH",65.1,9.0,19.7
"Meigs, OH",40.9,7.6,16.2
"Mercer, OH",63.8,12.2,26.0
"Miami, OH",54.6,6.8,17.2
"Monroe, OH",43.6,7.1,16.1
"Montgomery, OH",55.3,8.1,17.6
"Morgan, OH",43.3,7.4,16.0
"Morrow, OH",48.1,6.6,15.3
"Muskingum, OH",48.4,8.2,17.3
"Noble, OH",46.8,8.5,17.4
"Ottawa, OH",61.6,10.3,22.4
"Paulding, OH",53.0,8.9,20.1
"Perry, OH",47.8,7.4,17.2
"Pickaway, OH",47.4,7.3,16.1
"Pike, OH",40.2,7.1,16.1
"Portage, OH",60.9,8.6,18.2
"Preble, OH",48.6,7.6,16.7
"Putnam, OH",63.6,11.8,25.4
"Richland, OH",51.0,6.9,16.2
"Ross, OH",45.0,7.3,16.6
"Sandusky, OH",59.1,9.0,20.4
"Scioto, OH",41.2,6.9,15.5
"Seneca, OH",60.2,10.1,22.1
"Shelby, OH",55.3,8.8,20.6
"Stark, OH",56.0,7.6,17.4
"Summit, OH",62.2,8.2,19.1
"Trumbull, OH",56.3,8.5,19.6
"Tuscarawas, OH",52.4,6.7,16.6
"Union, OH",53.6,7.4,16.6
"Van Wert, OH",52.0,7.3,17.5
"Vinton, OH",40.2,6.9,16.3
"Warren, OH",60.1,7.2,16.8
"Washington, OH",49.0,7.4,16.7
"Wayne, OH",52.8,5.9,15.0
"Williams, OH",51.4,8.0,18.5
"Wood, OH",60.7,8.9,19.9
"Wyandot, OH",53.2,8.7,19.8
"Adair, OK",34.9,5.5,12.5
"Alfalfa, OK",51.9,3.8,15.6
"Atoka, OK",32.3,5.0,11.8
"Beaver, OK",46.2,4.3,14.4
"Beckham, OK",41.8,6.0,14.7
"Blaine, OK",43.9,5.1,14.8
"Bryan, OK",39.5,5.4,12.8
"Caddo, OK",36.3,4.8,13.6
"Canadian, OK",50.6,6.8,16.1
"Carter, OK",42.7,5.1,13.8
"Cherokee, OK",42.6,6.5,14.5
"Choctaw, OK",31.4,4.2,10.8
"Cimarron, OK",44.8,4.2,15.2
"Cleveland, OK",52.1,6.9,15.9
"Coal, OK",36.4,5.1,13.0
"Comanche, OK",48.2,7.2,16.2
"Cotton, OK",37.5,4.0,11.4
"Craig, OK",40.4,5.6,13.3
"Creek, OK",43.4,6.2,14.3
"Custer, OK",44.4,5.3,14.0
"Delaware, OK",42.5,6.8,14.9
"Dewey, OK",41.8,3.3,12.1
"Ellis, OK",46.5,4.3,13.5
"Garfield, OK",49.8,7.0,17.0
"Garvin, OK",37.9,5.0,12.6
"Grady, OK",43.4,5.9,13.6
"Grant, OK",56.6,4.1,16.3
"Greer, OK",37.0,4.9,12.2
"Harmon, OK",27.0,4.5,11.5
"Harper, OK",43.5,4.1,14.5
"Haskell, OK",34.8,5.2,12.2
"Hughes, OK",38.1,5.3,13.2
"Jackson, OK",46.1,5.2,13.5
"Jefferson, OK",33.1,4.0,11.4
"Johnston, OK",36.2,4.9,12.4
"Kay, OK",51.4,5.8,16.6
"Kingfisher, OK",48.8,5.0,16.1
"Kiowa, OK",38.9,4.3,12.8
"Latimer, OK",36.3,5.0,12.1
"Le Flore, OK",35.6,5.5,12.3
"Lincoln, OK",41.5,5.9,14.0
"Logan, OK",48.2,7.0,15.5
"Love, OK",36.1,5.0,13.5
"Major, OK",41.2,4.2,12.9
"Marshall, OK",41.6,5.2,13.7
"Mayes, OK",39.7,5.5,13.4
"McClain, OK",43.8,5.7,14.4
"McCurtain, OK",37.7,5.4,13.3
"McIntosh, OK",42.8,7.0,16.7
"Murray, OK",41.5,5.6,13.7
"Muskogee, OK",41.1,5.4,12.9
"Noble, OK",50.2,4.6,14.4
"Nowata, OK",43.9,5.6,13.7
"Okfuskee, OK",38.0,5.7,13.3
"Oklahoma, OK",52.5,5.9,16.0
"Okmulgee, OK",39.3,5.1,12.8
"Osage, OK",47.6,7.0,15.2
"Ottawa, OK",41.0,6.0,13.9
"Pawnee, OK",40.6,5.7,14.0
"Payne, OK",50.7,6.4,15.6
"Pittsburg, OK",39.3,5.7,13.0
"Pontotoc, OK",41.3,5.5,13.5
"Pottawatomie, OK",41.0,5.4,13.5
"Pushmataha, OK",33.9,5.3,12.5
"Roger Mills, OK",38.3,3.9,12.7
"Rogers, OK",47.8,6.2,14.4
"Seminole, OK",38.2,5.6,14.3
"Sequoyah, OK",40.0,6.3,14.2
"Stephens, OK",41.4,5.5,13.3
"Texas, OK",46.3,5.5,15.8
"Tillman, OK",34.6,3.6,11.4
"Tulsa, OK",53.0,6.3,15.9
"Wagoner, OK",49.4,6.5,14.6
"Washington, OK",45.9,5.6,14.3
"Washita, OK",38.1,5.0,12.7
"Woods, OK",52.7,5.3,16.8
"Woodward, OK",47.9,5.1,15.2
"Baker, OR",54.8,8.4,16.8
"Benton, OR",65.3,9.7,17.6
"Clackamas, OR",61.8,8.6,16.5
"Clatsop, OR",62.8,10.1,19.4
"Columbia, OR",58.4,9.5,17.7
"Coos, OR",54.8,8.8,17.3
"Crook, OR",56.8,9.0,16.5
"Curry, OR",60.0,10.4,17.7
"Deschutes, OR",65.1,9.6,17.3
"Douglas, OR",54.2,8.7,16.2
"Gilliam, OR",65.8,15.2,24.6
"Grant, OR",56.8,10.4,18.2
"Harney, OR",53.5,9.6,16.4
"Hood River, OR",57.1,7.6,16.4
"Jackson, OR",57.6,8.8,16.4
"Jefferson, OR",50.2,7.2,15.2
"Josephine, OR",54.9,9.3,16.2
"Klamath, OR",56.3,8.7,17.0
"Lake, OR",58.2,11.3,18.7
"Lane, OR",60.3,9.2,17.2
"Lincoln, OR",60.1,9.5,17.3
"Linn, OR",55.2,8.0,16.4
"Malheur, OR",42.3,7.0,15.0
"Marion, OR",54.7,6.6,15.1
"Morrow, OR",50.9,7.9,16.8
"Multnomah, OR",63.9,9.9,19.3
"Polk, OR",56.9,7.8,15.5
"Sherman, OR",61.8,12.5,19.1
"Tillamook, OR",58.3,9.4,17.1
"Umatilla, OR",50.9,7.0,16.1
"Union, OR",54.0,8.2,16.4
"Wallowa, OR",58.5,10.2,18.0
"Wasco, OR",55.2,7.9,16.2
"Washington, OR",61.3,7.5,15.7
"Wheeler, OR",58.5,10.8,18.1
"Yamhill, OR",55.2,7.3,15.6
"Adams, PA",54.8,6.9,16.8
"Allegheny, PA",65.6,9.3,22.2
"Armstrong, PA",54.0,7.8,18.8
"Beaver, PA",58.4,7.9,19.8
"Bedford, PA",47.0,6.4,14.3
"Berks, PA",57.9,6.9,18.0
"Blair, PA",54.2,7.3,18.2
"Bradford, PA",54.4,8.8,19.4
"Bucks, PA",66.3,8.0,19.2
"Butler, PA",60.3,7.4,18.4
"Cambria, PA",58.0,9.0,21.8
"Cameron, PA",52.5,8.6,20.4
"Carbon, PA",59.9,8.7,20.3
"Centre, PA",61.6,7.5,17.0
"Chester, PA",67.6,7.6,18.4
"Clarion, PA",54.3,8.2,18.6
"Clearfield, PA",53.3,7.7,19.1
"Clinton, PA",55.0,8.4,19.0
"Columbia, PA",56.4,8.2,18.3
"Crawford, PA",55.0,8.6,18.7
"Cumberland, PA",60.4,6.6,16.6
"Dauphin, PA",57.8,6.7,16.4
"Delaware, PA",65.0,8.1,20.0
"Elk, PA",62.2,10.7,25.7
"Erie, PA",61.2,8.8,21.4
"Fayette, PA",51.7,8.1,19.7
"Forest, PA",52.6,9.1,17.8
"Franklin, PA",52.1,6.6,14.8
"Fulton, PA",49.6,8.0,16.6
"Greene, PA",51.7,7.5,17.1
"Huntingdon, PA",50.6,6.8,15.8
"Indiana, PA",54.6,8.1,18.6
"Jefferson, PA",53.3,8.1,18.9
"Juniata, PA",47.7,6.3,14.7
"Lackawanna, PA",62.9,9.0,21.3
"Lancaster, PA",53.0,5.5,13.5
"Lawrence, PA",54.0,6.9,17.8
"Lebanon, PA",55.7,6.6,16.3
"Lehigh, PA",59.5,6.9,17.7
"Luzerne, PA",61.4,8.9,21.4
"Lycoming, PA",56.4,7.7,18.3
"McKean, PA",54.9,8.6,19.3
"Mercer, PA",55.3,7.4,18.2
"Mifflin, PA",45.5,5.7,13.7
"Monroe, PA",59.2,7.2,16.6
"Montgomery, PA",66.4,7.6,18.6
"Montour, PA",59.6,8.0,18.7
"Northampton, PA",61.5,7.3,18.3
"Northumberland, PA",53.7,7.6,18.4
"Perry, PA",53.0,8.0,17.3
"Philadelphia, PA",54.6,8.2,18.1
"Pike, PA",64.0,8.1,17.8
"Potter, PA",52.9,10.5,21.7
"Schuylkill, PA",56.9,7.9,19.3
"Snyder, PA",52.2,6.5,16.1
"Somerset, PA",49.5,7.1,17.3
"Sullivan, PA",57.5,10.8,20.6
"Susquehanna, PA",58.3,10.5,21.2
"Tioga, PA",55.6,8.9,18.9
"Union, PA",54.2,6.1,15.1
"Venango, PA",54.5,7.5,18.5
"Warren, PA",58.1,9.2,20.4
"Washington, PA",59.7,8.0,19.7
"Wayne, PA",60.3,9.4,20.4
"Westmoreland, PA",60.3,7.9,20.3
"Wyoming, PA",58.8,9.6,20.2
"York, PA",56.2,6.8,16.2
"Bristol, RI",71.7,9.2,21.1
"Kent, RI",67.6,8.8,20.2
"Newport, RI",72.1,11.8,21.8
"Providence, RI",61.2,7.8,18.1
"Rhode, RI",64.9,8.7,19.1
"Washington, RI",71.6,11.0,20.6
"Abbeville, SC",40.5,5.6,13.2
"Aiken, SC",49.4,6.0,13.9
"Allendale, SC",37.1,6.1,14.1
"Anderson, SC",42.2,5.3,12.7
"Bamberg, SC",39.3,5.3,13.1
"Barnwell, SC",35.4,4.6,12.3
"Beaufort, SC",65.8,11.0,19.5
"Berkeley, SC",49.1,6.7,15.7
"Calhoun, SC",44.3,6.0,14.0
"Charleston, SC",62.3,11.1,22.1
"Cherokee, SC",35.2,4.9,12.5
"Chester, SC",37.5,5.0,13.0
"Chesterfield, SC",35.4,4.6,12.0
"Clarendon, SC",36.9,4.8,12.3
"Colleton, SC",43.8,7.4,16.7
"Darlington, SC",37.0,5.1,12.9
"Dillon, SC",32.7,4.8,11.9
"Dorchester, SC",55.8,8.0,17.7
"Edgefield, SC",42.7,4.9,12.3
"Fairfield, SC",38.9,5.0,12.6
"Florence, SC",41.9,6.1,14.1
"Georgetown, SC",50.8,7.8,16.2
"Greenville, SC",49.9,6.5,14.4
"Greenwood, SC",45.3,5.7,13.7
"Hampton, SC",36.7,5.5,13.3
"Horry, SC",56.1,8.7,18.9
"Jasper, SC",42.4,6.1,15.2
"Kershaw, SC",44.0,5.7,14.3
"Lancaster, SC",40.6,4.9,13.2
"Laurens, SC",40.6,5.3,12.8
"Lee, SC",34.4,5.0,12.6
"Lexington, SC",54.2,8.2,17.7
"Marion, SC",36.7,4.8,12.5
"Marlboro, SC",34.9,5.0,12.9
"McCormick, SC",42.3,5.5,12.9
"Newberry, SC",49.3,7.5,16.4
"Oconee, SC",43.5,5.8,12.6
"Orangeburg, SC",40.3,5.5,12.9
"Pickens, SC",43.6,6.4,13.2
"Richland, SC",55.1,7.5,17.7
"Saluda, SC",42.2,5.8,14.3
"Spartanburg, SC",46.4,5.9,14.1
"Sumter, SC",41.7,5.2,13.4
"Union, SC",36.5,4.5,11.7
"Williamsburg, SC",35.1,5.7,12.8
"York, SC",52.1,6.4,15.8
"Aurora, SD",60.7,9.1,22.5
"Beadle, SD",58.4,7.4,21.3
"Bennett, SD",44.0,14.1,22.6
"Bon Homme, SD",60.2,10.3,24.4
"Brookings, SD",61.6,7.8,20.3
"Brown, SD",64.5,7.6,22.1
"Brule, SD",60.4,8.9,21.9
"Buffalo, SD",32.9,15.0,22.2
"Butte, SD",58.0,8.1,20.1
"Campbell, SD",62.3,7.9,22.0
"Charles Mix, SD",52.3,10.4,22.4
"Clark, SD",58.6,8.8,24.6
"Clay, SD",61.7,9.9,23.0
"Codington, SD",64.9,7.9,22.6
"Corson, SD",40.8,13.0,20.5
"Custer, SD",58.9,7.9,19.2
"Davison, SD",62.4,8.5,22.5
"Day, SD",59.3,8.5,23.5
"Deuel, SD",60.6,7.8,22.2
"Dewey, SD",37.6,12.5,20.7
"Douglas, SD",52.9,6.1,16.1
"Edmunds, SD",63.3,9.2,23.3
"Fall River, SD",56.4,8.6,21.5
"Faulk, SD",61.9,10.6,25.8
"Grant, SD",65.3,8.9,23.7
"Gregory, SD",56.9,8.5,20.0
"Haakon, SD",65.7,10.2,24.4
"Hamlin, SD",61.2,9.9,25.1
"Hand, SD",65.1,10.4,26.1
"Hanson, SD",59.9,9.9,23.4
"Harding, SD",67.9,10.4,26.7
"Hughes, SD",65.0,8.0,21.5
"Hutchinson, SD",60.1,8.5,21.3
"Hyde, SD",60.0,9.8,23.9
"Jackson, SD",48.2,12.7,22.3
"Jerauld, SD",58.8,8.4,24.0
"Jones, SD",56.3,6.9,17.9
"Kingsbury, SD",62.5,8.4,25.2
"Lake, SD",63.2,8.9,23.3
"Lawrence, SD",65.6,8.8,21.5
"Lincoln, SD",64.7,7.4,21.0
"Lyman, SD",53.7,11.6,24.4
"Marshall, SD",58.6,8.4,22.2
"McCook, SD",59.6,9.1,22.2
"McPherson, SD",58.0,8.2,23.0
"Meade, SD",61.7,7.8,19.9
"Mellette, SD",41.7,11.4,20.5
"Miner, SD",63.2,9.7,26.5
"Minnehaha, SD",63.1,8.2,21.2
"Moody, SD",60.9,10.1,24.4
"Pennington, SD",60.1,7.1,18.2
"Perkins, SD",58.7,8.0,20.5
"Potter, SD",60.3,8.6,21.0
"Roberts, SD",51.9,9.3,20.6
"Sanborn, SD",64.3,12.8,29.0
"Shannon, SD",31.6,14.7,21.2
"South, SD",60.8,8.5,21.4
"Spink, SD",61.3,9.9,24.9
"Stanley, SD",69.3,11.9,28.3
"Sully, SD",65.2,10.1,25.4
"Todd, SD",36.1,15.0,22.1
"Tripp, SD",61.7,9.9,24.3
"Turner, SD",60.9,8.8,23.5
"Union, SD",63.6,9.2,24.3
"Walworth, SD",64.1,9.1,23.7
"Yankton, SD",64.5,9.1,23.3
"Ziebach, SD",33.4,14.1,19.8
"Anderson, TN",35.4,4.6,11.2
"Bedford, TN",32.2,4.4,10.8
"Benton, TN",29.3,4.1,10.4
"Bledsoe, TN",27.2,4.4,10.1
"Blount, TN",36.8,4.5,12.1
"Bradley, TN",31.0,3.6,10.6
"Campbell, TN",27.0,4.1,10.2
"Cannon, TN",28.4,3.9,10.0
"Carroll, TN",27.9,3.9,10.2
"Carter, TN",27.1,3.4,9.2
"Cheatham, TN",36.6,5.0,12.5
"Chester, TN",29.8,4.1,10.4
"Claiborne, TN",24.1,3.3,8.8
"Clay, TN",29.6,4.9,11.8
"Cocke, TN",26.4,3.4,9.9
"Coffee, TN",36.2,5.3,12.5
"Crockett, TN",27.8,3.9,10.1
"Cumberland, TN",36.0,4.7,11.7
"Davidson, TN",46.6,5.9,15.6
"Decatur, TN",27.1,4.1,9.9
"DeKalb, TN",29.1,4.0,10.4
"Dickson, TN",33.8,4.5,11.5
"Dyer, TN",33.1,4.5,11.5
"Fayette, TN",36.1,5.1,11.4
"Fentress, TN",26.4,4.2,9.6
"Franklin, TN",33.4,4.7,11.3
"Gibson, TN",30.5,4.0,10.6
"Giles, TN",31.2,4.5,11.3
"Grainger, TN",22.3,3.1,8.4
"Greene, TN",29.2,3.8,10.3
"Grundy, TN",26.3,4.5,9.8
"Hamblen, TN",30.4,3.7,10.0
"Hamilton, TN",41.4,5.5,13.4
"Hancock, TN",16.5,2.2,6.8
"Hardeman, TN",27.6,4.0,9.8
"Hardin, TN",30.5,4.6,11.8
"Hawkins, TN",26.2,3.3,8.7
"Haywood, TN",32.3,4.2,11.2
"Henderson, TN",27.3,3.7,9.8
"Henry, TN",35.4,4.8,12.6
"Hickman, TN",27.5,4.0,9.8
"Houston, TN",29.5,4.5,10.5
"Humphreys, TN",32.3,4.3,11.1
"Jackson, TN",27.0,4.5,10.4
"Jefferson, TN",30.2,3.7,10.2
"Johnson, TN",23.4,2.9,7.9
"Knox, TN",42.5,5.4,13.5
"Lake, TN",24.1,4.5,9.8
"Lauderdale, TN",30.3,4.6,11.5
"Lawrence, TN",27.8,3.7,10.0
"Lewis, TN",28.5,3.8,10.2
"Lincoln, TN",30.1,4.2,9.7
"Loudon, TN",36.6,3.9,10.8
"Macon, TN",27.9,4.2,10.2
"Madison, TN",37.2,4.9,12.8
"Marion, TN",31.3,4.6,11.4
"Marshall, TN",30.7,3.8,10.6
"Maury, TN",38.1,4.9,12.4
"McMinn, TN",27.7,3.1,9.3
"McNairy, TN",26.6,3.8,9.8
"Meigs, TN",24.4,3.4,9.1
"Monroe, TN",25.9,3.1,9.6
"Montgomery, TN",42.3,4.8,12.8
"Moore, TN",32.1,5.2,10.7
"Morgan, TN",25.4,3.6,8.8
"Obion, TN",29.7,3.9,10.6
"Overton, TN",28.9,4.4,10.3
"Perry, TN",25.6,3.7,9.7
"Pickett, TN",26.6,3.6,9.0
"Polk, TN",25.7,3.4,9.6
"Putnam, TN",33.8,4.5,11.7
"Rhea, TN",28.9,3.9,10.3
"Roane, TN",31.7,4.0,10.3
"Robertson, TN",35.7,4.5,11.8
"Rutherford, TN",41.8,5.3,12.8
"Scott, TN",26.4,3.4,9.6
"Sequatchie, TN",30.0,4.4,10.9
"Sevier, TN",32.9,3.7,10.7
"Shelby, TN",45.4,6.5,14.3
"Smith, TN",32.0,4.9,11.6
"Stewart, TN",30.5,4.0,10.1
"Sullivan, TN",34.7,4.4,11.3
"Sumner, TN",39.5,5.0,12.4
"Tipton, TN",35.3,5.4,12.1
"Trousdale, TN",32.7,5.1,12.0
"Unicoi, TN",26.6,3.6,9.6
"Union, TN",25.3,3.7,9.1
"Van Buren, TN",29.3,4.7,10.9
"Warren, TN",27.1,3.4,9.4
"Washington, TN",37.0,4.3,11.7
"Wayne, TN",26.6,4.4,10.5
"Weakley, TN",29.7,3.8,10.5
"White, TN",27.4,3.8,9.7
"Williamson, TN",52.0,6.4,14.2
"Wilson, TN",40.2,4.9,12.2
"Anderson, TX",44.9,6.8,14.8
"Andrews, TX",43.0,5.5,14.4
"Angelina, TX",42.6,5.7,13.4
"Aransas, TX",56.2,8.7,19.3
"Archer, TX",44.4,6.4,15.1
"Armstrong, TX",43.9,3.7,11.8
"Atascosa, TX",48.0,7.7,19.5
"Austin, TX",55.8,7.3,18.7
"Bailey, TX",41.7,5.0,14.5
"Bandera, TX",55.1,8.6,19.6
"Bastrop, TX",53.2,8.2,17.7
"Baylor, TX",40.9,5.0,13.5
"Bee, TX",49.5,8.4,20.8
"Bell, TX",52.8,7.7,16.1
"Bexar, TX",57.1,8.0,19.7
"Blanco, TX",55.5,7.7,18.8
"Borden, TX",36.1,6.5,13.1
"Bosque, TX",51.6,7.0,17.8
"Bowie, TX",43.0,5.7,12.7
"Brazoria, TX",53.0,6.9,15.9
"Brazos, TX",53.5,7.6,16.8
"Brewster, TX",56.2,11.0,22.8
"Briscoe, TX",40.8,6.2,16.3
"Brooks, TX",44.1,7.0,20.6
"Brown, TX",43.1,5.9,14.3
"Burleson, TX",48.2,6.6,16.1
"Burnet, TX",52.6,7.2,16.4
"Caldwell, TX",50.8,6.9,17.3
"Calhoun, TX",48.4,6.6,17.6
"Callahan, TX",44.6,6.1,13.6
"Cameron, TX",46.3,6.9,17.9
"Camp, TX",44.0,6.0,15.4
"Carson, TX",44.9,5.0,14.1
"Cass, TX",38.7,5.4,12.8
"Castro, TX",45.6,7.9,19.3
"Chambers, TX",53.6,7.5,16.6
"Cherokee, TX",41.4,5.7,13.7
"Childress, TX",47.2,6.8,15.5
"Clay, TX",42.6,5.3,12.7
"Cochran, TX",32.8,4.4,13.1
"Coke, TX",39.4,4.9,13.6
"Coleman, TX",46.8,6.6,16.4
"Collin, TX",61.3,7.1,16.0
"Collingsworth, TX",30.9,2.8,10.6
"Colorado, TX",54.5,7.6,18.9
"Comal, TX",60.4,8.7,19.4
"Comanche, TX",42.4,5.3,13.8
"Concho, TX",41.5,6.4,16.1
"Cooke, TX",50.7,7.4,16.9
"Coryell, TX",49.6,7.2,15.1
"Cottle, TX",38.8,5.9,13.2
"Crane, TX",45.7,5.7,14.7
"Crockett, TX",49.4,6.7,19.1
"Crosby, TX",36.6,4.7,14.6
"Culberson, TX",38.1,6.4,17.0
"Dallam, TX",44.6,7.1,16.9
"Dallas, TX",53.8,6.8,16.7
"Dawson, TX",38.5,4.9,13.7
"Deaf Smith, TX",44.2,6.0,17.5
"Delta, TX",38.8,4.9,12.3
"Denton, TX",58.1,7.4,16.0
"DeWitt, TX",52.4,7.7,18.4
"Dickens, TX",35.4,4.8,13.5
"Dimmit, TX",45.2,7.9,22.8
"Donley, TX",41.6,5.6,13.2
"Duval, TX",42.9,6.9,19.7
"Eastland, TX",40.3,6.4,14.4
"Ector, TX",44.5,7.2,17.3
"Edwards, TX",42.7,5.0,16.3
"El Paso, TX",49.6,7.4,19.6
"Ellis, TX",50.6,6.3,15.1
"Erath, TX",47.0,5.8,14.7
"Falls, TX",44.6,6.1,14.8
"Fannin, TX",41.8,5.4,13.2
"Fayette, TX",58.7,7.2,20.0
"Fisher, TX",36.6,4.1,12.5
"Floyd, TX",42.4,3.6,13.4
"Foard, TX",34.3,3.7,11.4
"Fort Bend, TX",58.4,7.0,16.2
"Franklin, TX",47.8,6.3,15.2
"Freestone, TX",46.5,5.9,13.8
"Frio, TX",46.2,7.0,19.3
"Gaines, TX",35.8,4.8,12.6
"Galveston, TX",58.6,8.5,18.9
"Garza, TX",44.4,6.1,16.3
"Gillespie, TX",64.5,8.9,21.1
"Glasscock, TX",49.6,6.8,17.8
"Goliad, TX",55.9,8.7,20.1
"Gonzales, TX",45.7,6.0,16.5
"Gray, TX",41.2,6.2,14.3
"Grayson, TX",48.7,6.5,15.3
"Gregg, TX",48.2,6.3,14.8
"Grimes, TX",48.8,8.0,17.2
"Guadalupe, TX",56.2,7.8,17.7
"Hale, TX",38.7,5.5,15.2
"Hall, TX",37.6,4.6,13.9
"Hamilton, TX",48.1,6.4,15.3
"Hansford, TX",47.9,3.8,14.3
"Hardeman, TX",36.8,3.4,12.0
"Hardin, TX",45.6,6.7,14.5
"Harris, TX",55.3,7.2,16.5
"Harrison, TX",43.7,6.3,13.7
"Hartley, TX",45.3,6.3,14.4
"Haskell, TX",35.6,5.2,13.2
"Hays, TX",61.1,8.8,19.6
"Hemphill, TX",43.9,4.4,12.0
"Henderson, TX",48.2,7.0,15.7
"Hidalgo, TX",44.6,6.6,17.7
"Hill, TX",46.0,6.4,15.3
"Hockley, TX",39.1,5.1,13.5
"Hood, TX",57.5,6.8,16.1
"Hopkins, TX",44.3,6.0,14.0
"Houston, TX",42.0,5.8,13.2
"Howard, TX",44.2,6.4,15.6
"Hudspeth, TX",38.3,5.8,16.6
"Hunt, TX",45.8,6.2,14.2
"Hutchinson, TX",41.0,5.7,14.4
"Irion, TX",50.2,5.7,17.1
"Jack, TX",44.2,6.2,13.8
"Jackson, TX",50.2,6.9,17.5
"Jasper, TX",40.0,6.3,13.8
"Jeff Davis, TX",53.9,7.4,18.8
"Jefferson, TX",50.3,7.4,16.8
"Jim Hogg, TX",49.8,7.9,22.2
"Jim Wells, TX",46.6,8.2,20.9
"Johnson, TX",48.2,6.5,14.8
"Jones, TX",40.1,5.8,14.2
"Karnes, TX",46.9,6.9,17.5
"Kaufman, TX",48.1,6.6,14.8
"Kendall, TX",62.8,8.4,19.2
"Kenedy, TX",46.7,7.0,17.9
"Kent, TX",36.3,4.7,12.8
"Kerr, TX",56.7,7.0,17.2
"Kimble, TX",50.3,5.7,15.8
"King, TX",33.7,4.5,10.6
"Kinney, TX",49.8,7.0,20.7
"Kleberg, TX",51.1,8.2,20.6
"Knox, TX",38.4,4.9,14.5
"La Salle, TX",46.5,7.8,21.9
"Lamar, TX",45.6,5.9,13.7
"Lamb, TX",38.1,4.9,15.0
"Lampasas, TX",48.1,7.3,15.5
"Lavaca, TX",54.3,9.6,22.1
"Lee, TX",45.8,6.6,14.3
"Leon, TX",45.3,7.4,16.6
"Liberty, TX",42.9,6.9,15.2
"Limestone, TX",45.0,5.9,14.2
"Lipscomb, TX",48.5,6.5,16.8
"Live Oak, TX",45.5,6.5,17.1
"Llano, TX",55.7,7.8,18.0
"Loving, TX",59.4,16.4,30.6
"Lubbock, TX",50.8,6.7,16.9
"Lynn, TX",39.6,4.3,13.9
"Madison, TX",42.1,6.4,13.9
"Marion, TX",43.9,8.0,15.8
"Martin, TX",39.7,4.7,13.9
"Mason, TX",54.6,4.5,15.7
"Matagorda, TX",49.3,6.9,17.4
"Maverick, TX",42.4,6.1,18.3
"McCulloch, TX",47.4,6.5,16.1
"McLennan, TX",51.6,6.3,15.9
"McMullen, TX",40.9,7.2,16.8
"Medina, TX",51.5,7.7,19.1
"Menard, TX",48.1,5.9,17.0
"Midland, TX",51.5,7.0,16.8
"Milam, TX",50.2,6.6,16.4
"Mills, TX",41.9,7.0,15.7
"Mitchell, TX",40.3,5.4,14.1
"Montague, TX",45.7,6.5,14.6
"Montgomery, TX",56.5,7.7,17.0
"Moore, TX",42.8,5.7,15.1
"Morris, TX",41.6,5.5,13.3
"Motley, TX",35.1,4.8,12.4
"Nacogdoches, TX",46.2,6.6,14.7
"Navarro, TX",45.3,5.7,13.8
"Newton, TX",39.1,6.2,13.1
"Nolan, TX",44.8,6.1,15.6
"Nueces, TX",55.1,8.8,21.3
"Ochiltree, TX",42.3,4.9,13.9
"Oldham, TX",42.0,5.2,13.5
"Orange, TX",45.2,7.4,15.2
"Palo Pinto, TX",44.7,6.4,14.9
"Panola, TX",43.1,5.8,13.1
"Parker, TX",49.8,6.3,14.6
"Parmer, TX",38.5,3.9,12.8
"Pecos, TX",45.8,7.0,18.8
"Polk, TX",44.4,7.1,15.5
"Potter, TX",45.0,6.4,16.0
"Presidio, TX",46.4,5.9,19.5
"Rains, TX",44.3,7.2,15.5
"Randall, TX",50.3,6.6,14.8
"Reagan, TX",45.1,6.5,17.3
"Real, TX",45.3,7.5,17.4
"Red River, TX",42.7,5.7,14.0
"Reeves, TX",44.5,7.4,20.2
"Refugio, TX",48.3,6.6,18.4
"Roberts, TX",49.9,4.1,13.9
"Robertson, TX",46.4,7.3,15.9
"Rockwall, TX",52.8,5.6,13.5
"Runnels, TX",49.9,6.9,19.1
"Rusk, TX",41.8,5.9,13.0
"Sabine, TX",40.1,6.6,15.4
"San Augustine, TX",38.0,6.5,13.7
"San Jacinto, TX",44.0,7.2,14.6
"San Patricio, TX",51.9,7.7,19.6
"San Saba, TX",41.9,5.6,14.2
"Schleicher, TX",43.9,5.0,14.8
"Scurry, TX",43.0,6.5,15.1
"Shackelford, TX",47.2,5.3,14.8
"Shelby, TX",38.0,5.6,12.2
"Sherman, TX",39.2,4.0,12.9
"Smith, TX",47.9,5.7,13.6
"Somervell, TX",50.1,5.4,15.0
"Starr, TX",40.3,6.1,18.9
"Stephens, TX",46.6,6.2,15.2
"Sterling, TX",48.4,3.5,14.2
"Stonewall, TX",40.6,4.1,12.8
"Sutton, TX",50.8,5.6,17.8
"Swisher, TX",41.8,4.4,13.9
"Tarrant, TX",56.6,6.7,16.2
"Taylor, TX",48.8,6.2,15.2
"Terrell, TX",44.7,4.5,17.5
"Terry, TX",40.0,5.1,13.9
"Throckmorton, TX",39.3,3.5,11.4
"Titus, TX",42.1,6.1,15.2
"Tom Green, TX",51.5,7.4,17.6
"Travis, TX",64.8,9.5,20.3
"Trinity, TX",39.4,7.1,14.4
"Tyler, TX",38.4,6.3,13.0
"Upshur, TX",44.0,8.0,14.9
"Upton, TX",39.2,4.5,14.4
"Uvalde, TX",47.5,6.5,19.1
"Val Verde, TX",49.1,7.5,19.7
"Van Zandt, TX",43.9,5.9,13.5
"Victoria, TX",53.9,8.0,19.6
"Walker, TX",47.6,7.4,15.6
"Waller, TX",49.5,7.1,16.0
"Ward, TX",44.5,6.3,16.0
"Washington, TX",59.7,5.6,17.8
"Webb, TX",47.4,7.1,20.6
"Wharton, TX",51.9,7.1,18.6
"Wheeler, TX",41.6,4.7,13.4
"Wichita, TX",49.3,7.1,16.3
"Wilbarger, TX",38.8,5.3,13.1
"Willacy, TX",44.7,7.1,20.5
"Williamson, TX",61.4,8.5,17.1
"Wilson, TX",53.2,7.5,18.4
"Winkler, TX",41.2,5.5,14.6
"Wise, TX",48.2,7.0,15.6
"Wood, TX",44.4,5.7,13.7
"Yoakum, TX",42.4,4.9,15.0
"Young, TX",44.0,5.2,13.3
"Zapata, TX",40.9,6.1,16.4
"Zavala, TX",40.7,5.6,17.6
"Beaver, UT",24.7,4.7,10.0
"Box Elder, UT",20.8,3.7,8.1
"Cache, UT",20.4,3.2,7.1
"Carbon, UT",36.4,5.5,12.4
"Daggett, UT",32.5,7.2,13.6
"Davis, UT",24.7,3.4,8.1
"Duchesne, UT",26.6,4.3,10.0
"Emery, UT",21.7,3.9,8.2
"Garfield, UT",25.5,4.6,8.6
"Grand, UT",47.7,6.7,14.2
"Iron, UT",26.8,4.1,8.9
"Juab, UT",21.9,3.9,8.0
"Kane, UT",33.9,5.2,10.3
"Millard, UT",20.4,3.8,8.4
"Morgan, UT",22.2,3.8,8.1
"Piute, UT",26.0,4.4,9.0
"Rich, UT",20.2,3.5,7.3
"Salt Lake, UT",38.6,5.8,13.4
"San Juan, UT",25.4,4.6,10.8
"Sanpete, UT",19.6,3.5,8.3
"Sevier, UT",22.4,3.9,7.9
"Summit, UT",60.0,9.3,16.8
"Tooele, UT",30.6,4.9,10.9
"Uintah, UT",29.3,5.0,10.5
"Utah, UT",14.9,2.7,5.7
"Wasatch, UT",30.6,5.5,9.7
"Washington, UT",29.0,4.7,8.6
"Wayne, UT",26.3,4.7,9.2
"Weber, UT",34.2,5.2,11.7
"Addison, VT",68.3,10.4,18.3
"Bennington, VT",66.2,9.9,18.1
"Caledonia, VT",65.1,10.1,18.1
"Chittenden, VT",71.8,10.5,19.3
"Essex, VT",62.8,10.2,18.1
"Franklin, VT",65.6,10.1,19.1
"Grand Isle, VT",68.4,9.4,18.8
"Lamoille, VT",69.6,13.1,20.5
"Orange, VT",66.1,9.8,17.5
"Orleans, VT",64.5,10.8,18.9
"Rutland, VT",64.1,10.3,19.4
"Washington, VT",69.9,10.8,19.5
"Windham, VT",66.1,10.9,19.1
"Windsor, VT",69.5,11.5,19.2
"Accomack, VA",48.0,6.5,14.0
"Albemarle, VA",63.4,7.5,16.0
"Alexandr, VA",68.4,8.0,17.3
"Alleghany, VA",45.2,5.7,13.5
"Amelia, VA",44.8,5.8,13.5
"Amherst, VA",45.6,5.7,13.3
"Appomattox, VA",43.9,5.8,13.1
"Arlington, VA",70.0,7.6,18.4
"Augusta County, Waynesbo, VA",50.2,6.2,14.0
"Bath, VA",48.2,9.5,17.4
"Bedford County, Bedfo, VA",48.6,6.1,13.6
"Bland, VA",35.4,4.7,11.0
"Botetourt, VA",46.3,5.2,12.7
"Brist, VA",35.6,4.9,12.1
"Brunswick, VA",37.9,4.8,11.8
"Buchanan, VA",23.6,3.6,9.2
"Buckingham, VA",38.4,4.9,12.2
"Buena Vis, VA",36.0,4.7,12.4
"Campbell, VA",45.7,5.8,12.9
"Caroline, VA",47.3,5.5,13.3
"Carroll, VA",36.7,4.7,11.7
"Charles City, VA",40.5,4.7,11.5
"Charlotte, VA",40.6,5.1,12.3
"Charlottesvil, VA",63.5,10.8,18.3
"Chesapea, VA",55.8,6.6,16.0
"Chesterfield, VA",60.1,6.7,15.8
"Clarke, VA",55.4,6.8,14.7
"Colonial Heigh, VA",47.6,5.6,13.3
"Covingt, VA",45.5,7.9,14.8
"Craig, VA",37.0,4.7,11.3
"Culpeper, VA",52.9,5.9,13.6
"Cumberland, VA",40.8,5.1,12.1
"Danvil, VA",43.2,4.6,12.5
"Dickenson, VA",25.4,3.8,10.0
"Dinwiddie, VA",46.6,6.1,14.2
"Empor, VA",43.9,5.4,13.6
"Essex, VA",47.4,5.4,12.9
"Fairfax County, Fairf, VA",67.2,6.9,15.9
"Falls Chur, VA",77.4,12.1,21.6
"Fauquier, VA",58.0,6.7,14.6
"Floyd, VA",41.2,5.2,12.1
"Fluvanna, VA",56.1,6.5,15.0
"Franklin, VA",42.8,5.0,11.9
"Frederick, VA",52.2,5.8,14.1
"Fredericksbu, VA",55.5,9.0,16.2
"Gal, VA",42.2,6.4,13.9
"Giles, VA",38.8,5.1,11.9
"Gloucester, VA",54.1,7.0,15.5
"Goochland, VA",55.4,7.4,15.4
"Grayson, VA",33.8,4.5,10.8
"Greene, VA",52.9,6.3,14.5
"Greensville, VA",35.4,4.3,11.1
"Halifax, VA",38.8,4.3,10.7
"Hampt, VA",52.2,6.3,15.0
"Hanover, VA",58.9,6.6,15.5
"Harrisonbu, VA",48.9,6.4,13.3
"Henrico, VA",61.2,7.1,16.8
"Henry, VA",35.7,4.2,10.9
"Highland, VA",54.5,11.7,19.8
"Hopewe, VA",45.4,5.8,14.6
"Isle of Wight, VA",53.4,6.8,15.2
"James City, VA",66.1,7.5,16.8
"King and Queen, VA",41.8,4.8,11.9
"King George, VA",52.3,5.5,13.1
"King William, VA",51.7,6.2,14.5
"Lancaster, VA",53.2,6.9,14.5
"Lee, VA",23.8,3.5,8.6
"Lexingt, VA",54.9,7.7,16.5
"Loudoun, VA",64.4,6.2,15.2
"Louisa, VA",49.2,5.5,13.1
"Lunenburg, VA",43.4,5.7,13.7
"Lynchbu, VA",49.0,6.0,12.9
"Madison, VA",52.2,6.7,13.8
"Manass, VA",59.7,7.1,15.3
"Martinsvil, VA",41.2,4.7,11.5
"Mathews, VA",55.5,8.8,16.9
"Mecklenburg, VA",44.8,5.5,12.7
"Middlesex, VA",56.4,8.4,16.5
"Montgomery, VA",51.1,5.8,13.9
"Nelson, VA",46.3,6.4,13.5
"New Kent, VA",53.0,6.3,14.5
"Newport Ne, VA",53.7,6.3,15.3
"Norfo, VA",52.7,7.5,16.1
"Northampton, VA",50.0,7.7,16.2
"Northumberland, VA",52.6,6.3,13.7
"Nort, VA",36.3,5.5,12.8
"Nottoway, VA",43.7,6.1,13.8
"Orange, VA",54.3,6.5,14.4
"Page, VA",47.0,6.1,14.1
"Patrick, VA",36.6,4.8,11.3
"Petersbu, VA",44.7,5.1,12.6
"Pittsylvania, VA",38.3,4.5,11.7
"Poquos, VA",66.8,9.9,19.0
"Portsmou, VA",48.4,6.3,15.0
"Powhatan, VA",51.9,6.4,14.8
"Prince Edward, VA",45.6,5.8,13.6
"Prince George, VA",46.3,5.2,12.6
"Prince William County, Manassas Pa, VA",57.1,5.0,13.2
"Pulaski, VA",41.1,5.0,12.3
"Radfo, VA",50.3,6.4,14.3
"Rappahannock, VA",53.4,6.2,13.6
"Richmo, VA",57.2,8.9,17.3
"Richmond, VA",41.1,5.1,11.7
"Roano, VA",48.0,5.9,13.7
"Roanoke, VA",53.9,5.7,13.7
"Rockbridge, VA",47.9,6.0,13.6
"Rockingham, VA",48.6,5.9,13.4
"Russell, VA",26.5,3.4,9.2
"Sal, VA",51.1,6.4,14.0
"Scott, VA",30.4,4.1,10.5
"Shenandoah, VA",51.9,7.4,15.5
"Smyth, VA",33.9,4.5,11.3
"Southampton County, Frankl, VA",44.1,5.6,13.5
"Spotsylvania, VA",56.3,5.9,13.9
"Stafford, VA",59.3,5.9,14.3
"Staunt, VA",55.1,8.6,16.4
"Suffo, VA",52.9,6.0,14.7
"Surry, VA",41.1,4.9,12.1
"Sussex, VA",40.7,5.6,12.6
"Tazewell, VA",32.4,4.5,10.8
"Virginia Bea, VA",63.2,8.7,18.6
"Warren, VA",52.5,6.1,14.4
"Washington, VA",36.9,4.5,11.4
"Westmoreland, VA",50.2,6.4,14.4
"Williamsbu, VA",63.5,10.0,18.2
"Winchest, VA",58.5,7.2,16.4
"Wise, VA",28.7,4.0,10.4
"Wythe, VA",38.3,5.1,11.9
"York, VA",64.9,8.2,17.3
"Adams, WA",40.1,5.0,13.4
"Asotin, WA",54.7,8.2,17.0
"Benton, WA",54.5,7.1,15.7
"Chelan, WA",54.7,6.8,15.3
"Clallam, WA",58.7,8.5,16.2
"Clark, WA",59.0,7.6,16.2
"Columbia, WA",54.1,8.0,16.0
"Cowlitz, WA",54.7,7.0,16.1
"Douglas, WA",57.5,7.7,16.3
"Ferry, WA",53.4,9.8,16.9
"Franklin, WA",44.0,5.5,13.7
"Garfield, WA",57.5,10.2,18.3
"Grant, WA",47.7,6.5,14.8
"Grays Harbor, WA",55.5,8.7,17.5
"Island, WA",64.4,10.1,17.3
"Jefferson, WA",66.5,10.6,17.5
"King, WA",64.8,9.5,17.9
"Kitsap, WA",59.8,7.8,16.1
"Kittitas, WA",63.5,9.7,19.1
"Klickitat, WA",54.5,8.3,16.4
"Lewis, WA",52.7,7.6,15.4
"Lincoln, WA",59.2,10.3,18.4
"Mason, WA",58.4,10.0,17.7
"Okanogan, WA",54.0,7.7,15.8
"Pacific, WA",57.9,9.5,17.8
"Pend Oreille, WA",58.3,10.6,18.7
"Pierce, WA",57.4,7.4,15.6
"San Juan, WA",72.3,13.4,19.7
"Skagit, WA",59.6,8.4,16.9
"Skamania, WA",59.8,10.8,18.1
"Snohomish, WA",59.5,8.4,17.0
"Spokane, WA",60.0,8.4,17.4
"Stevens, WA",56.9,9.5,18.1
"Thurston, WA",60.4,7.8,16.5
"Wahkiakum, WA",57.8,10.6,19.7
"Walla Walla, WA",51.8,6.6,15.3
"Whatcom, WA",62.7,8.8,17.1
"Whitman, WA",61.5,8.6,17.9
"Yakima, WA",49.0,5.8,15.2
"Barbour, WV",31.6,4.4,10.4
"Berkeley, WV",43.9,5.5,12.9
"Boone, WV",24.3,3.9,9.5
"Braxton, WV",27.8,4.6,10.1
"Brooke, WV",40.8,5.0,13.4
"Cabell, WV",36.9,5.3,11.9
"Calhoun, WV",26.3,4.2,9.9
"Clay, WV",25.3,4.0,9.4
"Doddridge, WV",29.0,4.2,10.1
"Fayette, WV",30.8,5.2,11.3
"Gilmer, WV",33.9,5.6,12.1
"Grant, WV",36.8,4.8,11.2
"Greenbrier, WV",36.3,5.9,12.3
"Hampshire, WV",36.5,5.1,12.1
"Hancock, WV",39.5,5.7,14.9
"Hardy, WV",38.2,5.0,11.9
"Harrison, WV",39.4,5.5,12.0
"Jackson, WV",31.2,4.3,10.2
"Jefferson, WV",49.1,6.4,13.9
"Kanawha, WV",36.4,4.7,11.4
"Lewis, WV",35.0,5.5,11.5
"Lincoln, WV",22.6,3.5,8.7
"Logan, WV",22.8,3.6,9.0
"Marion, WV",40.0,5.0,12.0
"Marshall, WV",40.9,5.1,14.0
"Mason, WV",30.2,4.5,10.4
"McDowell, WV",19.3,3.2,8.3
"Mercer, WV",29.0,4.0,9.5
"Mineral, WV",40.4,5.9,13.1
"Mingo, WV",22.7,3.8,9.2
"Monongalia, WV",46.8,5.9,14.0
"Monroe, WV",33.3,5.2,11.3
"Morgan, WV",41.6,5.3,12.6
"Nicholas, WV",29.5,4.8,10.5
"Ohio, WV",49.4,6.5,16.4
"Pendleton, WV",39.1,5.8,12.4
"Pleasants, WV",35.7,4.7,11.4
"Pocahontas, WV",33.6,4.8,11.6
"Preston, WV",36.4,5.1,11.8
"Putnam, WV",37.2,4.5,10.8
"Raleigh, WV",28.5,4.0,9.7
"Randolph, WV",36.2,4.9,11.5
"Ritchie, WV",30.8,4.3,10.3
"Roane, WV",28.7,4.4,10.4
"Summers, WV",28.4,4.2,10.1
"Taylor, WV",38.0,5.2,11.7
"Tucker, WV",37.0,5.2,11.7
"Tyler, WV",30.6,4.1,10.0
"Upshur, WV",31.3,4.8,10.6
"Wayne, WV",27.9,4.2,10.2
"Webster, WV",24.5,3.5,8.6
"Wetzel, WV",34.7,4.2,11.0
"Wirt, WV",29.7,4.3,9.7
"Wood, WV",37.5,5.0,12.0
"Wyoming, WV",23.5,4.2,9.5
"Adams, WI",62.3,13.0,24.4
"Ashland, WI",67.5,15.1,30.5
"Barron, WI",65.8,10.8,26.3
"Bayfield, WI",70.5,14.5,30.1
"Brown, WI",73.3,12.5,28.0
"Buffalo, WI",67.8,11.5,27.6
"Burnett, WI",66.2,14.5,28.3
"Calumet, WI",73.6,11.9,26.1
"Chippewa, WI",71.2,13.1,28.2
"Clark, WI",63.8,10.6,25.1
"Columbia, WI",68.7,10.7,25.2
"Crawford, WI",66.8,13.6,28.5
"Dane, WI",73.1,10.4,24.2
"Dodge, WI",67.3,10.2,24.3
"Door, WI",71.2,13.6,27.2
"Douglas, WI",71.5,14.7,30.3
"Dunn, WI",66.5,10.9,25.3
"Eau Claire, WI",69.8,10.4,24.5
"Florence, WI",68.8,11.2,26.4
"Fond du Lac, WI",71.6,11.6,25.8
"Forest, WI",65.6,11.3,27.9
"Grant, WI",69.7,13.9,29.5
"Green, WI",67.7,11.2,25.1
"Green Lake, WI",68.1,10.8,25.4
"Iowa, WI",69.4,12.1,26.2
"Iron, WI",72.3,13.2,30.7
"Jackson, WI",63.1,10.5,25.2
"Jefferson, WI",68.4,10.1,23.5
"Juneau, WI",64.9,12.1,26.4
"Kenosha, WI",66.3,11.1,23.3
"Kewaunee, WI",72.3,14.4,29.2
"La Crosse, WI",72.1,12.5,27.4
"Lafayette, WI",66.4,13.3,27.6
"Langlade, WI",67.8,13.6,28.6
"Lincoln, WI",68.2,12.0,26.8
"Manitowoc, WI",71.6,13.8,28.8
"Marathon, WI",71.5,12.7,26.8
"Marinette, WI",69.1,15.4,29.8
"Marquette, WI",64.0,10.6,24.1
"Menominee, WI",54.4,13.1,31.1
"Milwaukee, WI",64.5,9.8,22.4
"Monroe, WI",65.4,11.5,26.1
"Oconto, WI",68.8,12.7,27.5
"Oneida, WI",72.5,14.4,28.9
"Outagamie, WI",72.7,12.1,27.6
"Ozaukee, WI",75.8,11.7,25.5
"Pepin, WI",71.7,13.4,31.0
"Pierce, WI",70.7,11.8,27.6
"Polk, WI",66.7,11.2,25.9
"Portage, WI",75.2,14.4,29.6
"Price, WI",67.4,12.8,26.9
"Racine, WI",67.4,10.7,23.7
"Richland, WI",62.7,11.1,24.4
"Rock, WI",64.8,10.3,22.9
"Rusk, WI",62.9,10.8,23.8
"Sauk, WI",67.2,11.0,25.2
"Sawyer, WI",66.8,14.4,30.1
"Shawano, WI",64.3,10.7,25.0
"Sheboygan, WI",69.3,10.5,24.4
"St. Croix, WI",71.9,10.1,25.4
"Taylor, WI",68.1,12.5,27.5
"Trempealeau, WI",67.6,13.5,30.8
"Vernon, WI",62.2,9.6,22.8
"Vilas, WI",70.7,15.5,29.8
"Walworth, WI",68.4,10.9,23.9
"Washburn, WI",68.6,15.1,29.0
"Washington, WI",73.3,11.5,25.2
"Waukesha, WI",75.7,11.2,25.1
"Waupaca, WI",67.0,10.5,24.8
"Waushara, WI",67.8,12.5,26.8
"Winnebago, WI",71.2,11.8,25.3
"Wood, WI",70.2,12.9,28.0
"Albany, WY",64.3,8.0,18.6
"Big Horn, WY",46.8,7.0,14.6
"Campbell, WY",59.8,8.9,17.9
"Carbon, WY",58.9,10.2,21.1
"Converse, WY",62.4,9.0,19.5
"Crook, WY",66.6,12.3,23.1
"Fremont, WY",57.3,8.1,18.2
"Goshen, WY",59.0,8.2,18.0
"Hot Springs, WY",58.6,9.0,18.6
"Johnson, WY",67.5,9.6,20.5
"Laramie, WY",58.8,7.4,16.1
"Lincoln, WY",41.2,6.5,14.5
"Natrona, WY",60.2,8.7,18.7
"Niobrara, WY",57.0,8.7,17.7
"Park, WY",60.2,7.9,16.9
"Platte, WY",62.4,9.1,19.1
"Sheridan, WY",61.6,7.9,17.6
"Sublette, WY",63.7,11.0,21.5
"Sweetwater, WY",56.7,8.2,19.3
"Teton, WY",76.9,11.9,21.7
"Uinta, WY",41.4,6.1,13.9
"Washakie, WY",57.3,7.9,17.4
"Weston, WY",62.5,9.7,19.4
