county_state,obs_total_2006
"Autauga, AL",67.26
"Baldwin, AL",76.59
"Barbour, AL",59.95
"Bibb, AL",59.95
"Blount, AL",62.09
"Bullock, AL",58.69
"Butler, AL",66.85
"Calhoun, AL",64.35
"Chambers, AL",65.92
"Cherokee, AL",60.9
"Chilton, AL",61.58
"Choctaw, AL",63.45
"Clarke, AL",65.52
"Clay, AL",61.35
"Cleburne, AL",62.64
"Coffee, AL",69.91
"Colbert, AL",65.84
"Conecuh, AL",63.32
"Coosa, AL",60.59
"Covington, AL",64.91
"Crenshaw, AL",66.06
"Cullman, AL",67.42
"Dale, AL",69.58
"Dallas, AL",63.93
"DeKalb, AL",61.52
"Elmore, AL",67.6
"Escambia, AL",63.51
"Etowah, AL",62.83
"Fayette, AL",63.65
"Franklin, AL",60.7
"Geneva, AL",65.7
"Greene, AL",56.23
"Hale, AL",57.93
"Henry, AL",64.43
"Houston, AL",67.51
"Jackson, AL",63.46
"Jefferson, AL",68.42
"Lamar, AL",67.15
"Lauderdale, AL",67.67
"Lawrence, AL",65.99
"Lee, AL",72.01
"Limestone, AL",67.56
"Lowndes, AL",61.93
"Macon, AL",66.09
"Madison, AL",71.44
"Marengo, AL",64.06
"Marion, AL",64.1
"Marshall, AL",60.93
"Mobile, AL",67.58
"Monroe, AL",67.27
"Montgomery, AL",71.02
"Morgan, AL",70.09
"Perry, AL",58.42
"Pickens, AL",64.77
"Pike, AL",64.12
"Randolph, AL",66.98
"Russell, AL",63.45
"St. Clair, AL",68.08
"Shelby, AL",74.81
"Sumter, AL",61.82
"Talladega, AL",60.81
"Tallapoosa, AL",65.52
"Tuscaloosa, AL",67.12
"Walker, AL",62.45
"Washington, AL",66.86
"Wilcox, AL",59.73
"Winston, AL",62.36
"Aleutians East, AK",72.87
"Aleutians West, AK",76.32
"Anchorage, AK",76.39
"Bethel, AK",67.83
"Bristol Bay, AK",78.02
"Dillingham, AK",72.38
"Fairbanks North Star, AK",75.88
"Haines, AK",78.98
"Hoonah-Angoon, AK",76.99
"Juneau City and, AK",83.08
"Kenai Peninsula, AK",77.74
"Ketchikan Gateway, AK",75.75
"Kodiak Island, AK",78.29
"Lake and Peninsula, AK",69.94
"Matanuska-Susitna, AK",78.11
"Nome, AK",70.76
"North Slope, AK",66.95
"Northwest Arctic, AK",65.87
"Petersburg, AK",75.75
"Prince of Wales-Hyder, AK",75.75
"Sitka City and, AK",80.52
"Skagway, AK",76.99
"Southeast Fairbanks, AK",73.01
"Valdez-Cordova, AK",74.64
"Wade Hampton, AK",62.32
"Wrangell City and, AK",75.75
"Yakutat City and, AK",74.77
"Yukon-Koyukuk, AK",72.4
"Apache, AZ",65.01
"Cochise, AZ",72.57
"Coconino, AZ",80.01
"Gila, AZ",71.28
"Graham, AZ",72.24
"Greenlee, AZ",72.11
"La Paz, AZ",69.4
"Maricopa, AZ",76.0
"Mohave, AZ",72.1
"Navajo, AZ",73.52
"Pima, AZ",76.09
"Pinal, AZ",70.82
"Santa Cruz, AZ",68.64
"Yavapai, AZ",77.47
"Yuma, AZ",70.18
"Arkansas, AR",64.93
"Ashley, AR",61.63
"Baxter, AR",72.39
"Benton, AR",72.01
"Boone, AR",72.17
"Bradley, AR",57.19
"Calhoun, AR",66.3
"Carroll, AR",69.88
"Chicot, AR",61.0
"Clark, AR",66.95
"Clay, AR",60.42
"Cleburne, AR",68.44
"Cleveland, AR",69.42
"Columbia, AR",69.33
"Conway, AR",69.09
"Craighead, AR",70.56
"Crawford, AR",67.75
"Crittenden, AR",62.16
"Cross, AR",62.32
"Dallas, AR",60.19
"Desha, AR",58.98
"Drew, AR",67.34
"Faulkner, AR",71.17
"Franklin, AR",67.18
"Fulton, AR",71.87
"Garland, AR",71.7
"Grant, AR",65.49
"Greene, AR",66.56
"Hempstead, AR",66.22
"Hot Spring, AR",63.49
"Howard, AR",68.68
"Independence, AR",68.38
"Izard, AR",69.77
"Jackson, AR",58.44
"Jefferson, AR",64.64
"Johnson, AR",64.81
"Lafayette, AR",64.01
"Lawrence, AR",62.17
"Lee, AR",52.87
"Lincoln, AR",62.66
"Little River, AR",65.98
"Logan, AR",66.83
"Lonoke, AR",68.98
"Madison, AR",69.51
"Marion, AR",72.75
"Miller, AR",66.23
"Mississippi, AR",57.28
"Monroe, AR",58.0
"Montgomery, AR",71.13
"Nevada, AR",66.62
"Newton, AR",72.15
"Ouachita, AR",64.15
"Perry, AR",66.54
"Phillips, AR",55.28
"Pike, AR",68.36
"Poinsett, AR",58.83
"Polk, AR",69.63
"Pope, AR",73.94
"Prairie, AR",64.88
"Pulaski, AR",70.87
"Randolph, AR",66.57
"St. Francis, AR",56.44
"Saline, AR",72.6
"Scott, AR",66.77
"Searcy, AR",68.09
"Sebastian, AR",68.42
"Sevier, AR",63.06
"Sharp, AR",68.8
"Stone, AR",66.34
"Union, AR",67.64
"Van Buren, AR",70.9
"Washington, AR",74.12
"White, AR",69.51
"Woodruff, AR",60.78
"Yell, AR",60.71
"Alameda, CA",81.94
"Alpine, CA",77.9
"Amador, CA",77.76
"Butte, CA",78.43
"Calaveras, CA",78.25
"Colusa, CA",65.97
"Contra Costa, CA",78.43
"Del Norte, CA",75.0
"El Dorado, CA",80.18
"Fresno, CA",70.96
"Glenn, CA",70.69
"Humboldt, CA",77.26
"Imperial, CA",65.17
"Inyo, CA",75.47
"Kern, CA",67.68
"Kings, CA",65.8
"Lake, CA",77.59
"Lassen, CA",73.06
"Los Angeles, CA",73.61
"Madera, CA",68.16
"Marin, CA",86.54
"Mariposa, CA",77.52
"Mendocino, CA",79.33
"Merced, CA",66.57
"Modoc, CA",76.19
"Mono, CA",78.98
"Monterey, CA",74.57
"Napa, CA",78.44
"Nevada, CA",82.28
"Orange, CA",79.02
"Placer, CA",83.2
"Plumas, CA",78.81
"Riverside, CA",73.62
"Sacramento, CA",78.41
"San Benito, CA",75.49
"San Bernardino, CA",68.53
"San Diego, CA",78.2
"San Francisco, CA",82.83
"San Joaquin, CA",75.27
"San Luis Obispo, CA",79.32
"San Mateo, CA",83.71
"Santa Barbara, CA",75.6
"Santa Clara, CA",81.01
"Santa Cruz, CA",81.52
"Shasta, CA",79.24
"Sierra, CA",78.2
"Siskiyou, CA",79.0
"Solano, CA",77.34
"Sonoma, CA",82.62
"Stanislaus, CA",68.87
"Sutter, CA",73.78
"Tehama, CA",74.51
"Trinity, CA",78.8
"Tulare, CA",66.21
"Tuolumne, CA",75.97
"Ventura, CA",79.0
"Yolo, CA",75.77
"Yuba, CA",73.53
"Adams, CO",81.67
"Alamosa, CO",74.32
"Arapahoe, CO",82.01
"Archuleta, CO",80.65
"Baca, CO",73.39
"Bent, CO",70.58
"Boulder, CO",81.67
"Broomfield, CO",81.67
"Chaffee, CO",81.67
"Cheyenne, CO",77.51
"Clear Creek, CO",82.21
"Conejos, CO",72.29
"Costilla, CO",67.97
"Crowley, CO",64.77
"Custer, CO",81.27
"Delta, CO",78.06
"Denver, CO",78.24
"Dolores, CO",79.5
"Douglas, CO",87.08
"Eagle, CO",83.4
"Elbert, CO",83.83
"El Paso, CO",80.52
"Fremont, CO",75.45
"Garfield, CO",83.25
"Gilpin, CO",82.63
"Grand, CO",84.12
"Gunnison, CO",82.12
"Hinsdale, CO",83.64
"Huerfano, CO",73.4
"Jackson, CO",82.4
"Jefferson, CO",81.67
"Kiowa, CO",76.17
"Kit Carson, CO",73.2
"Lake, CO",79.09
"La Plata, CO",84.96
"Larimer, CO",83.17
"Las Animas, CO",72.48
"Lincoln, CO",75.42
"Logan, CO",75.99
"Mesa, CO",79.32
"Mineral, CO",81.92
"Moffat, CO",76.76
"Montezuma, CO",78.8
"Montrose, CO",77.33
"Morgan, CO",72.84
"Otero, CO",69.75
"Ouray, CO",81.42
"Park, CO",83.79
"Phillips, CO",72.37
"Pitkin, CO",85.95
"Prowers, CO",69.27
"Pueblo, CO",75.27
"Rio Blanco, CO",82.35
"Rio Grande, CO",74.1
"Routt, CO",85.82
"Saguache, CO",69.29
"San Juan, CO",82.08
"San Miguel, CO",82.41
"Sedgwick, CO",72.45
"Summit, CO",84.82
"Teller, CO",81.38
"Washington, CO",76.39
"Weld, CO",81.67
"Yuma, CO",73.42
"Fairfield, CT",78.41
"Hartford, CT",75.74
"Litchfield, CT",80.34
"Middlesex, CT",79.91
"New Haven, CT",71.5
"New London, CT",79.24
"Tolland, CT",80.28
"Windham, CT",75.75
"Kent, DE",70.66
"New Castle, DE",75.23
"Sussex, DE",73.35
"District of Columbia, DC",77.09
"Alachua, FL",77.29
"Baker, FL",66.94
"Bay, FL",73.31
"Bradford, FL",63.87
"Brevard, FL",76.63
"Broward, FL",73.99
"Calhoun, FL",66.92
"Charlotte, FL",79.52
"Citrus, FL",73.78
"Clay, FL",74.88
"Collier, FL",78.25
"Columbia, FL",69.41
"DeSoto, FL",65.43
"Dixie, FL",68.26
"Duval, FL",72.44
"Escambia, FL",72.85
"Flagler, FL",78.44
"Franklin, FL",72.03
"Gadsden, FL",68.08
"Gilchrist, FL",71.39
"Glades, FL",70.28
"Gulf, FL",72.65
"Hamilton, FL",62.66
"Hardee, FL",59.16
"Hendry, FL",62.03
"Hernando, FL",74.64
"Highlands, FL",72.46
"Hillsborough, FL",72.0
"Holmes, FL",65.83
"Indian River, FL",76.21
"Jackson, FL",69.76
"Jefferson, FL",71.32
"Lafayette, FL",70.44
"Lake, FL",74.81
"Lee, FL",75.98
"Leon, FL",78.23
"Levy, FL",70.42
"Liberty, FL",70.2
"Madison, FL",68.44
"Manatee, FL",76.78
"Marion, FL",72.92
"Martin, FL",81.07
"Miami-Dade, FL",64.51
"Monroe, FL",76.52
"Nassau, FL",73.12
"Okaloosa, FL",76.44
"Okeechobee, FL",64.65
"Orange, FL",72.86
"Osceola, FL",68.84
"Palm Beach, FL",77.45
"Pasco, FL",75.96
"Pinellas, FL",73.8
"Polk, FL",70.57
"Putnam, FL",68.04
"St. Johns, FL",81.8
"St. Lucie, FL",76.33
"Santa Rosa, FL",75.48
"Sarasota, FL",79.49
"Seminole, FL",76.29
"Sumter, FL",77.47
"Suwannee, FL",70.5
"Taylor, FL",69.0
"Union, FL",66.29
"Volusia, FL",75.41
"Wakulla, FL",73.29
"Walton, FL",71.73
"Washington, FL",67.94
"Appling, GA",64.92
"Atkinson, GA",62.0
"Bacon, GA",62.06
"Baker, GA",62.96
"Baldwin, GA",67.49
"Banks, GA",67.17
"Barrow, GA",69.06
"Bartow, GA",69.3
"Ben Hill, GA",60.89
"Berrien, GA",62.5
"Bibb, GA",66.28
"Bleckley, GA",64.01
"Brantley, GA",63.14
"Brooks, GA",65.51
"Bryan, GA",70.9
"Bulloch, GA",71.36
"Burke, GA",62.22
"Butts, GA",65.88
"Calhoun, GA",59.47
"Camden, GA",73.06
"Candler, GA",62.85
"Carroll, GA",69.99
"Catoosa, GA",72.13
"Charlton, GA",59.13
"Chatham, GA",70.39
"Chattahoochee, GA",73.32
"Chattooga, GA",61.66
"Cherokee, GA",77.6
"Clarke, GA",72.83
"Clay, GA",63.28
"Clayton, GA",67.81
"Clinch, GA",58.06
"Cobb, GA",77.66
"Coffee, GA",61.61
"Colquitt, GA",64.1
"Columbia, GA",78.84
"Cook, GA",61.89
"Coweta, GA",73.72
"Crawford, GA",65.11
"Crisp, GA",63.09
"Dade, GA",67.2
"Dawson, GA",77.05
"Decatur, GA",63.37
"DeKalb, GA",75.92
"Dodge, GA",63.43
"Dooly, GA",60.1
"Dougherty, GA",66.63
"Douglas, GA",74.38
"Early, GA",61.62
"Echols, GA",62.88
"Effingham, GA",72.9
"Elbert, GA",63.47
"Emanuel, GA",60.86
"Evans, GA",60.22
"Fannin, GA",72.4
"Fayette, GA",78.3
"Floyd, GA",67.94
"Forsyth, GA",80.27
"Franklin, GA",69.57
"Fulton, GA",76.73
"Gilmer, GA",71.56
"Glascock, GA",62.21
"Glynn, GA",74.89
"Gordon, GA",66.33
"Grady, GA",66.8
"Greene, GA",65.85
"Gwinnett, GA",75.96
"Habersham, GA",70.17
"Hall, GA",69.31
"Hancock, GA",57.5
"Haralson, GA",65.62
"Harris, GA",74.17
"Hart, GA",66.52
"Heard, GA",66.52
"Henry, GA",73.89
"Houston, GA",71.26
"Irwin, GA",59.23
"Jackson, GA",68.54
"Jasper, GA",66.54
"Jeff Davis, GA",63.97
"Jefferson, GA",61.06
"Jenkins, GA",59.45
"Johnson, GA",55.34
"Jones, GA",69.04
"Lamar, GA",65.27
"Lanier, GA",68.17
"Laurens, GA",65.25
"Lee, GA",74.21
"Liberty, GA",67.07
"Lincoln, GA",67.24
"Long, GA",64.59
"Lowndes, GA",69.07
"Lumpkin, GA",72.6
"McDuffie, GA",63.74
"McIntosh, GA",64.67
"Macon, GA",58.57
"Madison, GA",66.62
"Marion, GA",67.58
"Meriwether, GA",62.83
"Miller, GA",64.51
"Mitchell, GA",62.12
"Monroe, GA",70.93
"Montgomery, GA",68.54
"Morgan, GA",69.99
"Murray, GA",64.82
"Muscogee, GA",69.81
"Newton, GA",68.99
"Oconee, GA",76.78
"Oglethorpe, GA",67.59
"Paulding, GA",72.66
"Peach, GA",64.75
"Pickens, GA",73.34
"Pierce, GA",62.4
"Pike, GA",71.38
"Polk, GA",64.45
"Pulaski, GA",63.14
"Putnam, GA",69.28
"Quitman, GA",57.83
"Rabun, GA",71.99
"Randolph, GA",63.73
"Richmond, GA",67.05
"Rockdale, GA",72.72
"Schley, GA",65.2
"Screven, GA",66.58
"Seminole, GA",62.66
"Spalding, GA",63.17
"Stephens, GA",69.96
"Stewart, GA",58.64
"Sumter, GA",66.85
"Talbot, GA",63.44
"Taliaferro, GA",56.58
"Tattnall, GA",61.95
"Taylor, GA",55.89
"Telfair, GA",59.43
"Terrell, GA",59.71
"Thomas, GA",68.44
"Tift, GA",65.8
"Toombs, GA",65.71
"Towns, GA",73.94
"Treutlen, GA",59.29
"Troup, GA",69.82
"Turner, GA",57.99
"Twiggs, GA",54.13
"Union, GA",73.9
"Upson, GA",65.66
"Walker, GA",66.42
"Walton, GA",68.94
"Ware, GA",62.03
"Warren, GA",57.78
"Washington, GA",64.74
"Wayne, GA",66.13
"Webster, GA",63.57
"Wheeler, GA",61.18
"White, GA",71.85
"Whitfield, GA",65.84
"Wilcox, GA",59.43
"Wilkes, GA",62.57
"Wilkinson, GA",65.21
"Worth, GA",66.54
"Hawaii, HI",80.5
"Honolulu, HI",80.28
"Kalawao, HI",82.84
"Kauai, HI",82.45
"Maui, HI",82.84
"Ada, ID",81.64
"Adams, ID",77.24
"Bannock, ID",78.11
"Bear Lake, ID",77.29
"Benewah, ID",76.73
"Bingham, ID",75.65
"Blaine, ID",83.19
"Boise, ID",76.57
"Bonner, ID",80.63
"Bonneville, ID",78.15
"Boundary, ID",77.78
"Butte, ID",77.23
"Camas, ID",77.93
"Canyon, ID",74.35
"Caribou, ID",76.91
"Cassia, ID",73.68
"Clark, ID",67.18
"Clearwater, ID",76.3
"Custer, ID",80.41
"Elmore, ID",74.22
"Franklin, ID",77.79
"Fremont, ID",78.42
"Gem, ID",71.81
"Gooding, ID",69.31
"Idaho, ID",73.99
"Jefferson, ID",75.03
"Jerome, ID",70.28
"Kootenai, ID",80.57
"Latah, ID",80.91
"Lemhi, ID",78.86
"Lewis, ID",77.05
"Lincoln, ID",75.06
"Madison, ID",78.56
"Minidoka, ID",69.93
"Nez Perce, ID",77.42
"Oneida, ID",78.08
"Owyhee, ID",67.49
"Payette, ID",73.93
"Power, ID",72.43
"Shoshone, ID",72.6
"Teton, ID",81.99
"Twin Falls, ID",73.89
"Valley, ID",80.0
"Washington, ID",73.76
"Adams, IL",72.88
"Alexander, IL",64.05
"Bond, IL",69.77
"Boone, IL",73.62
"Brown, IL",68.53
"Bureau, IL",74.65
"Calhoun, IL",73.33
"Carroll, IL",74.27
"Cass, IL",73.21
"Champaign, IL",76.24
"Christian, IL",70.84
"Clark, IL",71.07
"Clay, IL",70.99
"Clinton, IL",70.07
"Coles, IL",72.64
"Cook, IL",72.66
"Crawford, IL",70.8
"Cumberland, IL",74.23
"DeKalb, IL",76.14
"De Witt, IL",75.14
"Douglas, IL",70.55
"DuPage, IL",79.59
"Edgar, IL",71.85
"Edwards, IL",73.66
"Effingham, IL",74.28
"Fayette, IL",67.81
"Ford, IL",73.14
"Franklin, IL",69.8
"Fulton, IL",69.67
"Gallatin, IL",66.56
"Greene, IL",70.87
"Grundy, IL",74.61
"Hamilton, IL",66.03
"Hancock, IL",72.3
"Hardin, IL",66.75
"Henderson, IL",72.86
"Henry, IL",74.5
"Iroquois, IL",71.78
"Jackson, IL",75.23
"Jasper, IL",72.79
"Jefferson, IL",69.35
"Jersey, IL",72.96
"Jo Daviess, IL",78.23
"Johnson, IL",66.93
"Kane, IL",74.7
"Kankakee, IL",69.4
"Kendall, IL",78.61
"Knox, IL",72.75
"Lake, IL",77.47
"La Salle, IL",73.37
"Lawrence, IL",69.91
"Lee, IL",73.44
"Livingston, IL",72.13
"Logan, IL",71.78
"McDonough, IL",73.62
"McHenry, IL",80.1
"McLean, IL",78.73
"Macon, IL",72.8
"Macoupin, IL",72.68
"Madison, IL",70.85
"Marion, IL",70.4
"Marshall, IL",75.97
"Mason, IL",71.5
"Massac, IL",70.58
"Menard, IL",76.78
"Mercer, IL",76.09
"Monroe, IL",74.39
"Montgomery, IL",70.23
"Morgan, IL",72.82
"Moultrie, IL",70.94
"Ogle, IL",73.71
"Peoria, IL",75.26
"Perry, IL",70.03
"Piatt, IL",75.36
"Pike, IL",73.71
"Pope, IL",70.62
"Pulaski, IL",65.09
"Putnam, IL",73.33
"Randolph, IL",70.3
"Richland, IL",74.59
"Rock Island, IL",71.59
"St. Clair, IL",69.4
"Saline, IL",67.5
"Sangamon, IL",75.73
"Schuyler, IL",74.43
"Scott, IL",74.4
"Shelby, IL",74.63
"Stark, IL",75.53
"Stephenson, IL",74.93
"Tazewell, IL",74.18
"Union, IL",68.84
"Vermilion, IL",65.97
"Wabash, IL",71.12
"Warren, IL",73.67
"Washington, IL",72.27
"Wayne, IL",70.68
"White, IL",68.71
"Whiteside, IL",72.03
"Will, IL",73.17
"Williamson, IL",72.68
"Winnebago, IL",70.54
"Woodford, IL",78.83
"Adams, IN",72.15
"Allen, IN",75.42
"Bartholomew, IN",71.48
"Benton, IN",73.33
"Blackford, IN",69.52
"Boone, IN",76.25
"Brown, IN",73.8
"Carroll, IN",71.54
"Cass, IN",67.48
"Clark, IN",67.86
"Clay, IN",72.78
"Clinton, IN",67.99
"Crawford, IN",65.43
"Daviess, IN",68.42
"Dearborn, IN",69.96
"Decatur, IN",69.26
"DeKalb, IN",75.24
"Delaware, IN",70.48
"Dubois, IN",74.68
"Elkhart, IN",72.36
"Fayette, IN",67.41
"Floyd, IN",71.94
"Fountain, IN",68.34
"Franklin, IN",72.27
"Fulton, IN",70.57
"Gibson, IN",73.21
"Grant, IN",69.06
"Greene, IN",70.89
"Hamilton, IN",80.1
"Hancock, IN",72.35
"Harrison, IN",72.21
"Hendricks, IN",76.23
"Henry, IN",68.6
"Howard, IN",68.83
"Huntington, IN",75.03
"Jackson, IN",68.56
"Jasper, IN",72.62
"Jay, IN",67.2
"Jefferson, IN",71.16
"Jennings, IN",66.11
"Johnson, IN",71.83
"Knox, IN",70.74
"Kosciusko, IN",74.28
"LaGrange, IN",63.54
"Lake, IN",67.53
"LaPorte, IN",72.66
"Lawrence, IN",68.13
"Madison, IN",68.28
"Marion, IN",69.95
"Marshall, IN",71.34
"Martin, IN",69.46
"Miami, IN",68.75
"Monroe, IN",76.63
"Montgomery, IN",71.14
"Morgan, IN",71.03
"Newton, IN",72.04
"Noble, IN",70.29
"Ohio, IN",69.19
"Orange, IN",62.07
"Owen, IN",70.0
"Parke, IN",68.11
"Perry, IN",69.16
"Pike, IN",73.77
"Porter, IN",73.91
"Posey, IN",71.94
"Pulaski, IN",68.92
"Putnam, IN",71.78
"Randolph, IN",70.98
"Ripley, IN",70.66
"Rush, IN",69.46
"St. Joseph, IN",70.66
"Scott, IN",62.06
"Shelby, IN",69.52
"Spencer, IN",71.2
"Starke, IN",70.1
"Steuben, IN",76.41
"Sullivan, IN",70.28
"Switzerland, IN",69.97
"Tippecanoe, IN",73.92
"Tipton, IN",73.63
"Union, IN",71.94
"Vanderburgh, IN",72.71
"Vermillion, IN",69.43
"Vigo, IN",68.01
"Wabash, IN",71.11
"Warren, IN",70.0
"Warrick, IN",75.5
"Washington, IN",66.15
"Wayne, IN",69.85
"Wells, IN",75.38
"White, IN",69.94
"Whitley, IN",74.69
"Adair, IA",78.39
"Adams, IA",77.5
"Allamakee, IA",77.17
"Appanoose, IA",74.8
"Audubon, IA",74.08
"Benton, IA",75.16
"Black Hawk, IA",76.07
"Boone, IA",76.31
"Bremer, IA",77.16
"Buchanan, IA",73.96
"Buena Vista, IA",75.58
"Butler, IA",74.31
"Calhoun, IA",76.82
"Carroll, IA",75.07
"Cass, IA",76.62
"Cedar, IA",77.26
"Cerro Gordo, IA",77.1
"Cherokee, IA",78.79
"Chickasaw, IA",73.87
"Clarke, IA",73.85
"Clay, IA",77.97
"Clayton, IA",77.1
"Clinton, IA",74.03
"Crawford, IA",70.21
"Dallas, IA",78.13
"Davis, IA",74.76
"Decatur, IA",73.16
"Delaware, IA",77.68
"Des Moines, IA",74.83
"Dickinson, IA",80.61
"Dubuque, IA",78.72
"Emmet, IA",75.17
"Fayette, IA",75.59
"Floyd, IA",72.87
"Franklin, IA",74.45
"Fremont, IA",75.03
"Greene, IA",74.69
"Grundy, IA",77.92
"Guthrie, IA",77.96
"Hamilton, IA",76.67
"Hancock, IA",76.56
"Hardin, IA",75.21
"Harrison, IA",75.18
"Henry, IA",76.69
"Howard, IA",74.67
"Humboldt, IA",74.25
"Ida, IA",78.17
"Iowa, IA",76.22
"Jackson, IA",76.06
"Jasper, IA",77.09
"Jefferson, IA",78.54
"Johnson, IA",83.0
"Jones, IA",77.09
"Keokuk, IA",76.66
"Kossuth, IA",74.6
"Lee, IA",72.29
"Linn, IA",77.29
"Louisa, IA",72.45
"Lucas, IA",72.51
"Lyon, IA",76.51
"Madison, IA",79.28
"Mahaska, IA",76.15
"Marion, IA",77.28
"Marshall, IA",76.28
"Mills, IA",71.85
"Mitchell, IA",76.18
"Monona, IA",74.37
"Monroe, IA",74.9
"Montgomery, IA",74.82
"Muscatine, IA",71.78
"OBrien, IA",75.56
"Osceola, IA",74.89
"Page, IA",75.9
"Palo Alto, IA",75.31
"Plymouth, IA",76.27
"Pocahontas, IA",76.32
"Polk, IA",76.0
"Pottawattamie, IA",72.39
"Poweshiek, IA",76.95
"Ringgold, IA",76.27
"Sac, IA",75.54
"Scott, IA",77.14
"Shelby, IA",75.91
"Sioux, IA",76.71
"Story, IA",78.82
"Tama, IA",75.27
"Taylor, IA",76.3
"Union, IA",77.08
"Van Buren, IA",75.52
"Wapello, IA",73.77
"Warren, IA",75.77
"Washington, IA",77.16
"Wayne, IA",74.57
"Webster, IA",72.35
"Winnebago, IA",77.14
"Winneshiek, IA",78.34
"Woodbury, IA",73.15
"Worth, IA",77.91
"Wright, IA",76.41
"Allen, KS",70.61
"Anderson, KS",74.56
"Atchison, KS",71.68
"Barber, KS",75.91
"Barton, KS",74.45
"Bourbon, KS",74.32
"Brown, KS",73.28
"Butler, KS",73.03
"Chase, KS",75.56
"Chautauqua, KS",68.64
"Cherokee, KS",66.9
"Cheyenne, KS",75.97
"Clark, KS",77.64
"Clay, KS",74.57
"Cloud, KS",77.56
"Coffey, KS",76.81
"Comanche, KS",77.56
"Cowley, KS",69.01
"Crawford, KS",71.63
"Decatur, KS",75.61
"Dickinson, KS",73.85
"Doniphan, KS",70.35
"Douglas, KS",75.23
"Edwards, KS",74.12
"Elk, KS",68.6
"Ellis, KS",76.93
"Ellsworth, KS",78.56
"Finney, KS",68.95
"Ford, KS",69.24
"Franklin, KS",74.04
"Geary, KS",75.63
"Gove, KS",76.29
"Graham, KS",76.67
"Grant, KS",72.06
"Gray, KS",73.31
"Greeley, KS",78.76
"Greenwood, KS",72.42
"Hamilton, KS",72.27
"Harper, KS",71.66
"Harvey, KS",76.16
"Haskell, KS",71.7
"Hodgeman, KS",78.88
"Jackson, KS",75.33
"Jefferson, KS",72.34
"Jewell, KS",78.11
"Johnson, KS",81.56
"Kearny, KS",69.4
"Kingman, KS",74.16
"Kiowa, KS",76.94
"Labette, KS",68.06
"Lane, KS",75.89
"Leavenworth, KS",74.46
"Lincoln, KS",77.73
"Linn, KS",71.74
"Logan, KS",75.92
"Lyon, KS",73.34
"McPherson, KS",77.32
"Marion, KS",74.87
"Marshall, KS",75.09
"Meade, KS",75.72
"Miami, KS",75.94
"Mitchell, KS",79.28
"Montgomery, KS",68.67
"Morris, KS",75.46
"Morton, KS",76.95
"Nemaha, KS",74.99
"Neosho, KS",68.6
"Ness, KS",76.15
"Norton, KS",75.98
"Osage, KS",73.64
"Osborne, KS",76.41
"Ottawa, KS",76.43
"Pawnee, KS",75.86
"Phillips, KS",75.72
"Pottawatomie, KS",76.99
"Pratt, KS",74.95
"Rawlins, KS",77.11
"Reno, KS",75.91
"Republic, KS",79.55
"Rice, KS",74.42
"Riley, KS",76.11
"Rooks, KS",77.89
"Rush, KS",74.64
"Russell, KS",76.21
"Saline, KS",73.68
"Scott, KS",76.82
"Sedgwick, KS",73.6
"Seward, KS",67.71
"Shawnee, KS",73.25
"Sheridan, KS",76.63
"Sherman, KS",76.4
"Smith, KS",76.44
"Stafford, KS",74.75
"Stanton, KS",69.57
"Stevens, KS",69.72
"Sumner, KS",72.61
"Thomas, KS",74.64
"Trego, KS",77.74
"Wabaunsee, KS",76.53
"Wallace, KS",74.87
"Washington, KS",74.96
"Wichita, KS",69.97
"Wilson, KS",66.04
"Woodson, KS",70.91
"Wyandotte, KS",61.85
"Adair, KY",61.91
"Allen, KY",61.22
"Anderson, KY",68.24
"Ballard, KY",71.68
"Barren, KY",62.6
"Bath, KY",58.63
"Bell, KY",56.46
"Boone, KY",72.11
"Bourbon, KY",67.3
"Boyd, KY",65.39
"Boyle, KY",68.65
"Bracken, KY",63.03
"Breathitt, KY",55.76
"Breckinridge, KY",65.46
"Bullitt, KY",67.17
"Butler, KY",63.3
"Caldwell, KY",66.97
"Calloway, KY",73.08
"Campbell, KY",70.46
"Carlisle, KY",67.96
"Carroll, KY",64.71
"Carter, KY",63.72
"Casey, KY",60.86
"Christian, KY",66.06
"Clark, KY",64.47
"Clay, KY",56.23
"Clinton, KY",56.0
"Crittenden, KY",64.5
"Cumberland, KY",60.02
"Daviess, KY",67.17
"Edmonson, KY",63.97
"Elliott, KY",60.99
"Estill, KY",59.06
"Fayette, KY",73.79
"Fleming, KY",62.22
"Floyd, KY",55.53
"Franklin, KY",66.68
"Fulton, KY",61.8
"Gallatin, KY",62.19
"Garrard, KY",65.65
"Grant, KY",66.38
"Graves, KY",66.46
"Grayson, KY",61.49
"Green, KY",64.34
"Greenup, KY",63.53
"Hancock, KY",68.79
"Hardin, KY",67.61
"Harlan, KY",57.51
"Harrison, KY",67.68
"Hart, KY",56.21
"Henderson, KY",69.54
"Henry, KY",64.55
"Hickman, KY",62.8
"Hopkins, KY",64.49
"Jackson, KY",54.94
"Jefferson, KY",70.98
"Jessamine, KY",71.37
"Johnson, KY",59.48
"Kenton, KY",70.73
"Knott, KY",58.15
"Knox, KY",60.15
"Larue, KY",66.94
"Laurel, KY",61.16
"Lawrence, KY",61.24
"Lee, KY",58.08
"Leslie, KY",57.98
"Letcher, KY",56.55
"Lewis, KY",61.91
"Lincoln, KY",60.44
"Livingston, KY",69.0
"Logan, KY",65.97
"Lyon, KY",68.35
"McCracken, KY",71.84
"McCreary, KY",51.89
"McLean, KY",64.75
"Madison, KY",69.0
"Magoffin, KY",52.48
"Marion, KY",65.89
"Marshall, KY",71.61
"Martin, KY",51.27
"Mason, KY",63.02
"Meade, KY",67.09
"Menifee, KY",62.01
"Mercer, KY",66.82
"Metcalfe, KY",59.34
"Monroe, KY",61.37
"Montgomery, KY",60.33
"Morgan, KY",62.06
"Muhlenberg, KY",61.79
"Nelson, KY",66.89
"Nicholas, KY",63.04
"Ohio, KY",63.54
"Oldham, KY",74.93
"Owen, KY",63.89
"Owsley, KY",54.75
"Pendleton, KY",66.4
"Perry, KY",59.48
"Pike, KY",57.34
"Powell, KY",59.02
"Pulaski, KY",65.51
"Robertson, KY",60.86
"Rockcastle, KY",55.52
"Rowan, KY",67.19
"Russell, KY",63.81
"Scott, KY",69.74
"Shelby, KY",68.71
"Simpson, KY",65.72
"Spencer, KY",67.22
"Taylor, KY",64.39
"Todd, KY",60.5
"Trigg, KY",68.11
"Trimble, KY",65.99
"Union, KY",68.94
"Warren, KY",70.4
"Washington, KY",64.55
"Wayne, KY",58.51
"Webster, KY",64.85
"Whitley, KY",61.33
"Wolfe, KY",51.91
"Woodford, KY",71.42
"Acadia, LA",66.78
"Allen, LA",61.66
"Ascension, LA",69.59
"Assumption, LA",62.5
"Avoyelles, LA",58.55
"Beauregard, LA",66.75
"Bienville, LA",63.88
"Bossier, LA",73.83
"Caddo, LA",69.91
"Calcasieu, LA",66.33
"Caldwell, LA",68.47
"Cameron, LA",66.2
"Catahoula, LA",61.44
"Claiborne, LA",63.04
"Concordia, LA",61.22
"De Soto, LA",66.61
"East Baton Rouge, LA",70.36
"East Carroll, LA",49.15
"East Feliciana, LA",68.31
"Evangeline, LA",60.38
"Franklin, LA",59.44
"Grant, LA",64.27
"Iberia, LA",66.07
"Iberville, LA",61.37
"Jackson, LA",67.27
"Jefferson, LA",68.3
"Jefferson Davis, LA",63.16
"Lafayette, LA",72.22
"Lafourche, LA",63.11
"La Salle, LA",62.94
"Lincoln, LA",69.64
"Livingston, LA",64.94
"Madison, LA",58.74
"Morehouse, LA",57.8
"Natchitoches, LA",63.26
"Orleans, LA",69.09
"Ouachita, LA",66.75
"Plaquemines, LA",65.48
"Pointe Coupee, LA",63.03
"Rapides, LA",67.06
"Red River, LA",60.03
"Richland, LA",63.98
"Sabine, LA",68.25
"St. Bernard, LA",66.04
"St. Charles, LA",69.82
"St. Helena, LA",62.97
"St. James, LA",63.78
"St. John the Baptist, LA",65.2
"St. Landry, LA",62.65
"St. Martin, LA",62.09
"St. Mary, LA",62.64
"St. Tammany, LA",75.16
"Tangipahoa, LA",67.82
"Tensas, LA",59.06
"Terrebonne, LA",63.82
"Union, LA",63.82
"Vermilion, LA",64.19
"Vernon, LA",67.77
"Washington, LA",63.17
"Webster, LA",64.42
"West Baton Rouge, LA",72.25
"West Carroll, LA",61.31
"West Feliciana, LA",61.55
"Winn, LA",58.42
"Androscoggin, ME",74.35
"Aroostook, ME",74.27
"Cumberland, ME",83.45
"Franklin, ME",78.39
"Hancock, ME",80.74
"Kennebec, ME",77.62
"Knox, ME",81.58
"Lincoln, ME",82.1
"Oxford, ME",77.28
"Penobscot, ME",76.07
"Piscataquis, ME",77.68
"Sagadahoc, ME",78.49
"Somerset, ME",74.43
"Waldo, ME",79.51
"Washington, ME",75.24
"York, ME",79.22
"Allegany, MD",69.63
"Anne Arundel, MD",77.36
"Baltimore, MD",73.76
"Calvert, MD",76.69
"Caroline, MD",69.49
"Carroll, MD",77.92
"Cecil, MD",72.57
"Charles, MD",73.69
"Dorchester, MD",67.8
"Frederick, MD",78.28
"Garrett, MD",68.8
"Harford, MD",73.83
"Howard, MD",82.61
"Kent, MD",73.62
"Montgomery, MD",81.67
"Prince Georges, MD",72.03
"Queen Annes, MD",76.54
"St. Marys, MD",74.19
"Somerset, MD",67.36
"Talbot, MD",78.05
"Washington, MD",71.13
"Wicomico, MD",73.01
"Worcester, MD",76.17
"Baltimore City, MD",67.84
"Barnstable, MA",83.16
"Berkshire, MA",76.44
"Bristol, MA",69.05
"Dukes, MA",80.84
"Essex, MA",74.07
"Franklin, MA",81.29
"Hampden, MA",69.25
"Hampshire, MA",81.71
"Middlesex, MA",77.63
"Nantucket, MA",79.49
"Norfolk, MA",78.95
"Plymouth, MA",76.91
"Suffolk, MA",72.74
"Worcester, MA",73.04
"Alcona, MI",71.17
"Alger, MI",75.66
"Allegan, MI",78.31
"Alpena, MI",75.16
"Antrim, MI",75.73
"Arenac, MI",70.49
"Baraga, MI",72.3
"Barry, MI",78.98
"Bay, MI",74.95
"Benzie, MI",75.52
"Berrien, MI",72.92
"Branch, MI",73.36
"Calhoun, MI",75.88
"Cass, MI",72.1
"Charlevoix, MI",76.52
"Cheboygan, MI",75.33
"Chippewa, MI",75.88
"Clare, MI",70.88
"Clinton, MI",76.54
"Crawford, MI",73.37
"Delta, MI",77.27
"Dickinson, MI",76.61
"Eaton, MI",78.07
"Emmet, MI",79.52
"Genesee, MI",71.09
"Gladwin, MI",71.78
"Gogebic, MI",78.14
"Grand Traverse, MI",80.03
"Gratiot, MI",73.76
"Hillsdale, MI",73.57
"Houghton, MI",75.35
"Huron, MI",72.59
"Ingham, MI",75.72
"Ionia, MI",76.08
"Iosco, MI",70.93
"Iron, MI",76.39
"Isabella, MI",76.43
"Jackson, MI",74.78
"Kalamazoo, MI",77.92
"Kalkaska, MI",74.76
"Kent, MI",78.5
"Keweenaw, MI",74.12
"Lake, MI",70.45
"Lapeer, MI",75.76
"Leelanau, MI",79.59
"Lenawee, MI",74.7
"Livingston, MI",82.14
"Luce, MI",73.1
"Mackinac, MI",74.96
"Macomb, MI",74.49
"Manistee, MI",74.77
"Marquette, MI",77.68
"Mason, MI",76.46
"Mecosta, MI",75.38
"Menominee, MI",76.87
"Midland, MI",78.75
"Missaukee, MI",72.49
"Monroe, MI",72.84
"Montcalm, MI",73.42
"Montmorency, MI",71.63
"Muskegon, MI",71.23
"Newaygo, MI",74.19
"Oakland, MI",79.92
"Oceana, MI",73.4
"Ogemaw, MI",68.65
"Ontonagon, MI",78.05
"Osceola, MI",74.07
"Oscoda, MI",68.79
"Otsego, MI",75.53
"Ottawa, MI",77.81
"Presque Isle, MI",75.07
"Roscommon, MI",70.52
"Saginaw, MI",69.11
"St. Clair, MI",74.68
"St. Joseph, MI",74.67
"Sanilac, MI",72.51
"Schoolcraft, MI",73.63
"Shiawassee, MI",75.26
"Tuscola, MI",71.48
"Van Buren, MI",73.47
"Washtenaw, MI",81.7
"Wayne, MI",70.63
"Wexford, MI",73.11
"Aitkin, MN",80.35
"Anoka, MN",81.59
"Becker, MN",77.03
"Beltrami, MN",79.13
"Benton, MN",81.65
"Big Stone, MN",76.27
"Blue Earth, MN",81.33
"Brown, MN",79.79
"Carlton, MN",81.3
"Carver, MN",83.86
"Cass, MN",81.2
"Chippewa, MN",77.99
"Chisago, MN",80.39
"Clay, MN",77.36
"Clearwater, MN",73.95
"Cook, MN",77.35
"Cottonwood, MN",77.45
"Crow Wing, MN",81.89
"Dakota, MN",83.25
"Dodge, MN",81.44
"Douglas, MN",81.27
"Faribault, MN",75.96
"Fillmore, MN",80.81
"Freeborn, MN",76.53
"Goodhue, MN",82.04
"Grant, MN",76.23
"Hennepin, MN",84.13
"Houston, MN",80.8
"Hubbard, MN",80.97
"Isanti, MN",80.63
"Itasca, MN",83.42
"Jackson, MN",78.34
"Kanabec, MN",77.56
"Kandiyohi, MN",78.84
"Kittson, MN",76.42
"Koochiching, MN",79.78
"Lac qui Parle, MN",78.09
"Lake, MN",80.86
"Lake of the Woods, MN",78.2
"Le Sueur, MN",80.04
"Lincoln, MN",77.88
"Lyon, MN",78.15
"McLeod, MN",79.72
"Mahnomen, MN",73.24
"Marshall, MN",74.9
"Martin, MN",75.74
"Meeker, MN",77.91
"Mille Lacs, MN",79.94
"Morrison, MN",79.28
"Mower, MN",78.8
"Murray, MN",78.25
"Nicollet, MN",82.89
"Nobles, MN",75.83
"Norman, MN",74.77
"Olmsted, MN",84.74
"Otter Tail, MN",76.44
"Pennington, MN",77.09
"Pine, MN",77.56
"Pipestone, MN",76.71
"Polk, MN",75.85
"Pope, MN",80.47
"Ramsey, MN",82.19
"Red Lake, MN",74.87
"Redwood, MN",79.23
"Renville, MN",78.0
"Rice, MN",80.83
"Rock, MN",77.5
"Roseau, MN",76.56
"St. Louis, MN",82.58
"Scott, MN",83.03
"Sherburne, MN",82.85
"Sibley, MN",78.7
"Stearns, MN",83.03
"Steele, MN",78.88
"Stevens, MN",78.81
"Swift, MN",76.27
"Todd, MN",78.39
"Traverse, MN",75.17
"Wabasha, MN",81.62
"Wadena, MN",76.37
"Waseca, MN",79.56
"Washington, MN",83.08
"Watonwan, MN",74.59
"Wilkin, MN",74.42
"Winona, MN",81.68
"Wright, MN",83.75
"Yellow Medicine, MN",78.74
"Adams, MS",62.29
"Alcorn, MS",64.26
"Amite, MS",64.82
"Attala, MS",60.42
"Benton, MS",59.23
"Bolivar, MS",61.51
"Calhoun, MS",60.21
"Carroll, MS",65.21
"Chickasaw, MS",61.91
"Choctaw, MS",64.0
"Claiborne, MS",65.37
"Clarke, MS",63.68
"Clay, MS",66.64
"Coahoma, MS",63.69
"Copiah, MS",63.79
"Covington, MS",62.74
"DeSoto, MS",67.52
"Forrest, MS",67.11
"Franklin, MS",63.24
"George, MS",66.26
"Greene, MS",60.85
"Grenada, MS",61.61
"Hancock, MS",70.76
"Harrison, MS",69.73
"Hinds, MS",67.65
"Holmes, MS",59.65
"Humphreys, MS",55.34
"Issaquena, MS",51.29
"Itawamba, MS",67.5
"Jackson, MS",66.67
"Jasper, MS",63.65
"Jefferson, MS",58.81
"Jefferson Davis, MS",61.62
"Jones, MS",65.12
"Kemper, MS",59.45
"Lafayette, MS",69.87
"Lamar, MS",69.88
"Lauderdale, MS",68.51
"Lawrence, MS",65.21
"Leake, MS",61.2
"Lee, MS",67.89
"Leflore, MS",58.21
"Lincoln, MS",66.53
"Lowndes, MS",67.79
"Madison, MS",71.49
"Marion, MS",63.58
"Marshall, MS",59.54
"Monroe, MS",64.51
"Montgomery, MS",59.16
"Neshoba, MS",64.8
"Newton, MS",67.62
"Noxubee, MS",56.01
"Oktibbeha, MS",68.74
"Panola, MS",64.17
"Pearl River, MS",68.0
"Perry, MS",66.58
"Pike, MS",62.56
"Pontotoc, MS",63.55
"Prentiss, MS",65.62
"Quitman, MS",58.36
"Rankin, MS",72.29
"Scott, MS",58.34
"Sharkey, MS",59.19
"Simpson, MS",64.53
"Smith, MS",66.21
"Stone, MS",65.94
"Sunflower, MS",62.26
"Tallahatchie, MS",61.84
"Tate, MS",65.48
"Tippah, MS",61.67
"Tishomingo, MS",65.93
"Tunica, MS",58.4
"Union, MS",65.37
"Walthall, MS",61.35
"Warren, MS",63.26
"Washington, MS",62.96
"Wayne, MS",61.99
"Webster, MS",65.52
"Wilkinson, MS",55.84
"Winston, MS",61.97
"Yalobusha, MS",66.25
"Yazoo, MS",60.31
"Adair, MO",74.06
"Andrew, MO",73.96
"Atchison, MO",71.74
"Audrain, MO",73.0
"Barry, MO",70.23
"Barton, MO",72.94
"Bates, MO",68.88
"Benton, MO",69.68
"Bollinger, MO",69.72
"Boone, MO",78.93
"Buchanan, MO",69.32
"Butler, MO",63.41
"Caldwell, MO",67.26
"Callaway, MO",74.53
"Camden, MO",75.66
"Cape Girardeau, MO",73.68
"Carroll, MO",71.78
"Carter, MO",67.85
"Cass, MO",74.74
"Cedar, MO",72.78
"Chariton, MO",73.73
"Christian, MO",74.64
"Clark, MO",72.06
"Clay, MO",71.41
"Clinton, MO",70.51
"Cole, MO",76.9
"Cooper, MO",73.15
"Crawford, MO",69.04
"Dade, MO",73.88
"Dallas, MO",69.85
"Daviess, MO",69.7
"DeKalb, MO",67.91
"Dent, MO",67.41
"Douglas, MO",67.83
"Dunklin, MO",58.57
"Franklin, MO",73.61
"Gasconade, MO",73.38
"Gentry, MO",71.72
"Greene, MO",75.6
"Grundy, MO",70.19
"Harrison, MO",72.04
"Henry, MO",70.4
"Hickory, MO",70.3
"Holt, MO",72.27
"Howard, MO",75.8
"Howell, MO",71.05
"Iron, MO",67.05
"Jackson, MO",70.52
"Jasper, MO",71.95
"Jefferson, MO",69.34
"Johnson, MO",74.28
"Knox, MO",73.04
"Laclede, MO",68.51
"Lafayette, MO",71.04
"Lawrence, MO",73.37
"Lewis, MO",69.6
"Lincoln, MO",72.0
"Linn, MO",73.49
"Livingston, MO",71.94
"McDonald, MO",66.78
"Macon, MO",70.98
"Madison, MO",67.18
"Maries, MO",72.67
"Marion, MO",69.83
"Mercer, MO",73.75
"Miller, MO",73.82
"Mississippi, MO",56.1
"Moniteau, MO",72.29
"Monroe, MO",73.35
"Montgomery, MO",70.44
"Morgan, MO",68.87
"New Madrid, MO",58.67
"Newton, MO",73.39
"Nodaway, MO",73.78
"Oregon, MO",69.3
"Osage, MO",76.25
"Ozark, MO",68.11
"Pemiscot, MO",55.47
"Perry, MO",71.23
"Pettis, MO",68.21
"Phelps, MO",72.82
"Pike, MO",71.26
"Platte, MO",74.85
"Polk, MO",71.84
"Pulaski, MO",73.62
"Putnam, MO",73.89
"Ralls, MO",73.72
"Randolph, MO",72.09
"Ray, MO",68.99
"Reynolds, MO",66.72
"Ripley, MO",62.31
"St. Charles, MO",77.27
"St. Clair, MO",70.88
"St. Genevieve, MO",69.9
"St. Francois, MO",68.9
"St. Louis, MO",75.2
"Saline, MO",70.49
"Schuyler, MO",75.23
"Scotland, MO",70.99
"Scott, MO",62.58
"Shannon, MO",67.83
"Shelby, MO",73.52
"Stoddard, MO",63.22
"Stone, MO",73.17
"Sullivan, MO",68.7
"Taney, MO",70.11
"Texas, MO",68.02
"Vernon, MO",70.49
"Warren, MO",72.55
"Washington, MO",63.65
"Wayne, MO",62.75
"Webster, MO",71.55
"Worth, MO",73.02
"Wright, MO",66.84
"St. Louis City, MO",68.91
"Beaverhead, MT",78.57
"Big Horn, MT",70.58
"Blaine, MT",69.53
"Broadwater, MT",78.88
"Carbon, MT",80.21
"Carter, MT",77.58
"Cascade, MT",77.17
"Chouteau, MT",76.66
"Custer, MT",76.78
"Daniels, MT",78.6
"Dawson, MT",74.73
"Deer Lodge, MT",76.09
"Fallon, MT",77.61
"Fergus, MT",77.78
"Flathead, MT",81.51
"Gallatin County and Yellowstone National Park, MT",83.83
"Garfield, MT",77.4
"Glacier, MT",67.44
"Golden Valley, MT",76.81
"Granite, MT",79.66
"Hill, MT",73.89
"Jefferson, MT",80.83
"Judith Basin, MT",79.6
"Lake, MT",78.78
"Lewis and Clark, MT",80.44
"Liberty, MT",68.89
"Lincoln, MT",77.88
"McCone, MT",78.41
"Madison, MT",79.94
"Meagher, MT",73.52
"Mineral, MT",75.7
"Missoula, MT",82.27
"Musselshell, MT",76.85
"Park, MT",78.51
"Petroleum, MT",77.81
"Phillips, MT",76.34
"Pondera, MT",75.15
"Powder River, MT",78.44
"Powell, MT",79.23
"Prairie, MT",74.48
"Ravalli, MT",80.22
"Richland, MT",73.36
"Roosevelt, MT",69.85
"Rosebud, MT",72.65
"Sanders, MT",75.78
"Sheridan, MT",73.66
"Silver Bow, MT",73.37
"Stillwater, MT",78.67
"Sweet Grass, MT",77.15
"Teton, MT",76.66
"Toole, MT",73.12
"Treasure, MT",75.62
"Valley, MT",75.65
"Wheatland, MT",75.03
"Wibaux, MT",71.87
"Yellowstone, MT",78.34
"Adams, NE",77.51
"Antelope, NE",78.42
"Arthur, NE",79.17
"Banner, NE",79.32
"Blaine, NE",77.41
"Boone, NE",79.16
"Box Butte, NE",77.32
"Boyd, NE",76.44
"Brown, NE",75.85
"Buffalo, NE",76.83
"Burt, NE",77.21
"Butler, NE",76.21
"Cass, NE",77.52
"Cedar, NE",80.01
"Chase, NE",75.98
"Cherry, NE",78.86
"Cheyenne, NE",80.38
"Clay, NE",77.56
"Colfax, NE",65.71
"Cuming, NE",74.81
"Custer, NE",78.03
"Dakota, NE",67.86
"Dawes, NE",81.62
"Dawson, NE",70.93
"Deuel, NE",78.83
"Dixon, NE",77.59
"Dodge, NE",74.21
"Douglas, NE",76.06
"Dundy, NE",75.85
"Fillmore, NE",78.44
"Franklin, NE",74.12
"Frontier, NE",78.91
"Furnas, NE",76.24
"Gage, NE",74.27
"Garden, NE",78.71
"Garfield, NE",77.33
"Gosper, NE",78.71
"Grant, NE",81.57
"Greeley, NE",76.91
"Hall, NE",71.13
"Hamilton, NE",78.84
"Harlan, NE",75.46
"Hayes, NE",74.7
"Hitchcock, NE",76.73
"Holt, NE",75.33
"Hooker, NE",78.97
"Howard, NE",75.63
"Jefferson, NE",76.67
"Johnson, NE",72.77
"Kearney, NE",78.52
"Keith, NE",75.99
"Keya Paha, NE",75.92
"Kimball, NE",76.48
"Knox, NE",78.33
"Lancaster, NE",79.55
"Lincoln, NE",74.84
"Logan, NE",79.84
"Loup, NE",79.34
"McPherson, NE",75.14
"Madison, NE",76.91
"Merrick, NE",75.09
"Morrill, NE",75.81
"Nance, NE",74.15
"Nemaha, NE",74.33
"Nuckolls, NE",77.47
"Otoe, NE",73.09
"Pawnee, NE",75.74
"Perkins, NE",76.28
"Phelps, NE",73.73
"Pierce, NE",77.88
"Platte, NE",76.22
"Polk, NE",77.99
"Red Willow, NE",77.38
"Richardson, NE",72.34
"Rock, NE",75.77
"Saline, NE",75.3
"Sarpy, NE",78.47
"Saunders, NE",76.32
"Scotts Bluff, NE",72.86
"Seward, NE",80.97
"Sheridan, NE",80.56
"Sherman, NE",75.98
"Sioux, NE",80.34
"Stanton, NE",78.19
"Thayer, NE",75.83
"Thomas, NE",78.56
"Thurston, NE",70.93
"Valley, NE",78.05
"Washington, NE",77.38
"Wayne, NE",78.37
"Webster, NE",74.87
"Wheeler, NE",81.08
"York, NE",76.8
"Churchill, NV",76.38
"Clark, NV",70.9
"Douglas, NV",81.62
"Elko, NV",70.03
"Esmeralda, NV",73.02
"Eureka, NV",73.82
"Humboldt, NV",73.1
"Lander, NV",65.35
"Lincoln, NV",74.41
"Lyon, NV",76.57
"Mineral, NV",72.3
"Nye, NV",68.13
"Pershing, NV",71.76
"Storey, NV",78.66
"Washoe, NV",79.11
"White Pine, NV",73.35
"Carson City, NV",77.53
"Belknap, NH",79.63
"Carroll, NH",79.94
"Cheshire, NH",78.82
"Coos, NH",73.64
"Grafton, NH",80.72
"Hillsborough, NH",76.39
"Merrimack, NH",79.49
"Rockingham, NH",79.2
"Strafford, NH",75.51
"Sullivan, NH",77.68
"Atlantic, NJ",69.89
"Bergen, NJ",76.26
"Burlington, NJ",75.02
"Camden, NJ",68.86
"Cape May, NJ",76.24
"Cumberland, NJ",62.02
"Essex, NJ",68.52
"Gloucester, NJ",71.78
"Hudson, NJ",63.24
"Hunterdon, NJ",80.66
"Mercer, NJ",72.9
"Middlesex, NJ",72.08
"Monmouth, NJ",75.98
"Morris, NJ",75.23
"Ocean, NJ",72.28
"Passaic, NJ",63.74
"Salem, NJ",67.78
"Somerset, NJ",78.31
"Sussex, NJ",74.1
"Union, NJ",71.12
"Warren, NJ",71.97
"Bernalillo, NM",78.3
"Catron, NM",75.24
"Chaves, NM",69.41
"Cibola, NM",72.85
"Colfax, NM",72.51
"Curry, NM",67.69
"De Baca, NM",70.5
"Dona Ana, NM",72.19
"Eddy, NM",70.45
"Grant, NM",72.16
"Guadalupe, NM",71.82
"Harding, NM",73.19
"Hidalgo, NM",66.63
"Lea, NM",64.21
"Lincoln, NM",74.9
"Los Alamos, NM",85.15
"Luna, NM",63.75
"McKinley, NM",71.76
"Mora, NM",73.2
"Otero, NM",72.32
"Quay, NM",69.29
"Rio Arriba, NM",73.12
"Roosevelt, NM",66.9
"Sandoval, NM",78.42
"San Juan, NM",74.08
"San Miguel, NM",72.55
"Santa Fe, NM",80.14
"Sierra, NM",72.0
"Socorro, NM",72.87
"Taos, NM",78.62
"Torrance, NM",72.56
"Union, NM",72.5
"Valencia, NM",73.28
"Albany, NY",75.79
"Allegany, NY",76.67
"Bronx, NY",61.59
"Broome, NY",77.61
"Cattaraugus, NY",75.81
"Cayuga, NY",73.89
"Chautauqua, NY",73.37
"Chemung, NY",73.61
"Chenango, NY",73.26
"Clinton, NY",78.09
"Columbia, NY",77.08
"Cortland, NY",75.77
"Delaware, NY",74.66
"Dutchess, NY",76.0
"Erie, NY",74.41
"Essex, NY",77.98
"Franklin, NY",74.87
"Fulton, NY",71.94
"Genesee, NY",76.41
"Greene, NY",72.51
"Hamilton, NY",76.59
"Herkimer, NY",73.49
"Jefferson, NY",75.09
"Kings, NY",67.11
"Lewis, NY",70.95
"Livingston, NY",76.74
"Madison, NY",74.01
"Monroe, NY",76.48
"Montgomery, NY",72.3
"Nassau, NY",75.22
"New York, NY",77.62
"Niagara, NY",73.05
"Oneida, NY",70.99
"Onondaga, NY",75.85
"Ontario, NY",79.39
"Orange, NY",70.61
"Orleans, NY",73.26
"Oswego, NY",72.04
"Otsego, NY",76.47
"Putnam, NY",73.01
"Queens, NY",69.26
"Rensselaer, NY",76.4
"Richmond, NY",72.44
"Rockland, NY",71.44
"St. Lawrence, NY",73.35
"Saratoga, NY",78.63
"Schenectady, NY",77.62
"Schoharie, NY",74.08
"Schuyler, NY",75.35
"Seneca, NY",72.61
"Steuben, NY",74.24
"Suffolk, NY",72.67
"Sullivan, NY",69.8
"Tioga, NY",75.76
"Tompkins, NY",80.55
"Ulster, NY",75.97
"Warren, NY",75.42
"Washington, NY",77.1
"Wayne, NY",75.12
"Westchester, NY",74.83
"Wyoming, NY",77.05
"Yates, NY",72.42
"Alamance, NC",70.78
"Alexander, NC",68.6
"Alleghany, NC",65.72
"Anson, NC",64.36
"Ashe, NC",70.15
"Avery, NC",75.66
"Beaufort, NC",72.06
"Bertie, NC",66.05
"Bladen, NC",68.18
"Brunswick, NC",77.88
"Buncombe, NC",78.03
"Burke, NC",69.77
"Cabarrus, NC",72.82
"Caldwell, NC",70.26
"Camden, NC",74.05
"Carteret, NC",72.78
"Caswell, NC",69.61
"Catawba, NC",74.1
"Chatham, NC",76.03
"Cherokee, NC",73.47
"Chowan, NC",67.03
"Clay, NC",73.51
"Cleveland, NC",68.69
"Columbus, NC",67.23
"Craven, NC",73.46
"Cumberland, NC",72.58
"Currituck, NC",75.21
"Dare, NC",78.22
"Davidson, NC",69.3
"Davie, NC",73.75
"Duplin, NC",64.97
"Durham, NC",76.38
"Edgecombe, NC",63.88
"Forsyth, NC",74.7
"Franklin, NC",70.67
"Gaston, NC",69.61
"Gates, NC",66.39
"Graham, NC",70.14
"Granville, NC",70.15
"Greene, NC",63.33
"Guilford, NC",75.05
"Halifax, NC",66.07
"Harnett, NC",69.7
"Haywood, NC",75.53
"Henderson, NC",80.1
"Hertford, NC",61.68
"Hoke, NC",68.83
"Hyde, NC",66.28
"Iredell, NC",72.71
"Jackson, NC",74.83
"Johnston, NC",69.52
"Jones, NC",64.94
"Lee, NC",71.53
"Lenoir, NC",65.88
"Lincoln, NC",70.68
"McDowell, NC",68.7
"Macon, NC",76.21
"Madison, NC",72.94
"Martin, NC",69.17
"Mecklenburg, NC",77.96
"Mitchell, NC",70.04
"Montgomery, NC",63.64
"Moore, NC",76.5
"Nash, NC",69.97
"New Hanover, NC",80.47
"Northampton, NC",65.22
"Onslow, NC",73.38
"Orange, NC",82.64
"Pamlico, NC",74.04
"Pasquotank, NC",69.02
"Pender, NC",75.02
"Perquimans, NC",68.55
"Person, NC",72.83
"Pitt, NC",71.09
"Polk, NC",75.86
"Randolph, NC",69.82
"Richmond, NC",64.67
"Robeson, NC",60.91
"Rockingham, NC",66.85
"Rowan, NC",68.43
"Rutherford, NC",69.76
"Sampson, NC",68.5
"Scotland, NC",67.45
"Stanly, NC",69.67
"Stokes, NC",70.79
"Surry, NC",67.96
"Swain, NC",71.1
"Transylvania, NC",79.02
"Tyrrell, NC",63.84
"Union, NC",74.28
"Vance, NC",63.9
"Wake, NC",79.57
"Warren, NC",67.19
"Washington, NC",66.7
"Watauga, NC",79.94
"Wayne, NC",68.14
"Wilkes, NC",66.86
"Wilson, NC",65.16
"Yadkin, NC",68.79
"Yancey, NC",75.04
"Adams, ND",75.69
"Barnes, ND",77.97
"Benson, ND",70.27
"Billings, ND",77.62
"Bottineau, ND",77.89
"Bowman, ND",77.05
"Burke, ND",77.32
"Burleigh, ND",79.31
"Cass, ND",79.44
"Cavalier, ND",75.63
"Dickey, ND",75.29
"Divide, ND",77.57
"Dunn, ND",74.6
"Eddy, ND",74.48
"Emmons, ND",70.55
"Foster, ND",77.11
"Golden Valley, ND",78.91
"Grand Forks, ND",78.53
"Grant, ND",73.4
"Griggs, ND",75.64
"Hettinger, ND",74.82
"Kidder, ND",73.6
"LaMoure, ND",76.78
"Logan, ND",68.01
"McHenry, ND",76.33
"McIntosh, ND",68.78
"McKenzie, ND",75.49
"McLean, ND",73.92
"Mercer, ND",75.45
"Morton, ND",73.02
"Mountrail, ND",72.71
"Nelson, ND",76.79
"Oliver, ND",74.5
"Pembina, ND",75.78
"Pierce, ND",75.09
"Ramsey, ND",74.89
"Ransom, ND",77.34
"Renville, ND",78.31
"Richland, ND",75.1
"Rolette, ND",71.65
"Sargent, ND",75.71
"Sheridan, ND",71.34
"Sioux, ND",66.88
"Slope, ND",79.33
"Stark, ND",78.07
"Steele, ND",78.47
"Stutsman, ND",76.75
"Towner, ND",76.01
"Traill, ND",77.76
"Walsh, ND",73.25
"Ward, ND",74.52
"Wells, ND",74.32
"Williams, ND",75.62
"Adams, OH",63.51
"Allen, OH",69.57
"Ashland, OH",72.91
"Ashtabula, OH",71.74
"Athens, OH",73.31
"Auglaize, OH",72.75
"Belmont, OH",72.35
"Brown, OH",66.2
"Butler, OH",70.87
"Carroll, OH",68.72
"Champaign, OH",72.27
"Clark, OH",72.42
"Clermont, OH",74.31
"Clinton, OH",72.38
"Columbiana, OH",69.42
"Coshocton, OH",71.06
"Crawford, OH",71.22
"Cuyahoga, OH",73.15
"Darke, OH",70.2
"Defiance, OH",72.66
"Delaware, OH",80.99
"Erie, OH",68.47
"Fairfield, OH",72.4
"Fayette, OH",67.15
"Franklin, OH",72.78
"Fulton, OH",74.97
"Gallia, OH",63.67
"Geauga, OH",77.4
"Greene, OH",76.31
"Guernsey, OH",71.13
"Hamilton, OH",73.38
"Hancock, OH",74.66
"Hardin, OH",68.72
"Harrison, OH",70.11
"Henry, OH",72.26
"Highland, OH",65.74
"Hocking, OH",69.34
"Holmes, OH",57.42
"Huron, OH",69.97
"Jackson, OH",60.33
"Jefferson, OH",67.71
"Knox, OH",74.3
"Lake, OH",76.41
"Lawrence, OH",63.23
"Licking, OH",73.95
"Logan, OH",69.82
"Lorain, OH",70.29
"Lucas, OH",69.62
"Madison, OH",69.95
"Mahoning, OH",69.92
"Marion, OH",67.61
"Medina, OH",77.63
"Meigs, OH",68.55
"Mercer, OH",72.35
"Miami, OH",71.17
"Monroe, OH",70.4
"Montgomery, OH",70.9
"Morgan, OH",71.4
"Morrow, OH",70.93
"Muskingum, OH",69.32
"Noble, OH",71.1
"Ottawa, OH",72.59
"Paulding, OH",70.79
"Perry, OH",67.24
"Pickaway, OH",66.12
"Pike, OH",60.36
"Portage, OH",72.81
"Preble, OH",72.04
"Putnam, OH",74.81
"Richland, OH",70.07
"Ross, OH",64.17
"Sandusky, OH",70.09
"Scioto, OH",63.01
"Seneca, OH",71.67
"Shelby, OH",69.62
"Stark, OH",72.65
"Summit, OH",73.58
"Trumbull, OH",71.52
"Tuscarawas, OH",71.65
"Union, OH",74.82
"Van Wert, OH",74.69
"Vinton, OH",63.27
"Warren, OH",77.27
"Washington, OH",76.34
"Wayne, OH",73.44
"Williams, OH",75.16
"Wood, OH",74.86
"Wyandot, OH",69.59
"Adair, OK",59.65
"Alfalfa, OK",70.91
"Atoka, OK",67.96
"Beaver, OK",73.92
"Beckham, OK",69.92
"Blaine, OK",69.8
"Bryan, OK",65.54
"Caddo, OK",68.4
"Canadian, OK",74.05
"Carter, OK",67.6
"Cherokee, OK",65.58
"Choctaw, OK",64.55
"Cimarron, OK",70.76
"Cleveland, OK",71.98
"Coal, OK",66.57
"Comanche, OK",68.83
"Cotton, OK",68.49
"Craig, OK",64.64
"Creek, OK",66.87
"Custer, OK",71.85
"Delaware, OK",64.58
"Dewey, OK",71.95
"Ellis, OK",73.52
"Garfield, OK",67.87
"Garvin, OK",65.57
"Grady, OK",71.36
"Grant, OK",73.46
"Greer, OK",66.4
"Harmon, OK",62.72
"Harper, OK",71.82
"Haskell, OK",63.59
"Hughes, OK",65.62
"Jackson, OK",70.32
"Jefferson, OK",67.34
"Johnston, OK",66.08
"Kay, OK",68.81
"Kingfisher, OK",70.09
"Kiowa, OK",69.43
"Latimer, OK",68.3
"Le Flore, OK",64.93
"Lincoln, OK",67.9
"Logan, OK",68.99
"Love, OK",68.69
"McClain, OK",70.91
"McCurtain, OK",63.78
"McIntosh, OK",62.1
"Major, OK",72.82
"Marshall, OK",64.5
"Mayes, OK",64.46
"Murray, OK",67.73
"Muskogee, OK",64.27
"Noble, OK",70.38
"Nowata, OK",67.68
"Okfuskee, OK",63.38
"Oklahoma, OK",68.79
"Okmulgee, OK",65.52
"Osage, OK",66.76
"Ottawa, OK",65.58
"Pawnee, OK",67.44
"Payne, OK",72.73
"Pittsburg, OK",64.68
"Pontotoc, OK",66.09
"Pottawatomie, OK",65.86
"Pushmataha, OK",68.26
"Roger Mills, OK",75.3
"Rogers, OK",69.5
"Seminole, OK",65.76
"Sequoyah, OK",63.57
"Stephens, OK",66.25
"Texas, OK",68.3
"Tillman, OK",63.32
"Tulsa, OK",70.9
"Wagoner, OK",67.42
"Washington, OK",70.88
"Washita, OK",71.21
"Woods, OK",73.72
"Woodward, OK",69.57
"Baker, OR",77.92
"Benton, OR",84.45
"Clackamas, OR",83.55
"Clatsop, OR",80.27
"Columbia, OR",80.59
"Coos, OR",79.3
"Crook, OR",77.21
"Curry, OR",81.69
"Deschutes, OR",83.16
"Douglas, OR",79.39
"Gilliam, OR",79.06
"Grant, OR",79.1
"Harney, OR",77.27
"Hood River, OR",80.23
"Jackson, OR",83.28
"Jefferson, OR",74.25
"Josephine, OR",80.17
"Klamath, OR",76.79
"Lake, OR",75.91
"Lane, OR",82.09
"Lincoln, OR",81.32
"Linn, OR",77.96
"Malheur, OR",73.72
"Marion, OR",78.13
"Morrow, OR",72.3
"Multnomah, OR",83.66
"Polk, OR",78.97
"Sherman, OR",79.14
"Tillamook, OR",80.79
"Umatilla, OR",74.17
"Union, OR",76.9
"Wallowa, OR",78.97
"Wasco, OR",77.68
"Washington, OR",83.73
"Wheeler, OR",76.57
"Yamhill, OR",79.49
"Adams, PA",72.7
"Allegheny, PA",73.27
"Armstrong, PA",68.66
"Beaver, PA",73.82
"Bedford, PA",70.6
"Berks, PA",74.51
"Blair, PA",72.81
"Bradford, PA",73.8
"Bucks, PA",78.6
"Butler, PA",76.82
"Cambria, PA",71.03
"Cameron, PA",73.59
"Carbon, PA",70.99
"Centre, PA",77.41
"Chester, PA",81.25
"Clarion, PA",72.35
"Clearfield, PA",71.43
"Clinton, PA",73.22
"Columbia, PA",71.83
"Crawford, PA",72.12
"Cumberland, PA",76.43
"Dauphin, PA",73.88
"Delaware, PA",76.19
"Elk, PA",75.79
"Erie, PA",71.72
"Fayette, PA",65.44
"Forest, PA",69.3
"Franklin, PA",74.35
"Fulton, PA",71.56
"Greene, PA",71.05
"Huntingdon, PA",73.16
"Indiana, PA",68.7
"Jefferson, PA",70.07
"Juniata, PA",69.11
"Lackawanna, PA",70.6
"Lancaster, PA",74.81
"Lawrence, PA",72.31
"Lebanon, PA",75.48
"Lehigh, PA",72.3
"Luzerne, PA",69.26
"Lycoming, PA",72.75
"McKean, PA",74.77
"Mercer, PA",72.58
"Mifflin, PA",67.73
"Monroe, PA",70.72
"Montgomery, PA",78.36
"Montour, PA",72.4
"Northampton, PA",74.27
"Northumberland, PA",72.05
"Perry, PA",72.5
"Philadelphia, PA",67.52
"Pike, PA",73.97
"Potter, PA",74.58
"Schuylkill, PA",68.66
"Snyder, PA",70.57
"Somerset, PA",69.64
"Sullivan, PA",72.08
"Susquehanna, PA",74.69
"Tioga, PA",72.64
"Union, PA",71.59
"Venango, PA",72.39
"Warren, PA",75.09
"Washington, PA",69.88
"Wayne, PA",71.1
"Westmoreland, PA",71.43
"Wyoming, PA",75.99
"York, PA",75.64
"Bristol, RI",78.63
"Kent, RI",74.27
"Newport, RI",78.96
"Providence, RI",70.37
"Washington, RI",79.35
"Abbeville, SC",66.12
"Aiken, SC",72.21
"Allendale, SC",58.45
"Anderson, SC",69.95
"Bamberg, SC",61.82
"Barnwell, SC",62.19
"Beaufort, SC",82.44
"Berkeley, SC",70.37
"Calhoun, SC",69.81
"Charleston, SC",76.03
"Cherokee, SC",62.65
"Chester, SC",66.97
"Chesterfield, SC",63.3
"Clarendon, SC",62.78
"Colleton, SC",63.03
"Darlington, SC",64.85
"Dillon, SC",55.87
"Dorchester, SC",72.28
"Edgefield, SC",71.21
"Fairfield, SC",62.94
"Florence, SC",67.7
"Georgetown, SC",73.73
"Greenville, SC",73.55
"Greenwood, SC",71.38
"Hampton, SC",67.07
"Horry, SC",75.6
"Jasper, SC",63.94
"Kershaw, SC",70.13
"Lancaster, SC",69.37
"Laurens, SC",67.11
"Lee, SC",58.63
"Lexington, SC",73.93
"McCormick, SC",65.83
"Marion, SC",64.08
"Marlboro, SC",57.75
"Newberry, SC",66.1
"Oconee, SC",74.6
"Orangeburg, SC",65.6
"Pickens, SC",72.82
"Richland, SC",73.82
"Saluda, SC",69.28
"Spartanburg, SC",67.48
"Sumter, SC",68.68
"Union, SC",60.97
"Williamsburg, SC",66.85
"York, SC",73.19
"Aurora, SD",74.53
"Beadle, SD",73.79
"Bennett, SD",72.96
"Bon Homme, SD",79.0
"Brookings, SD",78.85
"Brown, SD",77.29
"Brule, SD",72.66
"Buffalo, SD",61.59
"Butte, SD",76.62
"Campbell, SD",77.61
"Charles Mix, SD",73.2
"Clark, SD",75.06
"Clay, SD",80.21
"Codington, SD",74.7
"Corson, SD",72.19
"Custer, SD",78.84
"Davison, SD",75.13
"Day, SD",76.73
"Deuel, SD",76.73
"Dewey, SD",72.92
"Douglas, SD",68.96
"Edmunds, SD",75.75
"Fall River, SD",79.42
"Faulk, SD",73.76
"Grant, SD",75.01
"Gregory, SD",73.04
"Haakon, SD",77.76
"Hamlin, SD",75.34
"Hand, SD",76.43
"Hanson, SD",76.03
"Harding, SD",77.8
"Hughes, SD",82.29
"Hutchinson, SD",73.99
"Hyde, SD",75.44
"Jackson, SD",76.18
"Jerauld, SD",72.45
"Jones, SD",77.76
"Kingsbury, SD",74.98
"Lake, SD",77.38
"Lawrence, SD",79.17
"Lincoln, SD",78.89
"Lyman, SD",71.57
"McCook, SD",77.49
"McPherson, SD",69.5
"Marshall, SD",72.64
"Meade, SD",79.67
"Mellette, SD",73.66
"Miner, SD",76.05
"Minnehaha, SD",78.25
"Moody, SD",78.07
"Pennington, SD",79.3
"Perkins, SD",76.31
"Potter, SD",79.1
"Roberts, SD",72.44
"Sanborn, SD",74.68
"Shannon, SD",72.28
"Spink, SD",75.63
"Stanley, SD",79.74
"Sully, SD",81.19
"Todd, SD",71.77
"Tripp, SD",76.1
"Turner, SD",77.36
"Union, SD",79.89
"Walworth, SD",76.78
"Yankton, SD",77.7
"Ziebach, SD",66.41
"Anderson, TN",69.56
"Bedford, TN",61.25
"Benton, TN",68.26
"Bledsoe, TN",60.8
"Blount, TN",71.25
"Bradley, TN",68.41
"Campbell, TN",58.05
"Cannon, TN",67.51
"Carroll, TN",65.28
"Carter, TN",65.43
"Cheatham, TN",70.04
"Chester, TN",61.57
"Claiborne, TN",61.57
"Clay, TN",61.8
"Cocke, TN",65.29
"Coffee, TN",68.79
"Crockett, TN",61.65
"Cumberland, TN",68.02
"Davidson, TN",70.03
"Decatur, TN",65.02
"DeKalb, TN",62.23
"Dickson, TN",69.69
"Dyer, TN",64.9
"Fayette, TN",66.59
"Fentress, TN",61.07
"Franklin, TN",65.81
"Gibson, TN",61.51
"Giles, TN",64.66
"Grainger, TN",58.28
"Greene, TN",62.36
"Grundy, TN",53.42
"Hamblen, TN",64.65
"Hamilton, TN",69.64
"Hancock, TN",56.42
"Hardeman, TN",56.23
"Hardin, TN",64.22
"Hawkins, TN",64.06
"Haywood, TN",57.55
"Henderson, TN",64.86
"Henry, TN",66.77
"Hickman, TN",65.55
"Houston, TN",66.22
"Humphreys, TN",68.58
"Jackson, TN",63.1
"Jefferson, TN",64.41
"Johnson, TN",63.64
"Knox, TN",70.36
"Lake, TN",54.14
"Lauderdale, TN",58.48
"Lawrence, TN",61.9
"Lewis, TN",67.09
"Lincoln, TN",61.76
"Loudon, TN",71.59
"McMinn, TN",68.18
"McNairy, TN",62.32
"Macon, TN",62.19
"Madison, TN",64.55
"Marion, TN",61.59
"Marshall, TN",64.43
"Maury, TN",70.98
"Meigs, TN",62.71
"Monroe, TN",65.95
"Montgomery, TN",71.93
"Moore, TN",67.76
"Morgan, TN",64.19
"Obion, TN",64.67
"Overton, TN",62.94
"Perry, TN",65.91
"Pickett, TN",63.69
"Polk, TN",64.86
"Putnam, TN",68.0
"Rhea, TN",63.8
"Roane, TN",69.32
"Robertson, TN",66.51
"Rutherford, TN",71.98
"Scott, TN",60.73
"Sequatchie, TN",65.75
"Sevier, TN",69.07
"Shelby, TN",68.37
"Smith, TN",65.94
"Stewart, TN",66.2
"Sullivan, TN",67.36
"Sumner, TN",68.67
"Tipton, TN",65.63
"Trousdale, TN",61.63
"Unicoi, TN",68.04
"Union, TN",59.22
"Van Buren, TN",60.59
"Warren, TN",61.22
"Washington, TN",65.91
"Wayne, TN",64.72
"Weakley, TN",67.21
"White, TN",61.11
"Williamson, TN",80.63
"Wilson, TN",71.49
"Anderson, TX",64.01
"Andrews, TX",65.51
"Angelina, TX",66.72
"Aransas, TX",69.81
"Archer, TX",73.81
"Armstrong, TX",76.67
"Atascosa, TX",65.27
"Austin, TX",71.04
"Bailey, TX",64.46
"Bandera, TX",74.73
"Bastrop, TX",73.2
"Baylor, TX",69.53
"Bee, TX",66.89
"Bell, TX",70.7
"Bexar, TX",69.1
"Blanco, TX",76.28
"Borden, TX",74.64
"Bosque, TX",70.66
"Bowie, TX",67.93
"Brazoria, TX",71.83
"Brazos, TX",71.97
"Brewster, TX",74.46
"Briscoe, TX",70.49
"Brooks, TX",58.44
"Brown, TX",70.53
"Burleson, TX",68.18
"Burnet, TX",71.86
"Caldwell, TX",68.37
"Calhoun, TX",68.07
"Callahan, TX",73.53
"Cameron, TX",61.21
"Camp, TX",65.68
"Carson, TX",73.09
"Cass, TX",70.23
"Castro, TX",64.27
"Chambers, TX",68.03
"Cherokee, TX",65.32
"Childress, TX",67.82
"Clay, TX",75.21
"Cochran, TX",61.25
"Coke, TX",71.43
"Coleman, TX",67.03
"Collin, TX",78.42
"Collingsworth, TX",63.67
"Colorado, TX",68.49
"Comal, TX",73.07
"Comanche, TX",66.26
"Concho, TX",67.23
"Cooke, TX",71.5
"Coryell, TX",71.14
"Cottle, TX",66.51
"Crane, TX",69.81
"Crockett, TX",59.25
"Crosby, TX",64.52
"Culberson, TX",61.09
"Dallam, TX",66.99
"Dallas, TX",67.61
"Dawson, TX",61.02
"Deaf Smith, TX",63.19
"Delta, TX",70.74
"Denton, TX",75.88
"DeWitt, TX",67.96
"Dickens, TX",66.0
"Dimmit, TX",59.08
"Donley, TX",72.33
"Duval, TX",61.96
"Eastland, TX",66.05
"Ector, TX",64.28
"Edwards, TX",68.74
"Ellis, TX",71.18
"El Paso, TX",67.28
"Erath, TX",70.79
"Falls, TX",61.88
"Fannin, TX",69.0
"Fayette, TX",70.64
"Fisher, TX",70.57
"Floyd, TX",64.39
"Foard, TX",69.3
"Fort Bend, TX",76.17
"Franklin, TX",71.01
"Freestone, TX",68.1
"Frio, TX",61.03
"Gaines, TX",55.62
"Galveston, TX",70.6
"Garza, TX",56.95
"Gillespie, TX",78.03
"Glasscock, TX",67.49
"Goliad, TX",73.0
"Gonzales, TX",63.82
"Gray, TX",70.05
"Grayson, TX",68.57
"Gregg, TX",68.25
"Grimes, TX",67.42
"Guadalupe, TX",73.22
"Hale, TX",66.35
"Hall, TX",62.55
"Hamilton, TX",72.42
"Hansford, TX",68.93
"Hardeman, TX",70.1
"Hardin, TX",68.58
"Harris, TX",70.76
"Harrison, TX",70.33
"Hartley, TX",69.81
"Haskell, TX",65.35
"Hays, TX",74.37
"Hemphill, TX",73.95
"Henderson, TX",68.83
"Hidalgo, TX",60.06
"Hill, TX",68.13
"Hockley, TX",66.55
"Hood, TX",74.57
"Hopkins, TX",69.7
"Houston, TX",64.8
"Howard, TX",66.32
"Hudspeth, TX",58.69
"Hunt, TX",70.52
"Hutchinson, TX",70.34
"Irion, TX",73.3
"Jack, TX",71.33
"Jackson, TX",66.69
"Jasper, TX",64.83
"Jeff Davis, TX",74.28
"Jefferson, TX",64.07
"Jim Hogg, TX",60.1
"Jim Wells, TX",65.74
"Johnson, TX",72.48
"Jones, TX",62.29
"Karnes, TX",60.58
"Kaufman, TX",69.97
"Kendall, TX",76.93
"Kenedy, TX",66.24
"Kent, TX",75.25
"Kerr, TX",76.98
"Kimble, TX",72.46
"King, TX",75.92
"Kinney, TX",66.81
"Kleberg, TX",68.48
"Knox, TX",68.37
"Lamar, TX",66.84
"Lamb, TX",66.75
"Lampasas, TX",71.51
"La Salle, TX",57.55
"Lavaca, TX",68.29
"Lee, TX",72.22
"Leon, TX",69.04
"Liberty, TX",63.62
"Limestone, TX",63.64
"Lipscomb, TX",69.93
"Live Oak, TX",67.86
"Llano, TX",77.24
"Loving, TX",76.07
"Lubbock, TX",68.28
"Lynn, TX",64.31
"McCulloch, TX",66.66
"McLennan, TX",68.12
"McMullen, TX",69.27
"Madison, TX",68.67
"Marion, TX",64.59
"Martin, TX",65.82
"Mason, TX",74.06
"Matagorda, TX",66.79
"Maverick, TX",57.37
"Medina, TX",70.34
"Menard, TX",70.73
"Midland, TX",69.53
"Milam, TX",69.09
"Mills, TX",71.17
"Mitchell, TX",66.73
"Montague, TX",70.91
"Montgomery, TX",70.91
"Moore, TX",63.46
"Morris, TX",70.5
"Motley, TX",72.23
"Nacogdoches, TX",66.8
"Navarro, TX",66.03
"Newton, TX",62.67
"Nolan, TX",66.15
"Nueces, TX",67.51
"Ochiltree, TX",67.94
"Oldham, TX",70.1
"Orange, TX",68.97
"Palo Pinto, TX",68.7
"Panola, TX",69.0
"Parker, TX",73.62
"Parmer, TX",63.82
"Pecos, TX",65.4
"Polk, TX",63.38
"Potter, TX",64.28
"Presidio, TX",56.7
"Rains, TX",69.54
"Randall, TX",76.77
"Reagan, TX",63.17
"Real, TX",69.63
"Red River, TX",64.1
"Reeves, TX",57.52
"Refugio, TX",67.39
"Roberts, TX",78.69
"Robertson, TX",66.02
"Rockwall, TX",77.18
"Runnels, TX",67.07
"Rusk, TX",68.11
"Sabine, TX",66.95
"San Augustine, TX",60.53
"San Jacinto, TX",65.85
"San Patricio, TX",68.01
"San Saba, TX",69.46
"Schleicher, TX",68.77
"Scurry, TX",70.22
"Shackelford, TX",72.02
"Shelby, TX",63.69
"Sherman, TX",67.48
"Smith, TX",71.08
"Somervell, TX",75.09
"Starr, TX",49.88
"Stephens, TX",68.15
"Sterling, TX",68.76
"Stonewall, TX",73.94
"Sutton, TX",67.07
"Swisher, TX",68.85
"Tarrant, TX",72.16
"Taylor, TX",70.76
"Terrell, TX",70.3
"Terry, TX",60.35
"Throckmorton, TX",69.3
"Titus, TX",65.67
"Tom Green, TX",72.88
"Travis, TX",77.87
"Trinity, TX",68.44
"Tyler, TX",69.09
"Upshur, TX",70.54
"Upton, TX",65.83
"Uvalde, TX",64.9
"Val Verde, TX",62.62
"Van Zandt, TX",69.45
"Victoria, TX",71.68
"Walker, TX",69.87
"Waller, TX",68.08
"Ward, TX",64.12
"Washington, TX",71.53
"Webb, TX",59.44
"Wharton, TX",66.65
"Wheeler, TX",70.36
"Wichita, TX",69.77
"Wilbarger, TX",66.05
"Willacy, TX",55.32
"Williamson, TX",78.95
"Wilson, TX",71.5
"Winkler, TX",59.25
"Wise, TX",71.55
"Wood, TX",69.71
"Yoakum, TX",61.84
"Young, TX",68.95
"Zapata, TX",54.85
"Zavala, TX",56.99
"Beaver, UT",77.39
"Box Elder, UT",75.83
"Cache, UT",80.87
"Carbon, UT",70.57
"Daggett, UT",75.26
"Davis, UT",81.03
"Duchesne, UT",72.97
"Emery, UT",76.31
"Garfield, UT",78.52
"Grand, UT",77.94
"Iron, UT",77.97
"Juab, UT",77.03
"Kane, UT",79.16
"Millard, UT",75.95
"Morgan, UT",82.45
"Piute, UT",74.12
"Rich, UT",80.77
"Salt Lake, UT",78.27
"San Juan, UT",72.15
"Sanpete, UT",74.63
"Sevier, UT",76.24
"Summit, UT",83.7
"Tooele, UT",72.46
"Uintah, UT",72.56
"Utah, UT",79.55
"Wasatch, UT",81.34
"Washington, UT",78.04
"Wayne, UT",78.86
"Weber, UT",76.67
"Addison, VT",81.69
"Bennington, VT",80.81
"Caledonia, VT",79.54
"Chittenden, VT",83.77
"Essex, VT",73.84
"Franklin, VT",76.65
"Grand Isle, VT",81.91
"Lamoille, VT",80.28
"Orange, VT",80.1
"Orleans, VT",77.89
"Rutland, VT",78.68
"Washington, VT",81.72
"Windham, VT",82.86
"Windsor, VT",81.29
"Accomack, VA",66.29
"Albemarle, VA",81.92
Alleghany,70.86
"Amelia, VA",69.16
"Amherst, VA",70.87
"Appomattox, VA",69.65
"Arlington, VA",81.57
"Augusta, VA",75.77
"Bath, VA",73.05
"Bedford, VA",75.23
"Bland, VA",73.82
"Botetourt, VA",75.22
"Brunswick, VA",66.06
"Buchanan, VA",54.87
"Buckingham, VA",61.94
"Campbell, VA",73.75
"Caroline, VA",72.09
"Carroll, VA",66.56
"Charles City, VA",68.81
"Charlotte, VA",64.53
"Chesterfield, VA",77.33
"Clarke, VA",75.08
"Craig, VA",71.32
"Culpeper, VA",71.77
"Cumberland, VA",67.51
"Dickenson, VA",60.69
"Dinwiddie, VA",67.99
"Essex, VA",70.51
"Fairfax, VA",82.73
"Fauquier, VA",77.53
"Floyd, VA",71.79
"Fluvanna, VA",78.53
"Franklin, VA",74.55
"Frederick, VA",75.64
"Giles, VA",73.66
"Gloucester, VA",74.97
"Goochland, VA",72.62
"Grayson, VA",67.6
"Greene, VA",76.47
"Greensville, VA",61.75
"Halifax County with South Boston City, VA",65.56
"Hanover, VA",79.22
"Henrico, VA",76.18
"Henry, VA",66.45
"Highland, VA",74.2
"Isle of Wight, VA",72.58
"James City, VA",79.72
"King and Queen, VA",68.67
"King George, VA",76.58
"King William, VA",76.36
"Lancaster, VA",69.46
"Lee, VA",63.28
"Loudoun, VA",83.43
"Louisa, VA",74.17
"Lunenburg, VA",66.58
"Madison, VA",74.13
"Mathews, VA",75.28
"Mecklenburg, VA",67.9
"Middlesex, VA",72.93
"Montgomery, VA",76.53
"Nelson, VA",71.23
"New Kent, VA",76.69
"Northampton, VA",66.72
"Northumberland, VA",69.62
"Nottoway, VA",67.86
"Orange, VA",75.17
"Page, VA",67.99
"Patrick, VA",68.84
"Pittsylvania, VA",69.92
"Powhatan, VA",72.63
"Prince Edward, VA",70.51
"Prince George, VA",72.71
"Prince William, VA",77.72
"Pulaski, VA",71.33
"Rappahannock, VA",73.97
"Richmond, VA",64.09
"Roanoke, VA",78.41
"Rockbridge, VA",72.68
"Rockingham, VA",74.04
"Russell, VA",66.04
"Scott, VA",65.38
"Shenandoah, VA",72.73
"Smyth, VA",68.17
"Southampton, VA",66.72
"Spotsylvania, VA",77.32
"Stafford, VA",77.25
"Surry, VA",69.57
"Sussex, VA",59.53
"Tazewell, VA",66.84
"Warren, VA",71.97
"Washington, VA",70.25
"Westmoreland, VA",68.42
"Wise, VA",62.02
"Wythe, VA",70.25
"York, VA",80.47
"Alexandria City, VA",81.51
"Bedford City, VA",70.42
"Bristol City, VA",66.97
"Buena Vista City, VA",69.44
"Charlottesville City, VA",77.29
"Chesapeake City, VA",74.48
"Colonial Heights City, VA",75.47
"Covington City, VA",67.27
"Danville City, VA",67.06
"Emporia City, VA",63.26
"Fairfax City, VA",82.19
"Falls Church City, VA",81.94
"Franklin City, VA",64.72
"Fredericksburg City, VA",71.59
"Galax City, VA",61.3
"Hampton City, VA",70.81
"Harrisonburg City, VA",72.37
"Hopewell City, VA",66.38
"Lexington City, VA",75.22
"Lynchburg City, VA",72.36
"Manassas City, VA",72.47
"Manassas Park City, VA",71.58
"Martinsville City, VA",64.89
"Newport News City, VA",72.51
"Norfolk City, VA",72.57
"Norton City, VA",66.7
"Petersburg City, VA",62.33
"Poquoson City, VA",77.63
"Portsmouth City, VA",69.2
"Radford City, VA",75.1
"Richmond City, VA",72.09
"Roanoke City, VA",71.76
"Salem City, VA",77.56
"Staunton City, VA",72.93
"Suffolk City, VA",73.5
"Virginia Beach City, VA",79.26
"Waynesboro City, VA",72.49
"Williamsburg City, VA",78.58
"Winchester City, VA",72.87
"Adams, WA",69.14
"Asotin, WA",76.7
"Benton, WA",78.93
"Chelan, WA",78.03
"Clallam, WA",82.92
"Clark, WA",81.12
"Columbia, WA",79.09
"Cowlitz, WA",77.8
"Douglas, WA",76.65
"Ferry, WA",78.73
"Franklin, WA",73.28
"Garfield, WA",77.64
"Grant, WA",73.2
"Grays Harbor, WA",75.73
"Island, WA",86.4
"Jefferson, WA",87.26
"King, WA",84.01
"Kitsap, WA",82.62
"Kittitas, WA",83.23
"Klickitat, WA",79.1
"Lewis, WA",75.73
"Lincoln, WA",79.56
"Mason, WA",79.51
"Okanogan, WA",75.06
"Pacific, WA",77.39
"Pend Oreille, WA",78.09
"Pierce, WA",79.17
"San Juan, WA",88.57
"Skagit, WA",80.31
"Skamania, WA",81.38
"Snohomish, WA",81.39
"Spokane, WA",79.5
"Stevens, WA",76.38
"Thurston, WA",81.86
"Wahkiakum, WA",80.14
"Walla Walla, WA",80.62
"Whatcom, WA",84.36
"Whitman, WA",84.08
"Yakima, WA",71.3
"Barbour, WV",73.02
"Berkeley, WV",73.03
"Boone, WV",63.8
"Braxton, WV",69.24
"Brooke, WV",68.18
"Cabell, WV",70.15
"Calhoun, WV",64.95
"Clay, WV",67.31
"Doddridge, WV",68.11
"Fayette, WV",67.23
"Gilmer, WV",68.22
"Grant, WV",69.05
"Greenbrier, WV",73.13
"Hampshire, WV",72.06
"Hancock, WV",68.33
"Hardy, WV",71.68
"Harrison, WV",73.27
"Jackson, WV",70.13
"Jefferson, WV",75.28
"Kanawha, WV",69.25
"Lewis, WV",71.69
"Lincoln, WV",60.24
"Logan, WV",62.03
"McDowell, WV",51.93
"Marion, WV",72.09
"Marshall, WV",73.07
"Mason, WV",64.03
"Mercer, WV",70.02
"Mineral, WV",74.3
"Mingo, WV",58.43
"Monongalia, WV",76.64
"Monroe, WV",71.12
"Morgan, WV",73.85
"Nicholas, WV",70.29
"Ohio, WV",71.37
"Pendleton, WV",70.35
"Pleasants, WV",76.18
"Pocahontas, WV",72.52
"Preston, WV",72.34
"Putnam, WV",73.57
"Raleigh, WV",69.09
"Randolph, WV",71.13
"Ritchie, WV",73.17
"Roane, WV",68.51
"Summers, WV",68.33
"Taylor, WV",71.84
"Tucker, WV",73.1
"Tyler, WV",71.65
"Upshur, WV",71.88
"Wayne, WV",65.69
"Webster, WV",67.11
"Wetzel, WV",71.73
"Wirt, WV",71.69
"Wood, WV",73.2
"Wyoming, WV",60.87
"Adams, WI",73.91
"Ashland, WI",76.57
"Barron, WI",78.91
"Bayfield, WI",78.12
"Brown, WI",81.59
"Buffalo, WI",79.78
"Burnett, WI",80.14
"Calumet, WI",80.3
"Chippewa, WI",78.3
"Clark, WI",73.34
"Columbia, WI",74.55
"Crawford, WI",79.22
"Dane, WI",80.14
"Dodge, WI",75.35
"Door, WI",79.58
"Douglas, WI",78.66
"Dunn, WI",80.63
"Eau Claire, WI",81.49
"Florence, WI",74.37
"Fond du Lac, WI",79.27
"Forest, WI",73.74
"Grant, WI",77.46
"Green, WI",78.41
"Green Lake, WI",75.92
"Iowa, WI",80.33
"Iron, WI",77.77
"Jackson, WI",74.33
"Jefferson, WI",76.18
"Juneau, WI",73.59
"Kenosha, WI",77.25
"Kewaunee, WI",79.75
"La Crosse, WI",79.63
"Lafayette, WI",78.91
"Langlade, WI",75.05
"Lincoln, WI",77.41
"Manitowoc, WI",78.67
"Marathon, WI",80.6
"Marinette, WI",76.21
"Marquette, WI",74.42
"Menominee, WI",67.89
"Milwaukee, WI",72.25
"Monroe, WI",75.36
"Oconto, WI",76.81
"Oneida, WI",76.97
"Outagamie, WI",81.21
"Ozaukee, WI",84.44
"Pepin, WI",79.13
"Pierce, WI",82.34
"Polk, WI",80.24
"Portage, WI",80.18
"Price, WI",77.12
"Racine, WI",77.1
"Richland, WI",78.33
"Rock, WI",74.89
"Rusk, WI",75.91
"St. Croix, WI",81.84
"Sauk, WI",76.11
"Sawyer, WI",76.15
"Shawano, WI",76.74
"Sheboygan, WI",80.71
"Taylor, WI",75.9
"Trempealeau, WI",77.42
"Vernon, WI",76.69
"Vilas, WI",78.91
"Walworth, WI",79.46
"Washburn, WI",78.03
"Washington, WI",81.26
"Waukesha, WI",82.86
"Waupaca, WI",77.72
"Waushara, WI",77.68
"Winnebago, WI",77.03
"Wood, WI",77.7
"Albany, WY",80.44
"Big Horn, WY",75.19
"Campbell, WY",73.61
"Carbon, WY",71.54
"Converse, WY",77.52
"Crook, WY",78.46
"Fremont, WY",74.27
"Goshen, WY",75.2
"Hot Springs, WY",74.98
"Johnson, WY",80.41
"Laramie, WY",77.6
"Lincoln, WY",75.67
"Natrona, WY",76.75
"Niobrara, WY",78.31
"Park, WY",77.48
"Platte, WY",76.49
"Sheridan, WY",79.29
"Sublette, WY",79.02
"Sweetwater, WY",74.72
"Teton, WY",86.48
"Uinta, WY",76.61
"Washakie, WY",75.05
"Weston, WY",74.04
